block,timestamp,user,totalCollateral,totalDebt,healthFactor,tokenAddress,USDT_debt,WETH_collateral,LINK_collateral,USDC_debt,GUSD_debt,WETH_USD_price,USDT_USD_price,LINK_USD_price,USDC_USD_price,GUSD_USD_price,USDT_debt (in USD),WETH_collateral (in USD),LINK_collateral (in USD),USDC_debt (in USD),GUSD_debt (in USD),totalCollateral (in USD),totalDebt (in USD)
11947478,1614537604,0x2e9b1763686A1657814991e9395b9d298E9Ec321,1.0879920186553635e+18,7.470174074755e+17,1.09,0x5f98805A4E8be255a32880FDeC7F6728C6568bA0,0.0,0.0,6.14437245506229e+19,0.0,0.0,1335.519550882382,1.0047790581905371,23.985866145529748,1.0064746921765857,1.0039604750276925,0.0,0.0,1473.7809525540408,0.0,0.0,1453.0346121182272,997.6563525330012
11952478,1614603748,0x2e9b1763686A1657814991e9395b9d298E9Ec321,1.869627435405468e+18,1.254264634552695e+18,1.17,0x5f98805A4E8be255a32880FDeC7F6728C6568bA0,1000689118.0,8.000030936268364e+17,6.144374189203748e+19,911611531.0,0.0,1541.6667424242669,1.0031481189268403,26.59847063412008,0.9963958395885838,1.02029693686162,1003.839406352259,1233.3381632810206,1634.3095643658125,908.3259368093793,0.0,2882.342437888584,1933.658073288817
11957478,1614670225,0x2e9b1763686A1657814991e9395b9d298E9Ec321,1.9395533862592312e+18,1.2403797933099052e+18,1.22,0x5f98805A4E8be255a32880FDeC7F6728C6568bA0,1000896579.0,8.000066189011885e+17,6.14437784555706e+19,911695338.0,0.0,1541.3179598811248,0.9983290179767456,28.81419270362008,1.0011009454745483,1.0041783612930646,999.2240988093541,1233.0645697361763,1770.4528728573512,912.6990648565379,0.0,2989.4684683896053,1911.8196525021945
11962478,1614736591,0x2e9b1763686A1657814991e9395b9d298E9Ec321,1.963372296148965e+18,1.2685495468752e+18,1.21,0x5f98805A4E8be255a32880FDeC7F6728C6568bA0,1000982984.0,8.000109388344685e+17,6.1443795998189175e+19,911791919.0,0.0,1521.7860040956152,1.0046221513099527,28.85147246793838,1.0055771695150666,1.0059218722748688,1005.609678810736,1217.4454498416874,1772.7439885673773,916.8771370947309,0.0,2987.8324811085663,1930.4609459365138
11967478,1614803536,0x2e9b1763686A1657814991e9395b9d298E9Ec321,1.9740533011727347e+18,1.1958388340466947e+18,1.29,0x5f98805A4E8be255a32880FDeC7F6728C6568bA0,1001307910.0,8.000145428120955e+17,6.144380592148993e+19,912025352.0,0.0,1610.144259857842,0.999336661615354,30.666485255990683,1.0027471135514536,1.0054275598763014,1000.6437040284472,1288.1388239116914,1884.2655683633238,914.5307892037484,0.0,3178.5105915367026,1925.4730343553797
11972478,1614870130,0x2e9b1763686A1657814991e9395b9d298E9Ec321,1.9417091543065825e+18,1.210316804034609e+18,1.25,0x5f98805A4E8be255a32880FDeC7F6728C6568bA0,1001657378.0,8.000185482516412e+17,6.144384803081308e+19,912211568.0,0.0,1580.0675600100426,0.992439806954906,29.27727901265005,0.9967803716280856,1.0023343733012913,994.0846548572773,1264.0833554987473,1798.908682408983,909.2745857544787,0.0,3068.031645694365,1912.3823193901173
11977478,1614936492,0x2e9b1763686A1657814991e9395b9d298E9Ec321,1.9025187875543027e+18,1.3147969800084708e+18,1.13,0x5f98805A4E8be255a32880FDeC7F6728C6568bA0,1001748987.0,8.000220192620334e+17,6.1443880211634315e+19,912287539.0,0.0,1463.0020545286748,0.999184728977712,26.06533160259584,1.0023329956745397,0.9895984483638992,1000.9322900792927,1170.433857848534,1601.5551126664252,914.4159018824236,0.0,2783.3888949713482,1923.5506830404897
11982478,1615002322,0x2e9b1763686A1657814991e9395b9d298E9Ec321,2.2448156976392558e+18,1.247026782834493e+18,1.4,0x5f98805A4E8be255a32880FDeC7F6728C6568bA0,1001822758.0,8.000249077279942e+17,8.06215386819134e+19,912359652.0,0.0,1534.314909265208,1.002263967271997,27.43726930694147,1.0048179469084448,1.0006978593335565,1004.0908519364539,1227.4901437105839,2212.0348687556566,916.7553523647432,0.0,3444.254193440489,1913.3317851559893
11987478,1615068258,0x2e9b1763686A1657814991e9395b9d298E9Ec321,2.17073183186332e+18,1.1609175282459397e+18,1.45,0x5f98805A4E8be255a32880FDeC7F6728C6568bA0,1001901481.0,8.000273429055319e+17,8.062156590230064e+19,912432604.0,0.0,1643.3104308875843,1.0025069284409738,27.984768979080474,1.0025147522770237,1.0014535968397358,1004.4131763177726,1314.6932775919388,2256.175896507595,914.7271459685396,0.0,3567.1862619607077,1907.7478835667844
11992478,1615135306,0x2e9b1763686A1657814991e9395b9d298E9Ec321,2.1612494893508925e+18,1.14959383108e+18,1.46,0x5f98805A4E8be255a32880FDeC7F6728C6568bA0,1002293357.0,8.000289284331223e+17,8.062206297141777e+19,912934313.0,0.0,1657.6271102086905,1.0018973106602638,28.23179135788676,1.0011600697561516,1.0130278389466525,1004.1950188709477,1326.1496407219518,2276.1052606514745,913.9933804858642,0.0,3582.545745472728,1905.597900126878
11997478,1615201744,0x2e9b1763686A1657814991e9395b9d298E9Ec321,2.181193680065008e+18,1.118854858622188e+18,1.52,0x5f98805A4E8be255a32880FDeC7F6728C6568bA0,1002464011.0,8.000295835403779e+17,8.062357447456598e+19,913410450.0,0.0,1707.226531986417,1.0033828519255354,29.41925054770924,1.001924850578132,0.9961016571021156,1005.8551983098914,1365.8317313941768,2371.8851375191516,915.1686286327542,0.0,3723.7917220080744,1910.138700081711
12002478,1615268323,0x2e9b1763686A1657814991e9395b9d298E9Ec321,2.1779448197261312e+18,1.043926457525508e+18,1.62,0x5f98805A4E8be255a32880FDeC7F6728C6568bA0,1002740307.0,8.000304786897064e+17,8.062424637200276e+19,914110534.0,0.0,1841.297296667884,0.999827466226014,31.46581548073576,1.0002075140228823,1.001462713512119,1002.5673004305055,1473.0939576632695,2536.9076596148184,914.3002247542695,0.0,4010.243908853547,1922.1789641617986
12007478,1615335311,0x2e9b1763686A1657814991e9395b9d298E9Ec321,2.1595069518881132e+18,1.0285139838347665e+18,1.63,0x5f98805A4E8be255a32880FDeC7F6728C6568bA0,1002981401.0,8.000315220695756e+17,8.062440736876839e+19,914606579.0,0.0,1870.0592747041208,1.0044260665768887,31.57922371478598,1.0017895864080708,1.0227100304228152,1007.4206634562071,1496.1063679018641,2546.056197170376,916.2433465025106,0.0,4038.4060041663915,1923.3821146330893
12012478,1615401699,0x2e9b1763686A1657814991e9395b9d298E9Ec321,2.137312079795047e+18,1.0373603834156334e+18,1.6,0x5f98805A4E8be255a32880FDeC7F6728C6568bA0,1003456556.0,8.00032663113611e+17,8.062456880924421e+19,915510389.0,0.0,1852.0567968145067,0.998609669396693,30.36822265873918,0.9983421609628572,1.0271291133764138,1002.0614196411042,1481.7059313931736,2448.424857363966,913.992620138206,0.0,3958.4233642981662,1921.2503488510263
12017478,1615468427,0x2e9b1763686A1657814991e9395b9d298E9Ec321,2.1393779129640814e+18,1.06897845553392e+18,1.56,0x5f98805A4E8be255a32880FDeC7F6728C6568bA0,1004092995.0,8.00033458195321e+17,8.06247291626018e+19,916572649.0,0.0,1802.5520934720607,1.0076998727078463,29.804956881404284,1.0072241306240182,1.031697948804382,1011.8243832483402,1442.1019849176682,2403.0165762662455,923.1940895427783,0.0,3856.340135741293,1926.8893528991975
12022478,1615535357,0x2e9b1763686A1657814991e9395b9d298E9Ec321,2.128442070231999e+18,1.0668128989017111e+18,1.55,0x5f98805A4E8be255a32880FDeC7F6728C6568bA0,1004386018.0,8.000342440949043e+17,8.062491910607033e+19,917219529.0,0.0,1798.083419884288,0.9985344603011296,29.46030556504362,1.0014949187667943,1.0052732608416568,1002.9140504176306,1438.528309646707,2375.2347530217558,918.5906976871723,0.0,3827.116396668347,1918.2185856338601
12027478,1615602460,0x2e9b1763686A1657814991e9395b9d298E9Ec321,2.062592800524029e+18,1.1036549701313766e+18,1.46,0x5f98805A4E8be255a32880FDeC7F6728C6568bA0,1004469498.0,8.000361494019142e+17,8.062498622519691e+19,917482870.0,0.0,1745.7391323340046,1.0003765811361862,27.53782950357385,1.0037931642106566,0.997186803985164,1004.8477622648213,1396.6544132927359,2220.2371243974626,920.9630331863746,0.0,3600.7489659451826,1926.6936699532614
12032478,1615668616,0x2e9b1763686A1657814991e9395b9d298E9Ec321,2.0603393395189517e+18,9.964366855262897e+17,1.61,0x5f98805A4E8be255a32880FDeC7F6728C6568bA0,1004565026.0,8.000384695715351e+17,8.062499267950256e+19,917612316.0,0.0,1952.15449306386,0.9988511129448944,30.16472338985477,1.0034019592670511,1.0087224863311168,1003.4108942456168,1561.7986929980066,2432.0306024862602,920.7339957219764,0.0,4022.100698878147,1945.1983527038067
12037478,1615735309,0x2e9b1763686A1657814991e9395b9d298E9Ec321,2.0540133057680955e+18,1.0321738440207072e+18,1.55,0x5f98805A4E8be255a32880FDeC7F6728C6568bA0,1004877194.0,8.000470735978396e+17,8.062499679171514e+19,917839063.0,0.0,1874.1549402748915,1.0017724577246083,29.066514842542983,1.000554438594103,1.0125227061536544,1006.658296344788,1499.412175435861,2343.487665926368,918.3479483997025,0.0,3849.5391843956377,1934.4537089939336
12042478,1615801834,0x2e9b1763686A1657814991e9395b9d298E9Ec321,3.5305826645182193e+18,2.8069447214463923e+18,1.0,0x5f98805A4E8be255a32880FDeC7F6728C6568bA0,1005261490.0,2.2819590100436544e+18,8.062500495584079e+19,917923775.0,300005.0,1758.6707934063625,1.001120895616305,27.07636904411192,0.9933376756494467,0.9976633252586694,1006.3882831973812,4013.214662714271,2183.032388367698,911.8082690818657,2993.039858942271,6209.132615795006,4936.491700313928
12047478,1615868244,0x2e9b1763686A1657814991e9395b9d298E9Ec321,3.872715304033149e+18,2.815703305490535e+18,1.1,0x5f98805A4E8be255a32880FDeC7F6728C6568bA0,1005726696.0,2.618790115408809e+18,8.062500640525579e+19,918046631.0,300036.0,1744.2035043538697,1.003414194685074,27.296398816236668,1.003992760153864,1.0038477903775165,1009.1604427401203,4567.702896463319,2200.7723293994977,921.712171007646,3011.9047563370855,6754.80360465948,4911.159572657365
12052478,1615934483,0x2e9b1763686A1657814991e9395b9d298E9Ec321,3.8620374572367447e+18,2.7466946100177347e+18,1.13,0x5f98805A4E8be255a32880FDeC7F6728C6568bA0,1006124498.0,2.618822381698833e+18,8.062500785256312e+19,918237888.0,300151.0,1789.7379618994885,1.0047048732069297,27.657445819902826,1.0004363958808105,0.9971528757193572,1010.8581861934758,4687.005831998433,2229.8817864115044,918.6386032319273,2992.964328000408,6912.035047494374,4915.863613293451
12057478,1616001440,0x2e9b1763686A1657814991e9395b9d298E9Ec321,3.993751626951432e+18,2.7670610546844856e+18,1.15,0x5f98805A4E8be255a32880FDeC7F6728C6568bA0,1006680748.0,2.618854165959453e+18,8.062509990783e+19,918525403.0,300243.0,1784.4205598804112,1.0025690845110626,30.490969458455908,1.0019317531963718,1.0038057259392197,1009.2669959172717,4673.1372170665145,2458.337458874601,920.299767383194,3013.856425731691,7126.5325141879775,4937.600636423372
12062478,1616068337,0x2e9b1763686A1657814991e9395b9d298E9Ec321,3.952160639689835e+18,2.724312477366812e+18,1.16,0x5f98805A4E8be255a32880FDeC7F6728C6568bA0,1007514671.0,2.618884646575828e+18,8.062510141604907e+19,919013548.0,300342.0,1799.3797923735003,1.0038225030147545,29.84161663666753,1.0030004623339608,1.002049654269781,1011.3658988673069,4712.368111605761,2405.9833677501765,921.7710135351737,3009.5759726269457,7111.437991271816,4902.072819884831
12067478,1616134098,0x2e9b1763686A1657814991e9395b9d298E9Ec321,3.9674309452721833e+18,2.741207940167307e+18,1.16,0x5f98805A4E8be255a32880FDeC7F6728C6568bA0,1008043265.0,2.6189155298079775e+18,8.062510480431812e+19,919418858.0,300443.0,1801.1820792328524,1.0074571053664283,30.1093253491193,1.0010932702629416,0.9972265051236646,1015.5603498410234,4717.14371931474,2427.5675118600557,920.4240312966391,2996.0972287886916,7146.065519218112,4937.414617280154
12072478,1616200568,0x2e9b1763686A1657814991e9395b9d298E9Ec321,3.953682129790164e+18,2.720380835285644e+18,1.16,0x5f98805A4E8be255a32880FDeC7F6728C6568bA0,1008126714.0,2.618945393376623e+18,8.062510625269244e+19,919594745.0,300611.0,1811.9445307963904,1.0028273458305992,30.16569358953017,1.0004913221937346,1.0105673847919598,1010.9770368615435,4745.383781983173,2432.112250842033,920.0465623074602,3037.8767210969586,7163.852711580712,4929.179176179138
12077478,1616267131,0x2e9b1763686A1657814991e9395b9d298E9Ec321,3.9541265873032673e+18,2.67024264530544e+18,1.18,0x5f98805A4E8be255a32880FDeC7F6728C6568bA0,1008360899.0,2.6189747309775795e+18,8.06251077030903e+19,919756480.0,300793.0,1850.5793130402035,1.0028709264562703,30.506875652459463,1.0038336595782953,1.0063902784354215,1011.2558289824076,4846.620458522141,2459.620135164327,923.2825132392512,3027.151510214257,7317.424863605685,4941.495800199998
12082478,1616334285,0x2e9b1763686A1657814991e9395b9d298E9Ec321,3.9403647343217454e+18,2.77305446100023e+18,1.14,0x5f98805A4E8be255a32880FDeC7F6728C6568bA0,1008519303.0,2.618992447160814e+18,8.062510874111533e+19,919846533.0,300967.0,1779.0628138255795,1.0050580183700362,29.389716837562904,1.0046201810667106,1.00594184689356,1013.6204121611102,4659.352072433859,2369.549115899097,924.096390536046,3027.5529983401407,7010.1563717415265,4933.4380722786445
12087478,1616401136,0x2e9b1763686A1657814991e9395b9d298E9Ec321,3.9276800451746376e+18,2.7600130347412736e+18,1.14,0x5f98805A4E8be255a32880FDeC7F6728C6568bA0,1008595786.0,2.619006299011325e+18,8.062510976506923e+19,919919942.0,301092.0,1789.1899595136963,1.003337866954235,29.057607624378484,1.0011018021179183,0.9972855889414678,1011.9623445442701,4685.899774094188,2342.7728042258277,920.933511740411,3002.7471254556444,7027.365701008763,4938.187609886014
12092478,1616467395,0x2e9b1763686A1657814991e9395b9d298E9Ec321,3.927393333619574e+18,2.8949242981526697e+18,1.09,0x5f98805A4E8be255a32880FDeC7F6728C6568bA0,1008674210.0,2.6190165094901786e+18,8.062511948799617e+19,919995110.0,301123.0,1692.8674716985693,0.9971688260759138,27.83836983976691,0.9988673671092956,0.9938588410847096,1005.8184778787498,4433.64785675745,2244.471894682236,918.9530932791267,2992.73755803951,6648.556423050383,4900.723177372465
12097478,1616534011,0x2e9b1763686A1657814991e9395b9d298E9Ec321,3.9140518944215895e+18,2.9422741622851707e+18,1.06,0x5f98805A4E8be255a32880FDeC7F6728C6568bA0,1008754828.0,2.6190302262027356e+18,8.062512044145826e+19,920070603.0,301148.0,1666.7898976797558,0.9997613730038848,26.87945231265812,0.997876139008523,0.9886465578384022,1008.5141118655777,4365.373122752645,2167.159080108495,918.1165009368835,2977.2893359991913,6523.9021566162155,4904.152849901088
12102478,1616601085,0x2e9b1763686A1657814991e9395b9d298E9Ec321,3.9140706025007524e+18,2.8698726729153925e+18,1.09,0x5f98805A4E8be255a32880FDeC7F6728C6568bA0,1008874587.0,2.6190488446074516e+18,8.062512484715336e+19,920201941.0,301173.0,1721.1135508504915,1.00159237518199,27.381478183132536,0.998910738289284,0.9958233259123128,1010.4810938540792,4507.680456793209,2207.635097014667,919.1996002595422,2999.15098534989,6736.559952949593,4939.376746570203
12107478,1616666838,0x2e9b1763686A1657814991e9395b9d298E9Ec321,3.8889106065441833e+18,3.071600073124153e+18,1.01,0x5f98805A4E8be255a32880FDeC7F6728C6568bA0,1009059099.0,2.619064708304538e+18,8.062513567693077e+19,920326245.0,301198.0,1597.919236885213,1.0021193961500408,25.552024735828912,1.0008856495013974,0.995636868465314,1011.1976949695842,4185.05388004698,2060.135461146497,921.1413314800071,2998.8383350801564,6214.165068723893,4908.16884486311
12112478,1616733408,0x2e9b1763686A1657814991e9395b9d298E9Ec321,3.9002955671691346e+18,3.054892790548829e+18,1.02,0x5f98805A4E8be255a32880FDeC7F6728C6568bA0,1009142491.0,2.6190737513621673e+18,8.062513665804765e+19,920400634.0,301222.0,1615.1130153103302,0.9986656261920224,25.504918098298383,0.9992291962533884,0.9982103722273764,1007.7959176914923,4230.100103882688,2056.33750712762,919.6911857429291,3006.8292474307477,6299.418134092056,4933.997106393109
12117478,1616799205,0x2e9b1763686A1657814991e9395b9d298E9Ec321,3.9288069914306555e+18,2.9348378428176876e+18,1.07,0x5f98805A4E8be255a32880FDeC7F6728C6568bA0,1009224483.0,2.6190838936312873e+18,8.062514047901413e+19,920494424.0,301247.0,1684.5455342531766,1.0018216507014313,27.23197241658849,0.9989566837063324,0.9981964401739052,1011.0629374873585,4411.966076851007,2195.581601608085,919.5340571692107,3007.036830130684,6618.254272357169,4943.867981875762
12122478,1616866398,0x2e9b1763686A1657814991e9395b9d298E9Ec321,3.8883473411498993e+18,2.892512136532274e+18,1.08,0x5f98805A4E8be255a32880FDeC7F6728C6568bA0,1009325107.0,2.619093266767446e+18,8.062514409736143e+19,920598973.0,301272.0,1705.731396952329,1.0050434685901124,26.732095353797945,1.0003722116847056,1.0002708794298611,1014.4156064743663,4467.469616671674,2155.2790399243654,920.9416306946786,3013.536083875931,6632.476142055492,4933.8487673487625
12127478,1616932764,0x2e9b1763686A1657814991e9395b9d298E9Ec321,3.901721595945255e+18,2.9011127966883615e+18,1.08,0x5f98805A4E8be255a32880FDeC7F6728C6568bA0,1009543093.0,2.6190996818272236e+18,8.062514513766393e+19,920832095.0,301298.0,1697.0959009142125,0.9984050928409566,26.9482935694835,0.9989374601090004,1.009065187148264,1007.9329654936115,4444.863334114699,2172.710080251983,919.8536741661497,3040.2932275739768,6621.5957269871515,4923.466635349585
12132478,1616998803,0x2e9b1763686A1657814991e9395b9d298E9Ec321,3.8888713792498504e+18,2.9255021449793946e+18,1.06,0x5f98805A4E8be255a32880FDeC7F6728C6568bA0,1009628754.0,2.619105937917102e+18,8.062514621496446e+19,920986172.0,301325.0,1693.003416175162,1.0008160178714014,26.79707954064705,1.000670636473873,0.9923724568043756,1010.4526291067447,4434.1553002183055,2160.5184560987013,921.603818918876,2990.2663054657846,6583.872530135811,4952.885125477879
12137478,1617065016,0x2e9b1763686A1657814991e9395b9d298E9Ec321,3.8736505598938066e+18,2.725559142441651e+18,1.14,0x5f98805A4E8be255a32880FDeC7F6728C6568bA0,1009732579.0,2.619111561992323e+18,8.062514733677434e+19,921109685.0,301417.0,1810.662290574832,0.9991420367253712,28.214140514893145,1.000444810512678,0.9965544760665084,1008.8662655300217,4742.326540108046,2274.769235993714,921.5194042712175,3003.7846051253878,7013.8729956638,4935.067159950575
12142478,1617132197,0x2e9b1763686A1657814991e9395b9d298E9Ec321,3.860744595072001e+18,2.687887418476039e+18,1.15,0x5f98805A4E8be255a32880FDeC7F6728C6568bA0,1009926391.0,2.619117213433677e+18,8.062515341816549e+19,921262129.0,301523.0,1861.347739829666,1.0000009833520334,28.09295121200424,0.9984685408028264,1.0099491141904655,1009.9273841131701,4875.087905573747,2264.99850143688,919.8512536395352,3045.2288675805175,7186.188226096868,5003.0931712969705
12147478,1617198578,0x2e9b1763686A1657814991e9395b9d298E9Ec321,3.8356675031439365e+18,2.7105411669554724e+18,1.13,0x5f98805A4E8be255a32880FDeC7F6728C6568bA0,1010458546.0,2.6191244746153866e+18,8.062515449374053e+19,921463306.0,301630.0,1829.951016763001,1.0014931607597075,27.342418980112445,1.0010512708794592,1.0196157657011802,1011.9673230501983,4792.869495351288,2204.4867545041493,922.4320135400881,3075.46703408447,7019.083647343048,4960.157564448137
12152478,1617264978,0x2e9b1763686A1657814991e9395b9d298E9Ec321,3.8882790696467927e+18,2.569109450036283e+18,1.21,0x5f98805A4E8be255a32880FDeC7F6728C6568bA0,1010961178.0,2.619132530767613e+18,8.062516503664751e+19,921704145.0,301676.0,1930.884336689368,0.9999202133181638,30.316052941059027,1.0008012341752728,0.995530329191353,1010.8805167621422,5057.241979372768,2444.2367716326276,922.4426458604646,3003.2760758913064,7507.8171522581,4960.653196315695
12157478,1617330918,0x2e9b1763686A1657814991e9395b9d298E9Ec321,3.8374861299769313e+18,2.485161321049272e+18,1.24,0x5f98805A4E8be255a32880FDeC7F6728C6568bA0,1011528915.0,2.6191388818386386e+18,8.062517775523134e+19,921811631.0,301696.0,1990.482574603993,0.9999880759382792,30.314875418101185,1.002037223359701,0.9943588142661846,1011.5168534667852,5213.350304767597,2444.142219212101,923.6895671879173,2999.940768288508,7638.449272003595,4946.670304628415
12162478,1617397840,0x2e9b1763686A1657814991e9395b9d298E9Ec321,3.8238254389265106e+18,2.370439018548416e+18,1.29,0x5f98805A4E8be255a32880FDeC7F6728C6568bA0,1011962393.0,2.6191473758611937e+18,8.062517897384523e+19,922033210.0,301718.0,2088.7079614363065,0.9984038290759762,31.37483783977244,0.9985711052852564,1.0114665711288875,1010.3471280520879,5470.633976136285,2529.6019161070244,920.715721619413,3051.7767090786565,7986.8546374284815,4951.154850141341
12167478,1617464552,0x2e9b1763686A1657814991e9395b9d298E9Ec321,3.8390146101112223e+18,2.3717358240052803e+18,1.3,0x5f98805A4E8be255a32880FDeC7F6728C6568bA0,1012436777.0,2.619155619936058e+18,8.06251801882143e+19,922394950.0,301742.0,2096.9539675872525,0.9998115651702846,31.09439211629368,0.9972620005199172,0.9969293534513438,1012.2459986483284,5492.248768953366,2506.990967219168,919.869433106469,3008.154569691154,8050.2369182981565,4973.4208462166935
12172478,1617531052,0x2e9b1763686A1657814991e9395b9d298E9Ec321,3.826126507500119e+18,2.410762052853752e+18,1.27,0x5f98805A4E8be255a32880FDeC7F6728C6568bA0,1012885168.0,2.6191674704397204e+18,8.062518333052166e+19,922972170.0,301783.0,2050.933261540119,1.0009170388547743,30.596013028801085,1.0009325666056117,0.9909093297542706,1013.8140230544807,5371.73768266872,2466.809159630117,923.8329030236509,2990.3959026123302,7847.130117092324,4944.312079856498
12177478,1617596120,0x2e9b1763686A1657814991e9395b9d298E9Ec321,3.8136995412057994e+18,2.436984243193904e+18,1.25,0x5f98805A4E8be255a32880FDeC7F6728C6568bA0,1013320200.0,2.619178885527075e+18,8.062518642355385e+19,923425691.0,301831.0,2036.6398969241409,0.9993818184641136,30.207273040324505,0.9982906226207712,0.9956319498962234,1012.6937841624192,5334.324215445748,2435.4670202233556,921.8472080124059,3005.12587069127,7767.132640501023,4963.259337864188
12182478,1617662836,0x2e9b1763686A1657814991e9395b9d298E9Ec321,3.850832019439711e+18,2.346318864979451e+18,1.31,0x5f98805A4E8be255a32880FDeC7F6728C6568bA0,1013623580.0,2.61919062580899e+18,8.062518734160573e+19,923785317.0,302012.0,2110.668857376295,1.0012381500073189,32.372102573815845,1.0008183679862577,1.0048185159530134,1014.8785980429955,5528.2440854269635,2610.00683465558,924.5413133296076,3034.6724964000146,8127.831218418865,4952.302157786623
12187478,1617729590,0x2e9b1763686A1657814991e9395b9d298E9Ec321,3.9075941130679685e+18,2.3617298214201093e+18,1.32,0x5f98805A4E8be255a32880FDeC7F6728C6568bA0,1013830769.0,2.619203564583317e+18,8.062518787240142e+19,924036343.0,302286.0,2101.486456405448,0.9996267132552962,33.4646688157166,1.0008860858961337,1.00257538096044,1013.4523194125594,5504.220817540712,2698.0952103548443,924.8551185710472,3030.645016090076,8211.756105741993,4963.143233403216
12192478,1617796107,0x2e9b1763686A1657814991e9395b9d298E9Ec321,3.894706657846518e+18,2.520806677957823e+18,1.24,0x5f98805A4E8be255a32880FDeC7F6728C6568bA0,1014025880.0,2.6192164519467433e+18,8.06251884821435e+19,924358259.0,302468.0,2014.4022530583773,0.9975654415672468,31.374925076895536,0.9983058938774234,0.9980617129465426,1011.5571747428161,5276.155522049089,2529.609247937833,922.7922980139739,3018.817301915148,7845.505866567488,5077.918651602842
12197478,1617862227,0x2e9b1763686A1657814991e9395b9d298E9Ec321,3.90681530420457e+18,2.467343180786951e+18,1.27,0x5f98805A4E8be255a32880FDeC7F6728C6568bA0,1014156116.0,2.619231013145087e+18,8.062518909537847e+19,924529955.0,302618.0,2009.4075476695828,1.0012491617934085,32.1216447142094,1.000392244138928,0.9938173386164358,1015.4229610726587,5263.1025669039855,2589.8136791376974,924.892596456112,3007.470153774286,7850.3841596197,4957.898010164376
12202478,1617928623,0x2e9b1763686A1657814991e9395b9d298E9Ec321,3.893330647611974e+18,2.380755781973174e+18,1.31,0x5f98805A4E8be255a32880FDeC7F6728C6568bA0,1014247961.0,2.6192462077614126e+18,8.062518972720466e+19,924796569.0,302656.0,2092.7429290658865,1.0014295388594137,33.18767314516496,1.0009460215405448,1.0002765476519102,1015.6978678733306,5481.4089807753335,2675.7624439333795,925.6714464748959,3027.3969880613654,8147.740183305467,4982.309828557085
12207478,1617995552,0x2e9b1763686A1657814991e9395b9d298E9Ec321,3.854660583446095e+18,2.3902275135454167e+18,1.29,0x5f98805A4E8be255a32880FDeC7F6728C6568bA0,1014362502.0,2.619262536474644e+18,8.062519051736264e+19,924989374.0,302726.0,2073.994462754616,1.0012351006737534,31.601963477475003,1.0001137687733668,0.99682752239983,1015.6153418096503,5432.335997149022,2547.9143260941582,925.0946089064573,3017.6560854601094,7994.544705865678,4957.318627816929
12212478,1618062029,0x2e9b1763686A1657814991e9395b9d298E9Ec321,3.8249540039125617e+18,2.9300771911521075e+18,1.05,0x5f98805A4E8be255a32880FDeC7F6728C6568bA0,2335960941.0,2.619275918726201e+18,8.06251961249902e+19,925345147.0,302795.0,2144.471627590529,0.9994615515576376,32.15324451680337,0.9996175636315768,1.0026543766564249,2334.703146469899,5616.962892539454,2592.361645222037,924.9912613624433,3035.9873197968213,8202.50533822928,6283.467403075846
12217478,1618128886,0x2e9b1763686A1657814991e9395b9d298E9Ec321,3.8496285671866604e+18,2.954134645132063e+18,1.04,0x5f98805A4E8be255a32880FDeC7F6728C6568bA0,2336707701.0,2.619288027729097e+18,8.062519787228442e+19,925814706.0,302888.0,2137.992741187869,0.999538184674382,32.406978315364846,1.0020195238802507,0.9956021880200138,2335.6285735721885,5600.018790365099,2612.819039119121,927.6844109074543,3015.5595552500595,8230.477932914537,6315.918427783952
12222478,1618193620,0x2e9b1763686A1657814991e9395b9d298E9Ec321,3.8802567935591654e+18,2.925947118990329e+18,1.06,0x5f98805A4E8be255a32880FDeC7F6728C6568bA0,2337432310.0,2.619298002344858e+18,8.062519893235699e+19,926179209.0,302912.0,2141.4363699848896,0.9999993970678576,33.69163390992086,1.000268948210787,1.0008799626313072,2337.43090068693,5609.060006050046,2716.394686343514,926.4283032411287,3031.785512405745,8309.323022608547,6265.729577258396
12227478,1618260007,0x2e9b1763686A1657814991e9395b9d298E9Ec321,3.8536612489354214e+18,2.9465191329998536e+18,1.05,0x5f98805A4E8be255a32880FDeC7F6728C6568bA0,2338106427.0,2.619308917376593e+18,8.062520589113406e+19,926443347.0,302937.0,2140.520222146427,1.0005134750081983,33.195289996957115,1.0012356178467263,0.9937417590905075,2339.3069862167727,5606.683705693062,2676.3770906205705,927.5880769335341,3010.4114727360106,8248.839832648326,6307.083789127544
12232478,1618326805,0x2e9b1763686A1657814991e9395b9d298E9Ec321,3.836784428094554e+18,2.8038050910288466e+18,1.1,0x5f98805A4E8be255a32880FDeC7F6728C6568bA0,2338844430.0,2.619318924743752e+18,8.062520712436992e+19,926716724.0,303010.0,2249.054044424849,1.0004791377335418,34.170062281624126,0.9994322478705644,1.0040314141682154,2339.965058619297,5890.989821333483,2754.9683489085655,926.1905786065654,3042.3155880711092,8629.135535592339,6305.90917975741
12237478,1618393838,0x2e9b1763686A1657814991e9395b9d298E9Ec321,3.8609588115788867e+18,2.697893406881287e+18,1.15,0x5f98805A4E8be255a32880FDeC7F6728C6568bA0,2339659184.0,2.6193278010548434e+18,8.062538934715916e+19,927024140.0,303130.0,2375.5356191061114,0.9981016981484928,36.345116498757,1.001914020322857,0.9958804723661692,2335.2178046391173,6222.306489520667,2930.339168580141,928.798483043739,3018.812475883569,9171.845180807248,6408.941884598034
12242478,1618460482,0x2e9b1763686A1657814991e9395b9d298E9Ec321,3.9586757469267953e+18,2.556496017192509e+18,1.24,0x5f98805A4E8be255a32880FDeC7F6728C6568bA0,2340825033.0,2.619336300060828e+18,8.062539098362796e+19,927343201.0,303281.0,2465.9405548504324,1.0008608907738787,40.816536100764246,1.0019310476380658,0.9938857884980764,2342.840227674174,6459.127609111877,3290.849181721483,929.1339448979675,3014.266758214851,9761.859067849611,6304.167207108616
12247478,1618526658,0x2e9b1763686A1657814991e9395b9d298E9Ec321,4.0054620888241843e+18,2.930658651683998e+18,1.09,0x5f98805A4E8be255a32880FDeC7F6728C6568bA0,2342560840.0,2.61934868166129e+18,8.062539410709805e+19,2028078465.0,303474.0,2529.294874557087,0.9999463200743632,43.69503271955245,0.9990365764679566,0.996587066125169,2342.435091508309,6625.105195203764,3522.929233536461,2026.1245664819887,3024.3826330526954,10130.994731495732,7412.499906780719
12252478,1618594281,0x2e9b1763686A1657814991e9395b9d298E9Ec321,4.0170577023816776e+18,3.059337554154424e+18,1.05,0x5f98805A4E8be255a32880FDeC7F6728C6568bA0,2344266525.0,2.619359587249941e+18,8.06253946988441e+19,2029186452.0,303607.0,2432.8652244366394,1.0040719529915731,42.17683787506173,1.0005586274349827,0.9882813308853384,2353.8122680895185,6372.54885011509,3400.5242008260084,2030.3200112227823,3000.4913002610497,9772.959988679731,7442.955945315342
12257478,1618660847,0x2e9b1763686A1657814991e9395b9d298E9Ec321,4.0096456969292017e+18,3.0673649101766897e+18,1.04,0x5f98805A4E8be255a32880FDeC7F6728C6568bA0,2345413543.0,2.619368533300785e+18,8.062539527598898e+19,2029613132.0,303717.0,2398.2681623974045,0.9971506697432454,42.1715009443093,1.001091333891192,0.979958459806795,2338.730685227328,6281.948159000858,3400.09393301668,2031.8281175969598,2976.3004353714036,9616.205617439056,7356.363606531729
12262478,1618726996,0x2e9b1763686A1657814991e9395b9d298E9Ec321,3.936919317384355e+18,3.3724105176144896e+18,0.93,0x5f98805A4E8be255a32880FDeC7F6728C6568bA0,2346475341.0,2.6193964905202954e+18,8.062540430180372e+19,2030101045.0,303742.0,2189.589830869589,1.0040477018260716,36.08427720267589,1.0029336244249882,1.005067818514091,2355.9731735225973,5735.40391865873,2909.3094384041024,2036.0565990108062,3052.8130933110706,8620.238502298827,7384.195774886333
12267478,1618794146,0x2e9b1763686A1657814991e9395b9d298E9Ec321,4.06862783198852e+18,3.2918699385135473e+18,0.99,0x5f98805A4E8be255a32880FDeC7F6728C6568bA0,2347942652.0,2.6194166329974907e+18,8.06254140764568e+19,2030303662.0,303768.0,2229.44341150134,0.9973162161367484,40.93410614918708,1.0028363784049696,1.0014365113082364,2341.641281398722,5839.841154413279,3300.3292581278447,2036.0623714624276,3042.0436616708034,9070.775513877787,7339.03774593835
12272478,1618861644,0x2e9b1763686A1657814991e9395b9d298E9Ec321,3.992632159182261e+18,3.4228071276032717e+18,0.93,0x5f98805A4E8be255a32880FDeC7F6728C6568bA0,2349105253.0,2.619426929871455e+18,8.06254180158385e+19,2030661140.0,303794.0,2183.61881173795,1.002036281461,37.47607450966584,1.0001769258355864,0.9929978520761136,2353.8886924766216,5719.829920040294,3021.5241729345184,2031.0204164189872,3016.6678947361083,8718.386691140295,7474.106032785243
12277478,1618927792,0x2e9b1763686A1657814991e9395b9d298E9Ec321,3.9901302285096684e+18,3.3449113162191375e+18,0.95,0x5f98805A4E8be255a32880FDeC7F6728C6568bA0,2349893829.0,2.6194391808692495e+18,8.062551622784526e+19,2030827478.0,303819.0,2224.486151541447,1.0010172199099243,37.80975091250664,1.0018863905427686,1.0058702242206925,2352.2841877890673,5826.906182648717,3048.430685767091,2034.6584117484938,3056.024856525066,8875.989436166667,7440.7089010637455
12282478,1618993558,0x2e9b1763686A1657814991e9395b9d298E9Ec321,3.9395231978816916e+18,3.2472377456898627e+18,0.97,0x5f98805A4E8be255a32880FDeC7F6728C6568bA0,2350135030.0,2.619450076285144e+18,8.062553947420801e+19,2030990127.0,303851.0,2287.4864666404574,0.997909321518999,37.42473628738806,0.9999764544297172,0.9912071644400618,2345.2216532653324,5991.956599542581,3017.389552850631,2030.942306179221,3011.7928812227724,9011.606000170506,7428.012397229628
12287478,1619060192,0x2e9b1763686A1657814991e9395b9d298E9Ec321,3.8443368833292713e+18,3.076532316329488e+18,1.0,0x5f98805A4E8be255a32880FDeC7F6728C6568bA0,2350513446.0,2.619461559340136e+18,8.06255400086981e+19,2031239392.0,303896.0,2418.61838236175,0.994369675453377,36.54216516368644,0.9997532938819986,1.0021406142931184,2337.2792924478185,6335.477879310026,2946.231799409255,2030.7382728148682,3045.465241212215,9297.983854011452,7440.9576142044725
12292478,1619127413,0x2e9b1763686A1657814991e9395b9d298E9Ec321,3.820794101415931e+18,3.088583898631854e+18,0.99,0x5f98805A4E8be255a32880FDeC7F6728C6568bA0,2351245433.0,2.61947349430281e+18,8.062554285449996e+19,2031673393.0,304014.0,2479.801288915617,0.994816282948186,35.74636419903575,0.99607594985767,0.9991850086211412,2339.057241955958,6495.773747452404,2882.07001862192,2023.7010047330302,3037.6623121094763,9474.810137372413,7659.074332751294
12297478,1619194366,0x2e9b1763686A1657814991e9395b9d298E9Ec321,3.7861263060577004e+18,3.1870419571071345e+18,0.95,0x5f98805A4E8be255a32880FDeC7F6728C6568bA0,2351508605.0,2.619494809606856e+18,8.062554516219552e+19,2031871487.0,304118.0,2320.8664792967816,1.006683688794314,33.77230244311108,1.0055069560810583,1.0029938282528557,2367.2253567129715,6079.497696308457,2722.9102958583785,2043.0609140412637,3050.2847706060193,8787.093630113064,7396.69884636236
12302478,1619261136,0x2e9b1763686A1657814991e9395b9d298E9Ec321,3.8037384215634913e+18,3.335482937957345e+18,0.91,0x5f98805A4E8be255a32880FDeC7F6728C6568bA0,2351699151.0,2.6195142610485637e+18,8.062555620352747e+19,2032038057.0,304154.0,2227.313318675445,0.9990627771722396,32.35936606145396,0.998213226990796,0.9794696736154754,2349.4950848716576,5834.479002093733,2608.9918870982756,2028.407266246077,2979.096191088413,8472.117247105878,7429.165571927097
12307478,1619327713,0x2e9b1763686A1657814991e9395b9d298E9Ec321,3.764103469389018e+18,3.3817147368275277e+18,0.89,0x5f98805A4E8be255a32880FDeC7F6728C6568bA0,2351889678.0,2.619524420559007e+18,8.062556264194241e+19,2032198615.0,304179.0,2193.27829912694,0.994714353910399,31.15536933094221,0.9951897113841336,0.9790639257130344,2339.4584215203063,5745.3460656451425,2511.9191816247326,2022.423153137086,2978.106858594651,8255.72645507936,7417.041546121587
12312478,1619393848,0x2e9b1763686A1657814991e9395b9d298E9Ec321,3.727586020396772e+18,3.242499862140191e+18,0.92,0x5f98805A4E8be255a32880FDeC7F6728C6568bA0,2352423760.0,2.619533680479116e+18,8.06255706381005e+19,2032633281.0,304218.0,2266.8446056350995,1.00116245465287,31.6478028114533,0.9995893452719632,1.0010383154807936,2355.1583459453336,5938.075792873542,2551.622161115504,2031.7985705327924,3045.3387425893607,8449.85826237723,7350.243321265047
12317478,1619460471,0x2e9b1763686A1657814991e9395b9d298E9Ec321,3.742032122434619e+18,2.9566955838129597e+18,1.02,0x5f98805A4E8be255a32880FDeC7F6728C6568bA0,2353131594.0,2.6195410210376e+18,8.062557768464685e+19,2033181025.0,304302.0,2509.628880181808,1.0047630947033577,35.098597210731526,0.9993060966886954,1.0076542287640893,2364.339782631685,6574.075799216901,2829.8446760359643,2031.770193954271,3066.311971213699,9391.111885029948,7420.208627043015
12322478,1619527397,0x2e9b1763686A1657814991e9395b9d298E9Ec321,3.7775151262310364e+18,2.895065701365352e+18,1.05,0x5f98805A4E8be255a32880FDeC7F6728C6568bA0,2354002403.0,2.619549502576834e+18,8.062558521964798e+19,2033488013.0,304393.0,2534.92190941118,0.9995590957742916,36.30250051780301,0.995146170835907,1.0043004982556902,2352.9645133931895,6640.353426869175,2926.910349184441,2023.6178095776668,3057.0204156554432,9575.705856615194,7338.765475575875
12327478,1619593875,0x2e9b1763686A1657814991e9395b9d298E9Ec321,3.719849666159464e+18,2.8685447656267884e+18,1.04,0x5f98805A4E8be255a32880FDeC7F6728C6568bA0,2354556916.0,2.619553550116053e+18,8.062559202337525e+19,2033655785.0,304434.0,2595.6149590469463,1.0017892044854562,35.23897459471932,0.9992638990694004,0.9943337738069968,2358.769699795369,6799.352380705762,2841.1631889959253,2032.1588090841421,3027.090080951593,9655.297438889294,7445.637704356708
12332478,1619660408,0x2e9b1763686A1657814991e9395b9d298E9Ec321,3.673479054898062e+18,2.7337965789065856e+18,1.08,0x5f98805A4E8be255a32880FDeC7F6728C6568bA0,2355058526.0,2.6195570756537856e+18,8.062559258550827e+19,2033854084.0,304509.0,2712.02007462922,0.9980967746654876,35.85962661344581,1.0004705422972409,0.9998252572288172,2350.576318949057,7104.291375810081,2891.203645604132,2034.8110983729382,3044.557892534899,9962.548940613518,7414.111201947344
12337478,1619727309,0x2e9b1763686A1657814991e9395b9d298E9Ec321,3.6749245408022057e+18,2.7534612849818076e+18,1.07,0x5f98805A4E8be255a32880FDeC7F6728C6568bA0,2355359614.0,2.619560338815721e+18,8.062559844468017e+19,2034126941.0,304544.0,2716.620079860602,0.9987118982178456,35.677798511127484,1.0031163013155486,0.9893180325556,2352.325671083592,7116.35021683323,2876.5438561483725,2040.4658934622312,3012.9087090661264,9983.373799515773,7480.108215900354
12342478,1619794095,0x2e9b1763686A1657814991e9395b9d298E9Ec321,3.7443640339167857e+18,2.700757920277611e+18,1.11,0x5f98805A4E8be255a32880FDeC7F6728C6568bA0,2355628907.0,2.619563201907963e+18,8.062559911910174e+19,2034451397.0,304648.0,2775.898328573774,1.0254361948796866,39.095030287316135,1.0196315244842362,1.009278189097046,2415.547142942675,7271.641113769679,3152.0602394942916,2074.390779412194,3074.7458175203683,10393.97386332136,7497.029396781002
12347478,1619861581,0x2e9b1763686A1657814991e9395b9d298E9Ec321,3.705472656785597e+18,2.6289433980265943e+18,1.13,0x5f98805A4E8be255a32880FDeC7F6728C6568bA0,2356121514.0,2.6195669703618145e+18,8.062560135984524e+19,2034765377.0,304738.0,2832.060725343352,0.9983895356265324,37.98682493989082,0.9978526588884092,0.9981211178904852,2352.3270642421426,7418.772734168368,3062.710604529865,2030.3960416535265,3041.6543322371067,10494.123580116175,7445.3273467018125
12352478,1619927417,0x2e9b1763686A1657814991e9395b9d298E9Ec321,3.720962320715221e+18,2.546475231169845e+18,1.17,0x5f98805A4E8be255a32880FDeC7F6728C6568bA0,2356605185.0,2.6195706105883674e+18,8.062560377889528e+19,2035032487.0,304782.0,2900.928387892204,1.0008114424847243,39.66328538167824,1.0001036022986052,1.001352967990486,2358.5174345668306,7599.186748343908,3197.8763317524395,2035.2433210433894,3051.9436029007634,10794.24522644004,7387.142287164966
12357478,1619994961,0x2e9b1763686A1657814991e9395b9d298E9Ec321,3.6948072049454085e+18,2.829298543273217e+18,1.05,0x5f98805A4E8be255a32880FDeC7F6728C6568bA0,3283894943.0,2.619574400141227e+18,8.062560919790879e+19,2035301318.0,304831.0,2979.161525253752,0.999134710252935,39.30696521794617,0.9998496910345382,0.9946404437242988,3281.0534223753834,7804.135265440421,3169.1480164179216,2034.9953939644886,3031.9724110092175,11007.427468203716,8428.937363576057
12362478,1620061560,0x2e9b1763686A1657814991e9395b9d298E9Ec321,3.635125621235338e+18,2.5777070532632187e+18,1.13,0x5f98805A4E8be255a32880FDeC7F6728C6568bA0,3284453212.0,2.619578310113398e+18,8.062561194638269e+19,2036041911.0,304939.0,3251.292692626733,1.000622026551017,40.85216912376341,1.0010846319627302,1.000523520580972,3286.496229103437,8517.015817435176,3293.7311349405454,2038.250267134129,3050.9864184244097,11818.857369102667,8380.880106007091
12367478,1620127731,0x2e9b1763686A1657814991e9395b9d298E9Ec321,3.615718306238941e+18,2.7383442470223703e+18,1.06,0x5f98805A4E8be255a32880FDeC7F6728C6568bA0,4272440515.0,2.619584527316731e+18,8.062564456243413e+19,2036500877.0,305012.0,3400.162133198537,1.0006188288813584,42.42353307576629,1.0009381744239023,0.9973285935908228,4275.084424584568,8907.012114495137,3420.4246988494006,2038.411470037056,3041.9718898832402,12294.0284691864,9310.814416387524
12372478,1620194217,0x2e9b1763686A1657814991e9395b9d298E9Ec321,3.823329347991438e+18,2.8540571209563587e+18,1.07,0x5f98805A4E8be255a32880FDeC7F6728C6568bA0,4273467256.0,2.619588280637495e+18,8.062565738730286e+19,2036923228.0,305108.0,3272.9436783733945,0.9945073438708484,48.88066760266329,0.999350384978362,0.9972728851926728,4249.994569883603,8573.764903053518,3941.0359589949653,2035.600012073168,3042.75935455366,12513.541619848049,9341.168211750684
12377478,1620260681,0x2e9b1763686A1657814991e9395b9d298E9Ec321,3.746592378555785e+18,2.8916843561508045e+18,1.04,0x5f98805A4E8be255a32880FDeC7F6728C6568bA0,5021389161.0,2.6195917166155003e+18,8.062567988384411e+19,2037176146.0,305195.0,3513.865642425899,0.9984924359630784,49.5170345676061,1.00044951372441,1.0082814250893872,5013.819095285488,9204.893330198689,3992.344577845053,2038.0918846366678,3077.224495301555,13165.0222351819,10160.990307818769
12382478,1620327220,0x2e9b1763686A1657814991e9395b9d298E9Ec321,3.718926500963356e+18,2.928261840041432e+18,1.02,0x5f98805A4E8be255a32880FDeC7F6728C6568bA0,5022416073.0,2.6195943892871337e+18,8.062569148008586e+19,2037652250.0,305284.0,3449.5706841839547,0.9975328783887736,46.79809719066722,0.998068249757596,0.998996923085542,5010.025161765731,9036.476009737667,3773.1289459498084,2033.7160147721274,3049.777766672466,12828.699834358005,10101.246199021489
12387478,1620394892,0x2e9b1763686A1657814991e9395b9d298E9Ec321,3.7272962815396536e+18,2.89284854642999e+18,1.03,0x5f98805A4E8be255a32880FDeC7F6728C6568bA0,5023695478.0,2.6195963751571144e+18,8.062569809717862e+19,2038277561.0,305366.0,3492.5174161292407,1.0029263885076527,48.05611504226729,0.9996656793910044,1.0051140173783368,5038.396762712766,9148.98596346525,3874.5578231211266,2037.5961228045044,3069.276470307532,13017.647178350999,10103.323930630899
12392478,1620461496,0x2e9b1763686A1657814991e9395b9d298E9Ec321,3.733039262986592e+18,2.862644976177202e+18,1.05,0x5f98805A4E8be255a32880FDeC7F6728C6568bA0,5025385019.0,2.6195983145204045e+18,8.062570202899613e+19,2038823254.0,305422.0,3555.718984860096,1.00125557355785,48.7757566986599,1.0023385832949434,1.0316019802793095,5031.694759547872,9314.55545964771,3932.5796258249648,2043.5912120031464,3150.7394002086726,13273.638578629567,10178.761088707655
12397478,1620527515,0x2e9b1763686A1657814991e9395b9d298E9Ec321,3.620972098501943e+18,2.6131847810848067e+18,1.11,0x5f98805A4E8be255a32880FDeC7F6728C6568bA0,5026223441.0,2.6196008684397594e+18,8.06257027188226e+19,2039350804.0,305446.0,3878.820007208644,0.9995277251005684,48.08365685313945,0.9984135487501582,1.011688061909901,5023.849681829881,10160.960259405278,3876.778623075098,2036.1154733681283,3090.160717581316,14045.099021213604,10136.073411404888
12402478,1620594471,0x2e9b1763686A1657814991e9395b9d298E9Ec321,3.6658930131317407e+18,2.589808559242293e+18,1.14,0x5f98805A4E8be255a32880FDeC7F6728C6568bA0,5027244549.0,2.619602796652872e+18,8.062576400855676e+19,2039646667.0,305486.0,3922.579753925411,1.0032181424453646,50.9171230271529,0.99964109493541,0.9987203235480004,5043.422938066365,10275.600893476942,4105.23194518188,2038.9146274812394,3050.950767593845,14379.757713367186,10158.730621026556
12407478,1620661335,0x2e9b1763686A1657814991e9395b9d298E9Ec321,3.6008570679405455e+18,2.4589510323201244e+18,1.18,0x5f98805A4E8be255a32880FDeC7F6728C6568bA0,5029523906.0,2.619604444980768e+18,8.062581461241769e+19,2040014479.0,305544.0,4091.051404338048,0.9974835802944232,50.521400188932,1.0034746949491142,0.9943201419120096,5016.867512933272,10716.936443448762,4073.3290455925953,2047.1029070063012,3038.0855344036304,14731.291364618755,10059.695073971738
12412478,1620727294,0x2e9b1763686A1657814991e9395b9d298E9Ec321,3.561042547507544e+18,2.5390440212349896e+18,1.13,0x5f98805A4E8be255a32880FDeC7F6728C6568bA0,5031133396.0,2.6196085540551757e+18,8.06258169074973e+19,2040448973.0,305812.0,3941.410759972151,1.000424806683154,46.912714581176026,1.0016755381198053,0.9883682945331396,5033.27065509046,10324.953341868159,3782.3759364555776,2043.867823035779,3022.5488488776846,14035.531413464874,10007.415425338546
12417478,1620794058,0x2e9b1763686A1657814991e9395b9d298E9Ec321,3.538745975928448e+18,2.3453375755057024e+18,1.22,0x5f98805A4E8be255a32880FDeC7F6728C6568bA0,5032385171.0,2.619611654251296e+18,8.062581752462762e+19,2040995629.0,305980.0,4261.916447293927,1.0005146989025913,48.82856450432848,0.9938825260308408,1.0110330352058754,5034.97533412493,11164.56599477645,3936.842931715498,2028.5098913684249,3093.5588811229377,15081.839677604652,9995.632787504217
12422478,1620861450,0x2e9b1763686A1657814991e9395b9d298E9Ec321,3.489726608341424e+18,2.4318744690476677e+18,1.16,0x5f98805A4E8be255a32880FDeC7F6728C6568bA0,5034017359.0,2.619619546099001e+18,8.062581814032436e+19,2041636878.0,306128.0,4062.548329291745,1.002476413002472,45.10131444037339,0.9994605758359756,0.9791514626579793,5046.483665042498,10642.331010384496,3636.3303759591304,2040.5355697338434,2997.4567896056187,14177.1830024024,9879.607561276853
12427478,1620928159,0x2e9b1763686A1657814991e9395b9d298E9Ec321,3.538771197625726e+18,2.774348260369132e+18,1.03,0x5f98805A4E8be255a32880FDeC7F6728C6568bA0,5035553743.0,2.6196361562689633e+18,8.062588058945092e+19,2042122837.0,306237.0,3604.973082023807,0.9897788505894388,41.650594208707126,0.9978629323701164,0.973910463262189,4984.084595827887,9443.717828045925,3358.1158351508966,2037.7586823888012,2982.4741853802298,12757.174910881891,10001.450798790296
12432478,1620995041,0x2e9b1763686A1657814991e9395b9d298E9Ec321,3.538138376552136e+18,2.5391771447110943e+18,1.12,0x5f98805A4E8be255a32880FDeC7F6728C6568bA0,5036318754.0,2.6196432275430856e+18,8.06258811861276e+19,2042529213.0,306350.0,3975.798508374545,1.0057012819926556,45.676459715997176,0.9992892216184104,0.9959152397253184,5065.032227421454,10415.173636539279,3682.7048140649317,2041.0774273916343,3050.986336898513,14066.925279918716,10095.256704441104
12437478,1621061942,0x2e9b1763686A1657814991e9395b9d298E9Ec321,3.548753719140222e+18,2.5669058294501146e+18,1.11,0x5f98805A4E8be255a32880FDeC7F6728C6568bA0,5037593685.0,2.619645451468807e+18,8.062590348285138e+19,2042957358.0,306457.0,4027.931055150864,1.000450315773584,45.45535178547231,0.998871837258602,0.9884743693967688,5039.8621928972625,10551.751267455913,3664.8788058345463,2040.6525696264396,3029.248898222256,14294.135312407027,10339.319706089904
12442478,1621127198,0x2e9b1763686A1657814991e9395b9d298E9Ec321,3.519542710766033e+18,2.688161918996127e+18,1.06,0x5f98805A4E8be255a32880FDeC7F6728C6568bA0,5038609674.0,2.6196488384555034e+18,8.06259191980806e+19,2043304664.0,306546.0,3774.541207461066,0.9995096264021616,42.01872701189935,0.9970386945718992,0.9755151937265644,5036.138872846057,9887.972489827815,3387.7984888676037,2037.253814807233,2990.402805761034,13284.658993205616,10146.577935578498
12447478,1621194342,0x2e9b1763686A1657814991e9395b9d298E9Ec321,3.547681270431723e+18,2.926781206679354e+18,0.98,0x5f98805A4E8be255a32880FDeC7F6728C6568bA0,5039138886.0,2.619653443974394e+18,8.062593283159355e+19,2043578399.0,306574.0,3476.5752249946936,0.9971108487168874,38.61956088529156,1.0017241879623202,0.9713475600529092,5024.58005142173,9107.422261393402,3113.7381219231547,2047.1019122756134,2977.8990687566056,12333.780810960629,10175.175032121515
12452478,1621262243,0x2e9b1763686A1657814991e9395b9d298E9Ec321,3.5265205161783747e+18,2.995533737755998e+18,0.95,0x5f98805A4E8be255a32880FDeC7F6728C6568bA0,5039559977.0,2.6196608789537976e+18,8.06259417592865e+19,2043864660.0,306621.0,3397.212512186504,0.9988842650759886,38.26299024057305,0.998628568537006,0.9918950633206608,5033.937163932011,8899.544715667336,3084.9896226725905,2041.0616396991743,3041.3585621044435,11980.339622043582,10176.464694581482
12457478,1621329077,0x2e9b1763686A1657814991e9395b9d298E9Ec321,2.7052281153932257e+18,2.1878784661547914e+18,1.02,0x5f98805A4E8be255a32880FDeC7F6728C6568bA0,2520010109.0,2.6196670686655734e+18,7.485655691899073e+18,2044039103.0,306664.0,3464.753556783816,1.00178386127048,39.92407929206362,1.000289414012616,0.9921048286519608,2524.5054574346627,9076.500793748479,298.8579113964659,2044.6306765587433,3042.428351737249,9372.948734720258,7580.459697420534
12462478,1621395561,0x2e9b1763686A1657814991e9395b9d298E9Ec321,2.713626572494781e+18,2.43880263223881e+18,0.92,0x5f98805A4E8be255a32880FDeC7F6728C6568bA0,2520467158.0,2.6196814244769423e+18,7.485669051095545e+18,2044251257.0,306724.0,3127.8573505575737,0.9845643027710402,38.99481457875007,1.001166069814782,0.9853993783665854,2481.561990073575,8193.98979966934,291.9022766453588,2046.6349966846176,3022.4563893011255,8487.836821446155,7628.226739807321
12467478,1621462996,0x2e9b1763686A1657814991e9395b9d298E9Ec321,2.7025740782356316e+18,2.8756706217290747e+18,0.77,0x5f98805A4E8be255a32880FDeC7F6728C6568bA0,2521446939.0,2.6197655133462216e+18,7.485683403914635e+18,2044611270.0,306782.0,2572.8076825261896,1.0008668484779506,29.468655125746,1.003340511933558,1.0149488089805767,2523.6326514413054,6740.152839154326,220.59302261048077,2051.4413183469223,3113.680255166793,6953.203351080769,7398.547467999428
12472478,1621529888,0x2e9b1763686A1657814991e9395b9d298E9Ec321,2.702303869591588e+18,2.8429870604787574e+18,0.78,0x5f98805A4E8be255a32880FDeC7F6728C6568bA0,2522632692.0,2.61979586375953e+18,7.485693969852814e+18,2044778126.0,306807.0,2683.055833103197,0.9842298173994316,29.65855272122334,1.0040407101863058,0.9736573529356984,2482.850313812997,7029.058573799635,222.01484925982334,2053.0404818024635,2987.2489148214286,7250.43216012505,7627.893016054442
12477478,1621597139,0x2e9b1763686A1657814991e9395b9d298E9Ec321,2.700506709537152e+18,2.846589264339485e+18,0.78,0x5f98805A4E8be255a32880FDeC7F6728C6568bA0,2523541253.0,2.6198028361518756e+18,7.485698545814197e+18,2044942787.0,306848.0,2688.189570128038,0.9934573382441524,28.99741061178866,1.0021721635675809,0.996025232527838,2507.030576154693,7042.526659935326,217.06587444904355,2049.3847372197088,3056.2835055070204,7259.47397063856,7652.17157083585
12482478,1621664528,0x2e9b1763686A1657814991e9395b9d298E9Ec321,2.697630452451597e+18,3.4495543880963446e+18,0.64,0x5f98805A4E8be255a32880FDeC7F6728C6568bA0,2523743505.0,2.619809018990641e+18,7.485729543904779e+18,2045102280.0,306874.0,2208.390768560353,0.9988379671154352,23.031649058316344,0.9991469275809994,0.9932334938530551,2520.810832054983,5785.562052930087,172.40869580068534,2043.357659650897,3047.975351926624,5957.422188181395,7617.964066318825
12487478,1621731075,0x2e9b1763686A1657814991e9395b9d298E9Ec321,7.518522889050172e+17,1.3943739502276444e+18,0.44,0x5f98805A4E8be255a32880FDeC7F6728C6568bA0,1353111584.0,6.748899099238113e+17,7.485736042265008e+18,1081433347.0,83618.0,2318.00991483256,0.993687904158798,24.20815834785944,1.0117285981988722,0.9958165582540296,1344.5706139979513,1564.401502623848,181.21588346142997,1094.1170442058244,832.6818896808544,1742.801060171384,3232.1726416119222
12492478,1621798165,0x2e9b1763686A1657814991e9395b9d298E9Ec321,7.429606485545508e+17,1.652379729511575e+18,0.37,0x5f98805A4E8be255a32880FDeC7F6728C6568bA0,1353241636.0,6.748949924756319e+17,7.485770922304837e+18,1081517041.0,83634.0,1974.1289075855727,0.9946108535883446,17.289388981985216,1.002106998576578,0.9963507706911484,1345.9488186932479,1332.3297142308925,129.42440530576255,1083.795795865932,833.2880035598351,1466.7000935100639,3262.0105903372296
12496234,1621849241,0x2e9b1763686A1657814991e9395b9d298E9Ec321,0.0,7.822757368268006e+17,0.0,0x5f98805A4E8be255a32880FDeC7F6728C6568bA0,676774896.0,6.588333779231022e+16,0.0,540788925.0,69747.0,2270.1731172995524,0.9999789877331432,22.968927402092856,0.99947303684441,0.9982445734185056,676.7606754252832,149.5665823340683,0.0,540.5039491615738,696.2456426222051,0.0,1775.9013480599021
