block,timestamp,user,totalCollateral,totalDebt,healthFactor,tokenAddress,UNI_debt,DAI_collateral,WETH_USD_price,UNI_USD_price,DAI_USD_price,UNI_debt (in USD),DAI_collateral (in USD),totalCollateral (in USD),totalDebt (in USD)
11393068,1607177214,0x4cBA0E5365B79bDDb9681bA81B279742675d3f6a,3.413436683239022e+19,1.5418275e+19,1.77,0x5f98805A4E8be255a32880FDeC7F6728C6568bA0,0.0,1.9926648247449784e+22,732.0868622834124,5.13531924466076,1.0026058594748208,0.0,19978.57429258682,24989.32151035554,11287.51656657278
11398068,1607243359,0x4cBA0E5365B79bDDb9681bA81B279742675d3f6a,3.3502864332256453e+19,2.034201798084389e+19,1.32,0x5f98805A4E8be255a32880FDeC7F6728C6568bA0,3.300063009680947e+21,1.992952304298704e+22,732.0868622834124,5.13531924466076,1.0026058594748208,16946.877082207673,19981.45657943727,24527.006826508477,14892.124116108758
11403068,1607310148,0x4cBA0E5365B79bDDb9681bA81B279742675d3f6a,3.368783815057343e+19,1.9976815614885487e+19,1.35,0x5f98805A4E8be255a32880FDeC7F6728C6568bA0,3.30012008050689e+21,1.9933274488617193e+22,732.0868622834124,5.13531924466076,1.0026058594748208,16947.170159118446,19985.21780080756,24662.423728764734,14624.764261915792
11408068,1607376334,0x4cBA0E5365B79bDDb9681bA81B279742675d3f6a,3.4162893467700978e+19,2.0840662809259995e+19,1.31,0x5f98805A4E8be255a32880FDeC7F6728C6568bA0,3.3001840244205625e+21,1.9938127616147414e+22,732.0868622834124,5.13531924466076,1.0026058594748208,16947.49853152891,19990.083574906137,25010.20548529169,15257.175443937758
11413068,1607442936,0x4cBA0E5365B79bDDb9681bA81B279742675d3f6a,3.462547868635285e+19,2.0065449654652637e+19,1.38,0x5f98805A4E8be255a32880FDeC7F6728C6568bA0,3.300238290164753e+21,1.994554385016742e+22,732.0868622834124,5.13531924466076,1.0026058594748208,16947.777203449376,19997.51913458983,25348.85804655323,14689.652077980432
11418068,1607508964,0x4cBA0E5365B79bDDb9681bA81B279742675d3f6a,3.6579641071471624e+19,1.93529092124293e+19,1.51,0x5f98805A4E8be255a32880FDeC7F6728C6568bA0,3.3002913520981723e+21,1.9947764756184287e+22,732.0868622834124,5.13531924466076,1.0026058594748208,16948.049693417226,19999.745827975687,26779.474655467107,14168.010581383112
11423068,1607574523,0x4cBA0E5365B79bDDb9681bA81B279742675d3f6a,3.5295833341445226e+19,1.9353236054914384e+19,1.46,0x5f98805A4E8be255a32880FDeC7F6728C6568bA0,3.30034714638918e+21,1.995103360170938e+22,732.0868622834124,5.13531924466076,1.0026058594748208,16948.336214913576,20003.023191652865,25839.615882616887,14168.249858472478
11428068,1607641907,0x4cBA0E5365B79bDDb9681bA81B279742675d3f6a,3.5363313653878256e+19,1.8982305827834212e+19,1.49,0x5f98805A4E8be255a32880FDeC7F6728C6568bA0,3.300409462261725e+21,1.9953119809376707e+22,732.0868622834124,5.13531924466076,1.0026058594748208,16948.656226813106,20005.114835684206,25889.01733281189,13896.696712403284
11433068,1607709270,0x4cBA0E5365B79bDDb9681bA81B279742675d3f6a,3.6481586264590823e+19,1.7939148044234158e+19,1.63,0x5f98805A4E8be255a32880FDeC7F6728C6568bA0,3.300446484879343e+21,1.9955699731164777e+22,732.0868622834124,5.13531924466076,1.0026058594748208,16948.84634977385,20007.701480385913,26707.690019565933,13133.014603741
11438068,1607775596,0x4cBA0E5365B79bDDb9681bA81B279742675d3f6a,3.5867429463046128e+19,1.8599897993172763e+19,1.54,0x5f98805A4E8be255a32880FDeC7F6728C6568bA0,3.300481629607997e+21,1.995750763652948e+22,732.0868622834124,5.13531924466076,1.0026058594748208,16949.026829175255,20009.514096897936,26258.07389377306,13616.740960613388
11443068,1607841742,0x4cBA0E5365B79bDDb9681bA81B279742675d3f6a,3.5087535646691434e+19,1.8256969666187045e+19,1.54,0x5f98805A4E8be255a32880FDeC7F6728C6568bA0,3.3005458124477254e+21,1.9958778309509426e+22,732.0868622834124,5.13531924466076,1.0026058594748208,16949.35642854729,20010.78808107311,25687.123876843718,13365.687637722313
11448068,1607908697,0x4cBA0E5365B79bDDb9681bA81B279742675d3f6a,3.4173273369071886e+19,1.8546844628074807e+19,1.47,0x5f98805A4E8be255a32880FDeC7F6728C6568bA0,3.3006199870876366e+21,1.9961018308487373e+22,732.0868622834124,5.13531924466076,1.0026058594748208,16949.73733900309,20013.033917173616,25017.804474717133,13577.901289025249
11453068,1607974799,0x4cBA0E5365B79bDDb9681bA81B279742675d3f6a,3.4388283924807897e+19,1.8598226705659847e+19,1.48,0x5f98805A4E8be255a32880FDeC7F6728C6568bA0,3.300704207635772e+21,1.9963958899370566e+22,732.0868622834124,5.13531924466076,1.0026058594748208,16950.169838404727,20015.982170823423,25175.21087782372,13615.517432982084
11458068,1608040757,0x4cBA0E5365B79bDDb9681bA81B279742675d3f6a,3.4205470298125296e+19,1.9014508754443133e+19,1.44,0x5f98805A4E8be255a32880FDeC7F6728C6568bA0,3.300843178848693e+21,1.9966905774930494e+22,732.0868622834124,5.13531924466076,1.0026058594748208,16950.88349994889,20018.93672552695,25041.37542348301,13920.272051900749
11463068,1608107795,0x4cBA0E5365B79bDDb9681bA81B279742675d3f6a,3.4199130957917864e+19,1.8683572163458773e+19,1.46,0x5f98805A4E8be255a32880FDeC7F6728C6568bA0,3.300984227788511e+21,1.997107321484023e+22,732.0868622834124,5.13531924466076,1.0026058594748208,16951.60783128398,20023.11502519946,25036.734475801604,13677.997721392241
11468068,1608173816,0x4cBA0E5365B79bDDb9681bA81B279742675d3f6a,3.106204314073205e+19,1.837696422371751e+19,1.35,0x5f98805A4E8be255a32880FDeC7F6728C6568bA0,3.3010532747982353e+21,1.997557727861921e+22,732.0868622834124,5.13531924466076,1.0026058594748208,16951.9624097218,20027.630825935717,22740.11369901052,13453.534076835876
11473068,1608240257,0x4cBA0E5365B79bDDb9681bA81B279742675d3f6a,3.137877849826866e+19,1.9285811780169253e+19,1.3,0x5f98805A4E8be255a32880FDeC7F6728C6568bA0,3.301093149653669e+21,1.9980344864334424e+22,732.0868622834124,5.13531924466076,1.0026058594748208,16952.16717983429,20032.410835309336,22971.99149308371,14118.889432732582
11478068,1608306420,0x4cBA0E5365B79bDDb9681bA81B279742675d3f6a,3.148419035147013e+19,1.8948493574407344e+19,1.33,0x5f98805A4E8be255a32880FDeC7F6728C6568bA0,3.301131232910287e+21,1.998531213002966e+22,732.0868622834124,5.13531924466076,1.0026058594748208,16952.362749514898,20037.39104500095,23049.162125941453,13871.943205885274
11483068,1608372989,0x4cBA0E5365B79bDDb9681bA81B279742675d3f6a,3.0769877047018074e+19,1.9195807279783895e+19,1.28,0x5f98805A4E8be255a32880FDeC7F6728C6568bA0,3.001168995852463e+21,1.9987606237023608e+22,732.0868622834124,5.13531924466076,1.0026058594748208,15411.960900880362,20039.69113011534,22526.222740197853,14052.998320454079
11488068,1608438883,0x4cBA0E5365B79bDDb9681bA81B279742675d3f6a,3.0905413315181703e+19,1.802078331369488e+19,1.37,0x5f98805A4E8be255a32880FDeC7F6728C6568bA0,3.001202951933648e+21,1.9990989285269623e+22,732.0868622834124,5.13531924466076,1.0026058594748208,15412.135276197547,20043.082994109685,22625.44706148337,13192.778712012161
11493068,1608504984,0x4cBA0E5365B79bDDb9681bA81B279742675d3f6a,3.144381449023524e+19,1.7668277420978164e+19,1.42,0x5f98805A4E8be255a32880FDeC7F6728C6568bA0,3.0012361084964443e+21,1.999531681887183e+22,732.0868622834124,5.13531924466076,1.0026058594748208,15412.305545732559,20047.42180465633,23019.603488378016,12934.713779076767
11498068,1608570934,0x4cBA0E5365B79bDDb9681bA81B279742675d3f6a,3.281903264684901e+19,1.7381186343105343e+19,1.51,0x5f98805A4E8be255a32880FDeC7F6728C6568bA0,3.0012684513741006e+21,1.999891897166799e+22,732.0868622834124,5.13531924466076,1.0026058594748208,15412.471636734615,20051.033344156487,24026.382633608566,12724.538172687291
11503068,1608637249,0x4cBA0E5365B79bDDb9681bA81B279742675d3f6a,3.301003309917279e+19,1.706240276249741e+19,1.55,0x5f98805A4E8be255a32880FDeC7F6728C6568bA0,3.001302099314469e+21,2.0001589657137414e+22,732.0868622834124,5.13531924466076,1.0026058594748208,15412.644429650334,20053.710989056945,24166.211555444996,12491.160901412557
11508068,1608703540,0x4cBA0E5365B79bDDb9681bA81B279742675d3f6a,3.2648104888700817e+19,1.7752357676038816e+19,1.47,0x5f98805A4E8be255a32880FDeC7F6728C6568bA0,3.0013363926845117e+21,2.000496203158448e+22,732.0868622834124,5.13531924466076,1.0026058594748208,15412.820537053478,20057.092151437915,23901.248667468717,12996.267829184108
11513068,1608769732,0x4cBA0E5365B79bDDb9681bA81B279742675d3f6a,3.465999182048018e+19,1.7070082628887499e+19,1.62,0x5f98805A4E8be255a32880FDeC7F6728C6568bA0,3.001412227480971e+21,2.000726593027951e+22,732.0868622834124,5.13531924466076,1.0026058594748208,15413.20997294315,20059.40205376919,25374.124658624074,12496.783230700832
11518068,1608836242,0x4cBA0E5365B79bDDb9681bA81B279742675d3f6a,3.380949675650719e+19,1.7458711263279053e+19,1.55,0x5f98805A4E8be255a32880FDeC7F6728C6568bA0,3.0015081676408273e+21,2.0009666184564066e+22,732.0868622834124,5.13531924466076,1.0026058594748208,15413.702656292395,20061.808562779115,24751.488395852557,12781.293148246034
11523068,1608902960,0x4cBA0E5365B79bDDb9681bA81B279742675d3f6a,3.1921150660283224e+19,1.7109170234765365e+19,1.49,0x5f98805A4E8be255a32880FDeC7F6728C6568bA0,3.0016086523478147e+21,2.001262650137437e+22,732.0868622834124,5.13531924466076,1.0026058594748208,15414.218677341982,20064.776593759027,23369.055027362825,12525.39875344213
11528068,1608969381,0x4cBA0E5365B79bDDb9681bA81B279742675d3f6a,3.22167327624819e+19,1.6839673095185588e+19,1.53,0x5f98805A4E8be255a32880FDeC7F6728C6568bA0,3.0017240677529425e+21,2.001654563683498e+22,732.0868622834124,5.13531924466076,1.0026058594748208,15414.811372293065,20068.705941935907,23585.446801108592,12328.103438132817
11533068,1609035185,0x4cBA0E5365B79bDDb9681bA81B279742675d3f6a,3.117451709637469e+19,1.614677723755227e+19,1.54,0x5f98805A4E8be255a32880FDeC7F6728C6568bA0,3.001845428377411e+21,2.001973334519916e+22,732.0868622834124,5.13531924466076,1.0026058594748208,15415.434597843441,20071.90195702013,22822.45440428554,11820.843483828865
11538068,1609101625,0x4cBA0E5365B79bDDb9681bA81B279742675d3f6a,2.88200212128513e+19,1.5801136678706848e+19,1.46,0x5f98805A4E8be255a32880FDeC7F6728C6568bA0,3.001964274229081e+21,2.002336652301975e+22,732.0868622834124,5.13531924466076,1.0026058594748208,15416.044909232669,20075.544602391572,21098.758900657693,11567.804571625837
11543068,1609166843,0x4cBA0E5365B79bDDb9681bA81B279742675d3f6a,2.7587309576226263e+19,1.5475830247270906e+19,1.43,0x5f98805A4E8be255a32880FDeC7F6728C6568bA0,3.002100437698102e+21,2.0027076474494398e+22,732.0868622834124,5.13531924466076,1.0026058594748208,15416.744152115556,20079.26422147842,20196.30690650062,11329.652006955284
11548068,1609233628,0x4cBA0E5365B79bDDb9681bA81B279742675d3f6a,2.830905651624208e+19,1.5161363491306328e+19,1.49,0x5f98805A4E8be255a32880FDeC7F6728C6568bA0,3.0022499585199193e+21,2.0029556234525545e+22,732.0868622834124,5.13531924466076,1.0026058594748208,15417.511989269311,20081.75044341574,20724.688359179454,11099.435026288733
11553068,1609301128,0x4cBA0E5365B79bDDb9681bA81B279742675d3f6a,2.7399813648006124e+19,1.546548420626089e+19,1.42,0x5f98805A4E8be255a32880FDeC7F6728C6568bA0,3.0023885120974147e+21,2.003130485079626e+22,732.0868622834124,5.13531924466076,1.0026058594748208,15418.223506122238,20083.503616334732,20059.043600719022,11322.077806255205
11558068,1609366443,0x4cBA0E5365B79bDDb9681bA81B279742675d3f6a,4.246922366530212e+19,2.7563695136542482e+19,1.23,0x5f98805A4E8be255a32880FDeC7F6728C6568bA0,5.002484970489854e+21,3.1705987699593166e+22,732.0868622834124,5.13531924466076,1.0026058594748208,25689.35734008276,31788.609048048704,31091.16069674347,20179.01908544794
11563068,1609432764,0x4cBA0E5365B79bDDb9681bA81B279742675d3f6a,4.62485600027571e+19,3.343313771393487e+19,1.11,0x5f98805A4E8be255a32880FDeC7F6728C6568bA0,5.002608838561469e+21,3.3881721220737607e+22,732.0868622834124,5.13531924466076,1.0026058594748208,25689.993442174724,33970.012225003906,33857.963177544574,24475.9608852838
11568068,1609499653,0x4cBA0E5365B79bDDb9681bA81B279742675d3f6a,5.99512680436103e+19,3.445660348106478e+19,1.39,0x5f98805A4E8be255a32880FDeC7F6728C6568bA0,5.002746797736337e+21,4.383529697534126e+22,739.3505032194572,5.042110822864132,1.0056349402531504,25224.40377291526,44082.30625477641,44325.00019668784,25475.50712295855
11573068,1609564939,0x4cBA0E5365B79bDDb9681bA81B279742675d3f6a,6.005888487746477e+19,3.3155780543700435e+19,1.45,0x5f98805A4E8be255a32880FDeC7F6728C6568bA0,5.002901447353772e+21,4.384691657245643e+22,731.9162284887948,4.796235460215407,1.0047428175872055,23995.093325761147,44054.874499521015,43958.072506756725,24267.253848147386
11578068,1609630799,0x4cBA0E5365B79bDDb9681bA81B279742675d3f6a,5.674093560557039e+19,3.1319247357456196e+19,1.45,0x5f98805A4E8be255a32880FDeC7F6728C6568bA0,5.003074456397807e+21,4.385973964223659e+22,771.3861430460887,4.841074971609627,1.0004891683546655,24220.258531966865,43881.19443891344,43769.17146960743,24159.23342217454
11583068,1609697501,0x4cBA0E5365B79bDDb9681bA81B279742675d3f6a,4.678075318117459e+19,2.74675873744788e+19,1.36,0x5f98805A4E8be255a32880FDeC7F6728C6568bA0,5.003203366876495e+21,4.386790847826798e+22,947.8768464764084,5.172619885586102,1.008591898792775,25879.6692271367,44244.81710816398,44342.39280116298,26035.890100836175
11588068,1609764510,0x4cBA0E5365B79bDDb9681bA81B279742675d3f6a,4.359767868184146e+19,2.7097663449706996e+19,1.29,0x5f98805A4E8be255a32880FDeC7F6728C6568bA0,5.003371913178678e+21,4.38767917030483e+22,1021.8886413131256,5.401698730836295,1.0032681296835435,27026.707713319232,44020.18674843169,44551.97263259319,27690.794485381426
11593068,1609830584,0x4cBA0E5365B79bDDb9681bA81B279742675d3f6a,4.32815117353761e+19,2.6489776975731036e+19,1.31,0x5f98805A4E8be255a32880FDeC7F6728C6568bA0,5.003529896731216e+21,4.388313528308125e+22,1011.7977850233772,5.420355752744038,1.0041065036124392,27120.912059773826,44063.34153664639,43792.13770631684,26802.29766980792
11598068,1609896321,0x4cBA0E5365B79bDDb9681bA81B279742675d3f6a,4.057065527017069e+19,2.884006093977455e+19,1.13,0x5f98805A4E8be255a32880FDeC7F6728C6568bA0,5.003645251191122e+21,4.388735010273329e+22,1076.2753745282632,6.189373681089754,1.0008125931974816,30969.430227232064,43923.01266488226,43665.19719576002,31039.847389373786
11603068,1609962798,0x4cBA0E5365B79bDDb9681bA81B279742675d3f6a,3.92874241898357e+19,2.4054073420456534e+19,1.31,0x5f98805A4E8be255a32880FDeC7F6728C6568bA0,4.5045080332250435e+21,4.6584661029511334e+22,1202.297952839687,6.2870239389297815,0.9968836069085942,28319.94983798736,46439.48491371349,47235.189675783855,28920.163230870417
11608068,1610029293,0x4cBA0E5365B79bDDb9681bA81B279742675d3f6a,3.825969697562959e+19,2.3658041748248175e+19,1.29,0x5f98805A4E8be255a32880FDeC7F6728C6568bA0,4.504577512405927e+21,4.659257813787779e+22,1217.953181163067,6.33105820137792,1.0064683814969342,28518.742403660097,46893.9567081993,46598.51964180303,28814.387207367512
11613068,1610095924,0x4cBA0E5365B79bDDb9681bA81B279742675d3f6a,3.913108771076968e+19,2.27583762366469e+19,1.38,0x5f98805A4E8be255a32880FDeC7F6728C6568bA0,4.5046466027421507e+21,4.660125832705466e+22,1193.724090554448,6.085765902456156,1.0026448103847088,27414.224697583148,46724.50981901855,46711.722089944866,27167.22197558728
11618068,1610161419,0x4cBA0E5365B79bDDb9681bA81B279742675d3f6a,3.916740451675387e+19,2.193795219190446e+19,1.43,0x5f98805A4E8be255a32880FDeC7F6728C6568bA0,4.50471285708167e+21,4.661730271070065e+22,1215.5071966477408,5.999960054627101,1.0000800530053395,27028.09720005514,46621.03456588346,47608.26206412756,26665.73876897395
11623068,1610228373,0x4cBA0E5365B79bDDb9681bA81B279742675d3f6a,3.660034303847713e+19,2.23036745162058e+19,1.31,0x5f98805A4E8be255a32880FDeC7F6728C6568bA0,4.5047801440484474e+21,4.662462982419677e+22,1287.9584805158402,6.345207500904282,1.0025722494170572,28583.764759940877,46744.56000108257,47139.72220619552,28726.206739812293
11628068,1610294185,0x4cBA0E5365B79bDDb9681bA81B279742675d3f6a,3.5610693640739086e+19,2.0857429964676977e+19,1.37,0x5f98805A4E8be255a32880FDeC7F6728C6568bA0,4.5048443609429637e+21,4.6632133591003795e+22,1303.5429764933392,6.124215288185972,1.0021906744155833,27588.63670618526,46734.289413005674,46420.06958344146,27188.55633815639
11633068,1610361155,0x4cBA0E5365B79bDDb9681bA81B279742675d3f6a,4.131050195741027e+19,2.2161900429437743e+19,1.49,0x5f98805A4E8be255a32880FDeC7F6728C6568bA0,4.5049049857820606e+21,4.6637222286105485e+22,1135.6035488977802,5.579401769047005,1.0096551503311348,25134.674847061102,47087.511678304385,46912.352629583795,25167.13277798874
11638068,1610427074,0x4cBA0E5365B79bDDb9681bA81B279742675d3f6a,4.27591483218313e+19,2.185815901431701e+19,1.56,0x5f98805A4E8be255a32880FDeC7F6728C6568bA0,4.5049544696781157e+21,4.6641584197863775e+22,1086.5545382370624,5.355062566641455,1.003417699508619,24124.313044997387,46800.991117258025,46460.146660237464,23750.0818745135
11643068,1610492599,0x4cBA0E5365B79bDDb9681bA81B279742675d3f6a,4.398214580292375e+19,2.390735140481419e+19,1.47,0x5f98805A4E8be255a32880FDeC7F6728C6568bA0,4.504989189096805e+21,4.624635815449871e+22,1028.811690061534,5.537496767786355,1.0031953167712255,24946.36307353603,46394.129918317885,45249.34575603879,24596.162603681874
11648068,1610559467,0x4cBA0E5365B79bDDb9681bA81B279742675d3f6a,3.855612353864483e+19,2.5827413006627664e+19,1.19,0x5f98805A4E8be255a32880FDeC7F6728C6568bA0,4.505018761039979e+21,4.1425670706619165e+22,1068.3949468116527,6.188126180331229,1.002661858723796,27877.624538074848,41535.939989578685,41193.16755733395,27593.87754549855
11653068,1610625350,0x4cBA0E5365B79bDDb9681bA81B279742675d3f6a,3.5714191851379356e+19,2.5858866550271525e+19,1.1,0x5f98805A4E8be255a32880FDeC7F6728C6568bA0,4.505028997586862e+21,4.144172510211138e+22,1166.234392090537,6.707554086382695,1.0058129945861238,30217.72566203629,41682.625625769586,41651.11882279821,30157.499511406237
11658068,1610692396,0x4cBA0E5365B79bDDb9681bA81B279742675d3f6a,3.9078541119871975e+19,2.6132597314181108e+19,1.2,0x5f98805A4E8be255a32880FDeC7F6728C6568bA0,4.5050376627878384e+21,4.645569845147508e+22,1188.8956158975093,6.800284786292526,1.0004042708979022,30635.539079930975,46474.47913840073,46460.30621308634,31068.930378844947
11663068,1610757873,0x4cBA0E5365B79bDDb9681bA81B279742675d3f6a,3.936995796726345e+19,2.795381733430425e+19,1.13,0x5f98805A4E8be255a32880FDeC7F6728C6568bA0,4.505047087775022e+21,4.646243603685602e+22,1173.7226782026696,7.462707365683231,1.0025799624882514,33619.84808468845,46582.30737894389,46209.41250606298,32810.02934760779
11668068,1610824649,0x4cBA0E5365B79bDDb9681bA81B279742675d3f6a,2.808783520817937e+19,2.0433631164249563e+19,1.1,0x5f98805A4E8be255a32880FDeC7F6728C6568bA0,3.0000045580867805e+21,3.466600647188357e+22,1235.7191377300398,8.29425432182416,0.9967281374440784,24882.80077140346,34552.58406334488,34708.67550415487,25250.22908298014
11673068,1610891256,0x4cBA0E5365B79bDDb9681bA81B279742675d3f6a,2.863912177427652e+19,2.07780958631729e+19,1.1,0x5f98805A4E8be255a32880FDeC7F6728C6568bA0,3.000013829449606e+21,3.4672590515563353e+22,1222.553624017415,8.319229579321858,1.000494209263415,24957.803788331807,34689.72603098274,35012.86211381782,25402.336397703282
11678068,1610957039,0x4cBA0E5365B79bDDb9681bA81B279742675d3f6a,2.8434612662984e+19,2.2387677931386917e+19,1.02,0x5f98805A4E8be255a32880FDeC7F6728C6568bA0,3.00002381803718e+21,3.468000432670904e+22,1216.886789833428,9.318787191329294,1.0001951018487254,27956.58352920768,34686.77045966698,34601.70452361554,27243.26952975011
11683068,1611023936,0x4cBA0E5365B79bDDb9681bA81B279742675d3f6a,1.519414527142279e+19,1.0533163673748777e+19,1.15,0x5f98805A4E8be255a32880FDeC7F6728C6568bA0,1.5000168883684316e+21,2.0037111267546485e+22,1318.020444403662,9.287995830201773,1.0014568804314747,13932.150604398232,20066.30294285546,20026.194102974463,13882.925066250873
11688068,1611090071,0x4cBA0E5365B79bDDb9681bA81B279742675d3f6a,1.4575464273299755e+19,9.516895905653996e+18,1.23,0x5f98805A4E8be255a32880FDeC7F6728C6568bA0,1.5000229878593117e+21,2.0040784293099364e+22,1365.9042455189667,8.955604357647278,1.0016724638865715,13433.612406643942,20074.301781088143,19908.688531310156,12999.168521694864
11693068,1611156159,0x4cBA0E5365B79bDDb9681bA81B279742675d3f6a,1.5394255036890796e+19,9.365929522179537e+18,1.31,0x5f98805A4E8be255a32880FDeC7F6728C6568bA0,1.500029542480857e+21,2.0044202779298964e+22,1300.6029969875372,8.23942851938722,1.0003169817279798,12359.386192240137,20050.556425331924,20021.814237370658,12181.356006120757
11698068,1611222648,0x4cBA0E5365B79bDDb9681bA81B279742675d3f6a,1.5938881227534088e+19,9.340028741842889e+18,1.37,0x5f98805A4E8be255a32880FDeC7F6728C6568bA0,1.5000375240616656e+21,2.0048894256032627e+22,1249.528427578815,7.975071560175887,1.001509059454602,11962.906597340841,20079.14922946401,19916.08519760616,11670.631427335882
11703068,1611288503,0x4cBA0E5365B79bDDb9681bA81B279742675d3f6a,1.7304821690143556e+19,1.040462717641962e+19,1.33,0x5f98805A4E8be255a32880FDeC7F6728C6568bA0,1.5000514569830463e+21,2.0054246303602185e+22,1135.7358312418503,8.210846580165684,1.0054566201686308,12316.692375641798,20163.674708449107,19653.706046747193,11816.907894972484
11708068,1611355098,0x4cBA0E5365B79bDDb9681bA81B279742675d3f6a,1.6002780596661916e+19,1.0573952660508172e+19,1.21,0x5f98805A4E8be255a32880FDeC7F6728C6568bA0,1.5000641848152826e+21,2.005804284488621e+22,1254.6752696258927,8.678336057096335,1.0027863513081448,13018.061103041286,20113.931598805884,20078.29305988079,13266.876905334517
11713068,1611421596,0x4cBA0E5365B79bDDb9681bA81B279742675d3f6a,1.6013576851332506e+19,1.1105075063504275e+19,1.15,0x5f98805A4E8be255a32880FDeC7F6728C6568bA0,1.5000776622349067e+21,2.0063461506577835e+22,1246.354236022116,9.14111595889774,0.999129033155933,13712.383857841522,20045.98689682839,19958.589342523966,13840.857346742123
11718068,1611488023,0x4cBA0E5365B79bDDb9681bA81B279742675d3f6a,1.1312665920947298e+19,7.888225482761392e+18,1.15,0x5f98805A4E8be255a32880FDeC7F6728C6568bA0,1.0000066363928623e+21,1.5146112081371156e+22,1346.9308904408454,10.612907058478717,1.0002641674883663,10612.97748989937,15150.113191758208,15237.37918216135,10624.89457349397
11723068,1611554208,0x4cBA0E5365B79bDDb9681bA81B279742675d3f6a,6.369100823497659e+18,4.588746782178883e+18,1.11,0x5f98805A4E8be255a32880FDeC7F6728C6568bA0,5.25009584419217e+20,9.073908378153567e+21,1443.8744114343212,12.485337113790466,0.9990985544902938,6554.921649444959,9065.728744190597,9196.181702893535,6625.57405933967
11728068,1611620323,0x4cBA0E5365B79bDDb9681bA81B279742675d3f6a,6.808846214880276e+18,4.507264312639923e+18,1.21,0x5f98805A4E8be255a32880FDeC7F6728C6568bA0,5.250162170705582e+20,9.076159834453e+21,1346.1234159103394,11.81245471958265,1.0017888532991208,6201.7302911925435,9092.395752916209,9165.547325182823,6067.334032941621
11733068,1611686754,0x4cBA0E5365B79bDDb9681bA81B279742675d3f6a,6.826510792075026e+18,5.281359236035151e+18,1.03,0x5f98805A4E8be255a32880FDeC7F6728C6568bA0,5.250235711382078e+20,9.077439798567278e+21,1329.8869848743889,13.352805872521454,1.0004611427483094,7010.537823906447,9081.625794103604,9078.487854485133,7023.6109104492925
11738068,1611753578,0x4cBA0E5365B79bDDb9681bA81B279742675d3f6a,4.283826430455358e+18,3.0703034783223987e+18,1.12,0x5f98805A4E8be255a32880FDeC7F6728C6568bA0,2.756414036359852e+20,5.453594279427211e+21,1270.2994883692309,13.976788855275288,0.9993254760923412,3852.581698391875,5449.915699703067,5441.7425228700295,3900.2049376512127
11743068,1611820325,0x4cBA0E5365B79bDDb9681bA81B279742675d3f6a,4.232662355113156e+18,3.103359633575828e+18,1.09,0x5f98805A4E8be255a32880FDeC7F6728C6568bA0,2.7564786016642564e+20,5.454319881196685e+21,1287.5822604257849,14.425670571879206,0.9977309291686216,3976.4052246042806,5441.943643049254,5449.900962815724,3995.8308119137
11748068,1611886668,0x4cBA0E5365B79bDDb9681bA81B279742675d3f6a,4.047892511510125e+18,3.0051466479202304e+18,1.08,0x5f98805A4E8be255a32880FDeC7F6728C6568bA0,2.756525479082056e+20,5.455046205176327e+21,1345.696022933147,14.686739359940177,0.9976048896400502,4048.437125031239,5441.980767496305,5447.2328540000435,4044.013892437132
11753068,1611953708,0x4cBA0E5365B79bDDb9681bA81B279742675d3f6a,4.0295098466499743e+18,3.0124889955845417e+18,1.07,0x5f98805A4E8be255a32880FDeC7F6728C6568bA0,2.7565712746470585e+20,5.455677220971163e+21,1354.2502945340138,14.943081179962729,0.9936067549653036,4119.166833540433,5420.797739667283,5456.964896653437,4079.664109550841
11758068,1612020092,0x4cBA0E5365B79bDDb9681bA81B279742675d3f6a,3.9845274635753984e+18,3.425678793467411e+18,0.93,0x5f98805A4E8be255a32880FDeC7F6728C6568bA0,2.7566165879157034e+20,5.456759119206822e+21,1364.99578027604,16.56578920813743,0.9969621251121036,4566.5529323066585,5440.182167709284,5438.863174174412,4676.037097664132
11763068,1612086711,0x4cBA0E5365B79bDDb9681bA81B279742675d3f6a,4.049873427133118e+18,3.9293529745391375e+18,0.82,0x5f98805A4E8be255a32880FDeC7F6728C6568bA0,2.7566641144539526e+20,5.45804884147078e+21,1341.2603250547625,18.86681533057132,0.995613938489432,5200.947277581565,5434.109503524404,5431.934549307211,5270.285247885261
11768068,1612151804,0x4cBA0E5365B79bDDb9681bA81B279742675d3f6a,2.1744974134770962e+18,1.8525107623975043e+18,0.94,0x5f98805A4E8be255a32880FDeC7F6728C6568bA0,1.3783595849956152e+20,2.8596743779275967e+21,1316.7579640749343,17.820406974362275,0.9976097409788074,2456.292876163495,2852.8390154480817,2863.286787056312,2439.308299921442
11773068,1612219025,0x4cBA0E5365B79bDDb9681bA81B279742675d3f6a,2.1166168066362788e+18,2.0225730402563802e+18,0.84,0x5f98805A4E8be255a32880FDeC7F6728C6568bA0,1.3783848190695496e+20,2.8601372253411685e+21,1355.9785841705584,19.83030418454555,0.9956522624883584,2733.3790245508953,2847.70209943811,2870.08706069427,2742.565727508388
11778068,1612285641,0x4cBA0E5365B79bDDb9681bA81B279742675d3f6a,1.9174387146359473e+18,1.6958742203981489e+18,0.9,0x5f98805A4E8be255a32880FDeC7F6728C6568bA0,1.3784109639793666e+20,2.860993596853134e+21,1476.601508077354,18.435827084816257,0.9969799865056213,2541.2146183738496,2852.353357583306,2831.2928976773433,2504.130431349414
11783068,1612352380,0x4cBA0E5365B79bDDb9681bA81B279742675d3f6a,1.8444741084765932e+18,1.747414174783435e+18,0.84,0x5f98805A4E8be255a32880FDeC7F6728C6568bA0,1.3784423228860804e+20,2.8618365326367544e+21,1554.5870197236088,19.7267187627796,0.9967524874492804,2719.2144034286343,2852.5426825789086,2867.3955072539875,2716.5073941993696
11788068,1612419457,0x4cBA0E5365B79bDDb9681bA81B279742675d3f6a,1.7254436024200302e+18,1.7373826672564495e+18,0.79,0x5f98805A4E8be255a32880FDeC7F6728C6568bA0,1.3784757564209152e+20,2.8625248398441516e+21,1670.6112749072208,20.84137205899509,1.0016246484974736,2872.9326113872985,2867.1754365241854,2882.5455364194345,2902.491072747005
11793068,1612485297,0x4cBA0E5365B79bDDb9681bA81B279742675d3f6a,1.7710629571189527e+18,1.725000092359964e+18,0.82,0x5f98805A4E8be255a32880FDeC7F6728C6568bA0,1.3785111900539434e+20,2.8630164444730984e+21,1602.1832905437102,20.046299963873743,0.9946483926002456,2763.4048819377917,2847.6947044832377,2837.5674763969173,2763.766324165491
11798068,1612551623,0x4cBA0E5365B79bDDb9681bA81B279742675d3f6a,1.6892362139119283e+18,1.7190009640873303e+18,0.79,0x5f98805A4E8be255a32880FDeC7F6728C6568bA0,1.3785409489917424e+20,2.8636937617607366e+21,1694.4729191342572,20.988788142505616,1.0005617342081012,2893.390392415632,2865.3023965082434,2862.3650184946455,2912.800581611661
11803068,1612618337,0x4cBA0E5365B79bDDb9681bA81B279742675d3f6a,1.7028380060991987e+18,1.5912431653531643e+18,0.86,0x5f98805A4E8be255a32880FDeC7F6728C6568bA0,1.3785697828783825e+20,2.8642708092821973e+21,1672.13800509854,19.58156372028808,0.9997024732352598,2699.455204629675,2863.4186120549716,2847.3801465246897,2660.778172140326
11808068,1612684412,0x4cBA0E5365B79bDDb9681bA81B279742675d3f6a,1.7544299776290793e+18,1.557603803373743e+18,0.9,0x5f98805A4E8be255a32880FDeC7F6728C6568bA0,1.3786007281032128e+20,2.864655620550496e+21,1631.4131879165525,18.52964094995922,1.0001321473990863,2554.4976505104887,2865.0341773400296,2862.200202780222,2541.0953863729055
11813068,1612750750,0x4cBA0E5365B79bDDb9681bA81B279742675d3f6a,1.801716211947992e+18,1.5846662939782098e+18,0.91,0x5f98805A4E8be255a32880FDeC7F6728C6568bA0,1.3786335528871692e+20,2.865044983092999e+21,1584.3351843930293,18.424890293038903,0.998905047627639,2540.117196624854,2861.9078952918408,2854.5223868805324,2510.642565071385
11818068,1612817803,0x4cBA0E5365B79bDDb9681bA81B279742675d3f6a,1.673360050268634e+18,1.5582236876136753e+18,0.86,0x5f98805A4E8be255a32880FDeC7F6728C6568bA0,1.3786662935412328e+20,2.8656199716927213e+21,1736.5177293914755,19.240144725008697,1.0008651531399986,2652.5739015224644,2868.0991718092737,2905.8193949468937,2705.883059898911
11823068,1612884392,0x4cBA0E5365B79bDDb9681bA81B279742675d3f6a,1.6373497758102205e+18,1.5197335170094034e+18,0.86,0x5f98805A4E8be255a32880FDeC7F6728C6568bA0,1.3787006500884806e+20,2.866285517363616e+21,1747.54324489654,19.28034255503986,0.9986594970643944,2658.182081456205,2862.443253213306,2861.339540250015,2655.800041692644
11828068,1612950929,0x4cBA0E5365B79bDDb9681bA81B279742675d3f6a,1.5932025609385815e+18,1.6334754878963827e+18,0.78,0x5f98805A4E8be255a32880FDeC7F6728C6568bA0,1.378739072699664e+20,2.867001074869629e+21,1808.1896093528428,21.05668007937184,1.002665290960478,2903.166756676662,2874.64246691816,2880.8123162834827,2953.6334043468046
11833068,1613016914,0x4cBA0E5365B79bDDb9681bA81B279742675d3f6a,1.6553227600002606e+18,1.6227753120336484e+18,0.82,0x5f98805A4E8be255a32880FDeC7F6728C6568bA0,1.3787771818715723e+20,2.8678919607213925e+21,1739.139207706217,20.61092328518389,1.001722663274865,2841.7870722917014,2872.832372878408,2878.8367133249217,2822.232170455408
11838068,1613083370,0x4cBA0E5365B79bDDb9681bA81B279742675d3f6a,1.6261179606176824e+18,1.6260656178741972e+18,0.8,0x5f98805A4E8be255a32880FDeC7F6728C6568bA0,1.3788150526578134e+20,2.868714091484552e+21,1780.0326941891624,21.05652520056251,1.0007956803008369,2903.3053903204172,2870.996670775879,2894.5431345076795,2894.449962712972
11843068,1613149460,0x4cBA0E5365B79bDDb9681bA81B279742675d3f6a,1.5823824505427164e+18,1.7265735425099436e+18,0.73,0x5f98805A4E8be255a32880FDeC7F6728C6568bA0,1.3788514499707588e+20,2.8691831990884007e+21,1804.6662014224275,22.93096715437892,0.9991989695229472,3161.8397310047217,2866.8848959016827,2855.6721262184365,3115.888916437884
11848068,1613216113,0x4cBA0E5365B79bDDb9681bA81B279742675d3f6a,1.5996294534202033e+18,1.693964265525619e+18,0.76,0x5f98805A4E8be255a32880FDeC7F6728C6568bA0,1.3788882010699368e+20,2.8697013742112536e+21,1795.1203766474912,21.73983439955093,0.9981963823203376,2997.680114675511,2864.5255300773747,2871.527426920096,3040.8697703577395
11853068,1613282004,0x4cBA0E5365B79bDDb9681bA81B279742675d3f6a,1.5787453623012572e+18,1.6364686400880266e+18,0.77,0x5f98805A4E8be255a32880FDeC7F6728C6568bA0,1.3789299306992571e+20,2.8701357641952615e+21,1824.845464007082,21.689922514509533,1.007708993555971,2990.8883349804887,2892.261622306205,2880.9663132176665,2986.3023748544733
11858068,1613348882,0x4cBA0E5365B79bDDb9681bA81B279742675d3f6a,1.5907788436331067e+18,1.6055222636561746e+18,0.79,0x5f98805A4E8be255a32880FDeC7F6728C6568bA0,1.3789780940496201e+20,2.87107613319922e+21,1813.328047065077,20.852111804342726,0.998297944471226,2875.4605392862118,2866.189402193177,2884.603893837663,2911.3385508751526
11863068,1613414566,0x4cBA0E5365B79bDDb9681bA81B279742675d3f6a,1.5780973830188244e+18,1.6008904935206167e+18,0.79,0x5f98805A4E8be255a32880FDeC7F6728C6568bA0,1.3790317564062985e+20,2.8720861323438646e+21,1818.106773616929,21.184585573930587,0.99874513338141,2921.4216252757033,2868.482047330671,2869.1495414936744,2910.589850088782
11868068,1613481547,0x4cBA0E5365B79bDDb9681bA81B279742675d3f6a,1.5955023709890145e+18,1.6043568857895547e+18,0.8,0x5f98805A4E8be255a32880FDeC7F6728C6568bA0,1.379086210069077e+20,2.8731204955520384e+21,1781.590233712393,20.781022144938625,0.9977533397163244,2865.882107122497,2866.6655698444674,2842.5314420189957,2858.3065591119
11873068,1613548333,0x4cBA0E5365B79bDDb9681bA81B279742675d3f6a,1.605052824820488e+18,1.5400903284461327e+18,0.83,0x5f98805A4E8be255a32880FDeC7F6728C6568bA0,1.3791441123653924e+20,2.8738623732741985e+21,1794.6583483049328,20.123229883933984,1.0014557142319145,2775.283401620287,2878.0458956315374,2880.5214515345033,2763.935965089538
11878068,1613614480,0x4cBA0E5365B79bDDb9681bA81B279742675d3f6a,1.5072933820009326e+18,1.6212279668444296e+18,0.74,0x5f98805A4E8be255a32880FDeC7F6728C6568bA0,1.3791815285179382e+20,2.87453786498496e+21,1897.427160746748,22.10756408445749,1.0005362923850558,3049.0344025810355,2876.0794577525057,2859.979402222393,3076.161978052849
11883068,1613681616,0x4cBA0E5365B79bDDb9681bA81B279742675d3f6a,1.4864281720874473e+18,1.4998884993434744e+18,0.79,0x5f98805A4E8be255a32880FDeC7F6728C6568bA0,1.3792140929891007e+20,2.875379338780741e+21,1937.5072778011952,21.468131908179338,1.0001678433977972,2960.915007790994,2875.8619522189183,2879.9654013481563,2906.044883368295
11888068,1613747297,0x4cBA0E5365B79bDDb9681bA81B279742675d3f6a,1.4968412874678766e+18,1.464788477065378e+18,0.82,0x5f98805A4E8be255a32880FDeC7F6728C6568bA0,1.3792474714460576e+20,2.876215877059216e+21,1924.1120984175968,20.367170459333764,1.0041193039448293,2809.136835654693,2888.0638844677665,2880.0904306279135,2818.4172303441806
11893068,1613813646,0x4cBA0E5365B79bDDb9681bA81B279742675d3f6a,1.441471268109478e+18,1.880813832205628e+18,0.61,0x5f98805A4E8be255a32880FDeC7F6728C6568bA0,1.3792809638321442e+20,2.8768996160680797e+21,2002.422121582695,25.395940268386667,1.002650348987413,3502.813697080392,2884.524404052415,2886.4339548882785,3766.183224187272
11898068,1613880934,0x4cBA0E5365B79bDDb9681bA81B279742675d3f6a,1.4839027331239255e+18,2.1558586785520773e+18,0.55,0x5f98805A4E8be255a32880FDeC7F6728C6568bA0,1.3793081388900642e+20,2.877396961556099e+21,1944.0218903327025,29.917673403012905,1.0030376420792435,4126.569042143051,2886.137463645209,2884.7393963174372,4191.036463568971
11903068,1613946982,0x4cBA0E5365B79bDDb9681bA81B279742675d3f6a,1.4902037069052718e+18,2.0491287785357888e+18,0.58,0x5f98805A4E8be255a32880FDeC7F6728C6568bA0,1.37932733398238e+20,2.87782810591943e+21,1924.196952692478,28.610510751234983,1.0023581479031196,3946.3259518375176,2884.6144502329425,2867.4454317181585,3942.927351333024
11908068,1614013201,0x4cBA0E5365B79bDDb9681bA81B279742675d3f6a,1.6570360964238228e+18,2.1364625150299497e+18,0.62,0x5f98805A4E8be255a32880FDeC7F6728C6568bA0,1.3793462219219481e+20,2.8782970465139105e+21,1711.9810209639036,26.92806106016977,0.9994588839949335,3714.3119287028703,2876.7395539147064,2836.8143481296975,3657.5832777320825
11913068,1614080510,0x4cBA0E5365B79bDDb9681bA81B279742675d3f6a,5.757303203125162e+17,9.918030451572186e+17,0.46,0x5f98805A4E8be255a32880FDeC7F6728C6568bA0,6.8968601047352476e+19,8.326695515029141e+20,1474.8247857143929,20.86500924572292,1.0112758798502215,1439.0304985175849,842.0586333205988,849.1013462841855,1462.7357135448772
11918068,1614145742,0x4cBA0E5365B79bDDb9681bA81B279742675d3f6a,5.0972385461437574e+17,1.1055889659986817e+18,0.37,0x5f98805A4E8be255a32880FDeC7F6728C6568bA0,6.896998918332007e+19,8.32776015585468e+20,1625.969124686217,26.260441749375527,1.0044346814900205,1811.1823834036368,836.4691119671178,828.7952497190211,1797.653523307616
11923068,1614212759,0x4cBA0E5365B79bDDb9681bA81B279742675d3f6a,5.093637887440538e+17,1.0659174779850286e+18,0.38,0x5f98805A4E8be255a32880FDeC7F6728C6568bA0,6.8971198365004464e+19,8.328788269435666e+20,1643.8191933050628,25.369173807347188,1.0066565530896596,1749.7423190228185,838.4229290723698,837.301972312061,1752.175608791117
11928068,1614279267,0x4cBA0E5365B79bDDb9681bA81B279742675d3f6a,5.261582237342932e+17,1.0901083012292822e+18,0.39,0x5f98805A4E8be255a32880FDeC7F6728C6568bA0,6.8972367006846165e+19,8.330529910553345e+20,1598.2651162641312,24.679466194271228,1.0009307382148658,1702.2011998843282,833.8283453091179,840.9403346300189,1742.2820708047134
11933068,1614345153,0x4cBA0E5365B79bDDb9681bA81B279742675d3f6a,5.662153701010305e+17,1.0608078800267561e+18,0.43,0x5f98805A4E8be255a32880FDeC7F6728C6568bA0,6.897320340668598e+19,8.331963897043221e+20,1481.5566258366189,22.711880326832265,0.9993736098893816,1566.5111415309116,832.6744837256084,838.8801332237151,1571.6469433933378
11938068,1614411692,0x4cBA0E5365B79bDDb9681bA81B279742675d3f6a,5.574748393882794e+17,1.1015752996236892e+18,0.4,0x5f98805A4E8be255a32880FDeC7F6728C6568bA0,6.897394383565606e+19,8.333333839083133e+20,1500.1902881240394,24.012407178874053,1.0037628822905518,1656.2304241145632,836.4691193407475,836.3183399238055,1652.5725661327872
11943068,1614478256,0x4cBA0E5365B79bDDb9681bA81B279742675d3f6a,5.717809878685999e+17,1.1153570722932442e+18,0.41,0x5f98805A4E8be255a32880FDeC7F6728C6568bA0,6.8974694976543465e+19,8.334683545194732e+20,1465.0256598285575,23.81552019371601,1.005461110866949,1642.668241069273,838.0200176075975,837.67381902962,1634.0267307808583
11948068,1614545461,0x4cBA0E5365B79bDDb9681bA81B279742675d3f6a,5.983696864404704e+17,1.0981484716616787e+18,0.44,0x5f98805A4E8be255a32880FDeC7F6728C6568bA0,6.897538350552955e+19,8.336207515143821e+20,1424.23625402973,22.418979047426014,1.0124815865580927,1546.3576775986407,844.0256610810311,852.2198007409196,1564.0228656479023
11953068,1614611420,0x4cBA0E5365B79bDDb9681bA81B279742675d3f6a,5.478170159539676e+17,1.0814431370876358e+18,0.41,0x5f98805A4E8be255a32880FDeC7F6728C6568bA0,6.8976008802621964e+19,8.338153899455404e+20,1537.405596907015,24.084088287150312,0.999722449482682,1661.2242856976045,833.5839640527132,842.2169464085293,1662.6167316952117
11958068,1614677805,0x4cBA0E5365B79bDDb9681bA81B279742675d3f6a,5.3265652423477664e+17,1.171085671954107e+18,0.36,0x5f98805A4E8be255a32880FDeC7F6728C6568bA0,6.897665530698212e+19,8.339694873412225e+20,1564.7525620950598,26.60737391967308,1.002537799108408,1835.2876594812758,836.0859343626364,833.4756610130161,1832.4593056230035
11963068,1614744768,0x4cBA0E5365B79bDDb9681bA81B279742675d3f6a,5.454603280744924e+17,1.1736202334875597e+18,0.37,0x5f98805A4E8be255a32880FDeC7F6728C6568bA0,6.897728221139998e+19,8.341095859183797e+20,1524.7042218087497,25.838994994035545,1.0035703465166756,1782.3036497625412,837.0876461729891,831.6656650443642,1789.4237247986528
11965096,1614772208,0x4cBA0E5365B79bDDb9681bA81B279742675d3f6a,0.0,6.759363503527826e+17,0.0,0x5f98805A4E8be255a32880FDeC7F6728C6568bA0,6.89775354427994e+19,8.341672521297389e+20,1600.6645257136754,26.873499324985808,1.002054977354326,1853.6677521612546,835.8814469425859,0.0,1081.9473376500694
