block,timestamp,user,totalCollateral,totalDebt,healthFactor,tokenAddress,USDT_debt,WBTC_collateral,WETH_collateral,UNI_collateral,BUSD_debt,DAI_debt,LINK_collateral,sUSD_debt,USDC_debt,WETH_USD_price,USDT_USD_price,WBTC_USD_price,UNI_USD_price,BUSD_USD_price,DAI_USD_price,LINK_USD_price,sUSD_USD_price,USDC_USD_price,USDT_debt (in USD),WBTC_collateral (in USD),WETH_collateral (in USD),UNI_collateral (in USD),BUSD_debt (in USD),DAI_debt (in USD),LINK_collateral (in USD),sUSD_debt (in USD),USDC_debt (in USD),totalCollateral (in USD),totalDebt (in USD)
11975253,1614907035,0x57dC4A5D2786CB0fEf99FA526B0fF5038E185460,9.199368040126368e+18,6.117579746997088e+18,1.13,0x5f98805A4E8be255a32880FDeC7F6728C6568bA0,0.0,29361254.0,0.0,0.0,0.0,0.0,0.0,0.0,0.0,1478.882312008992,0.9983131702331952,46858.48259291324,26.8391386695004,0.9883852376501726,1.0057380953626698,26.523134469630968,1.0139642776093372,0.9938871955304788,0.0,13758.238094651042,0.0,0.0,0.0,0.0,0.0,0.0,0.0,13604.782676203711,9047.180480138437
11980253,1614972713,0x57dC4A5D2786CB0fEf99FA526B0fF5038E185460,9.355010640046156e+18,5.929106058000039e+18,1.18,0x5f98805A4E8be255a32880FDeC7F6728C6568bA0,9022883459.0,29361292.0,0.0,0.0,0.0,0.0,0.0,0.0,0.0,1521.102364501002,1.0064322784573745,48529.13577213745,27.706720390051508,1.0024491302188188,1.0032839133838911,27.633415888018003,1.0154070169462244,1.0005990287796926,9080.921157896726,14248.781259133732,0.0,0.0,0.0,0.0,0.0,0.0,0.0,14229.928804506242,9018.777244201074
11985253,1615038806,0x57dC4A5D2786CB0fEf99FA526B0fF5038E185460,9.1304580902293e+18,5.9005061095955e+18,1.16,0x5f98805A4E8be255a32880FDeC7F6728C6568bA0,9023559352.0,29361310.0,0.0,0.0,0.0,0.0,0.0,0.0,0.0,1535.7099424864043,1.0026639429241802,47584.64023018021,27.68619143508413,1.0022527627396924,1.0034622413473713,26.77884801173461,1.0167709525988686,1.002279156621383,9047.597599086681,13971.473730367925,0.0,0.0,0.0,0.0,0.0,0.0,0.0,14021.735268620563,9061.465898207582
11990253,1615105368,0x57dC4A5D2786CB0fEf99FA526B0fF5038E185460,8.727282730425389e+18,5.38205402211065e+18,1.22,0x5f98805A4E8be255a32880FDeC7F6728C6568bA0,9025269326.0,29361344.0,0.0,0.0,0.0,0.0,0.0,0.0,0.0,1688.37167235715,1.0006034224042568,50194.59669270439,30.99887463919624,1.0127821671925223,1.0017977432357008,28.89636085194148,1.024626541465284,1.0047655564374025,9030.71537571576,14737.80820435756,0.0,0.0,0.0,0.0,0.0,0.0,0.0,14734.896938701986,9086.907550027483
11995253,1615171957,0x57dC4A5D2786CB0fEf99FA526B0fF5038E185460,1.4445823463922827e+19,9.611596289842297e+18,1.13,0x5f98805A4E8be255a32880FDeC7F6728C6568bA0,9027961930.0,48650058.0,0.0,0.0,0.0,0.0,0.0,0.0,7520280689.0,1730.1041007399365,0.9987319129733192,50945.20032841429,33.5123275794134,1.0007944505845787,0.998236359169912,28.55452149911481,0.9894883627782606,1.0008680168823856,9016.513688599198,24784.869507989744,0.0,0.0,0.0,0.0,0.0,0.0,7526.80841959833,24992.77841349808,16629.062155712916
12000253,1615238416,0x57dC4A5D2786CB0fEf99FA526B0fF5038E185460,1.4198965552163668e+19,9.34046420312463e+18,1.14,0x5f98805A4E8be255a32880FDeC7F6728C6568bA0,9030035545.0,48650083.0,0.0,0.0,0.0,0.0,0.0,0.0,7524399574.0,1779.2370715252416,0.9996336640270914,51836.71465529127,33.17128717891787,1.0054127699580755,1.0009264780331464,30.921012879571748,1.0113527246813554,1.0020672694129655,9026.727518143223,25218.604704272366,0.0,0.0,0.0,0.0,0.0,0.0,7539.954535090261,25263.32588771947,16618.900175453815
12005253,1615305750,0x57dC4A5D2786CB0fEf99FA526B0fF5038E185460,1.4420553832173044e+19,9.080935159049776e+18,1.19,0x5f98805A4E8be255a32880FDeC7F6728C6568bA0,9033304909.0,48650121.0,0.0,0.0,0.0,0.0,0.0,0.0,7530021108.0,1819.8860103630336,1.0014652601963756,54171.60634353892,32.846158534922075,0.9968117519591164,1.0003461412007526,30.560816628376752,1.0012735442917229,0.9979854824722454,9046.541051124883,26354.552033775362,0.0,0.0,0.0,0.0,0.0,0.0,7514.851748493572,26243.764180858754,16526.266856968497
12010253,1615372007,0x57dC4A5D2786CB0fEf99FA526B0fF5038E185460,1.4704373000527628e+19,9.04175234313331e+18,1.22,0x5f98805A4E8be255a32880FDeC7F6728C6568bA0,9035640387.0,48650145.0,0.0,0.0,0.0,0.0,0.0,0.0,7534401743.0,1825.982413210725,1.0028515438911718,55076.00457511904,32.21187459400027,1.0032030899954392,1.0014244760820668,30.85027450905013,1.0037856091693291,1.0019676301324267,9061.405912148375,26794.55608600205,0.0,0.0,0.0,0.0,0.0,0.0,7549.226658899335,26849.92649625407,16510.080763168287
12015253,1615438174,0x57dC4A5D2786CB0fEf99FA526B0fF5038E185460,1.5025879963462777e+19,9.207059870541758e+18,1.22,0x5f98805A4E8be255a32880FDeC7F6728C6568bA0,9041359618.0,48650165.0,0.0,0.0,0.0,0.0,0.0,0.0,7543644213.0,1794.4899277258953,0.9970111233165544,55918.225877331766,30.45158552898357,1.0011534952612782,0.9985537059548412,29.373948121449825,1.0020553819831537,0.9995211174630876,9014.336109051113,27204.309154394603,0.0,0.0,0.0,0.0,0.0,0.0,7540.031693521713,26963.790249652295,16521.97620165647
12020253,1615505568,0x57dC4A5D2786CB0fEf99FA526B0fF5038E185460,1.5303348408734323e+19,9.083507836966359e+18,1.26,0x5f98805A4E8be255a32880FDeC7F6728C6568bA0,9045844546.0,48650184.0,0.0,0.0,0.0,0.0,0.0,0.0,7551246217.0,1834.4292375403304,1.0022334951787044,58098.00679828035,31.293285413771084,1.0043681800018809,1.003029306788374,30.15862846940516,1.0084393693560183,1.0019125340390445,9066.0483961808,28264.787207695903,0.0,0.0,0.0,0.0,0.0,0.0,7565.688232427218,28072.909753248532,16663.05235555781
12025253,1615573170,0x57dC4A5D2786CB0fEf99FA526B0fF5038E185460,1.5735060185516042e+19,9.33697382585064e+18,1.26,0x5f98805A4E8be255a32880FDeC7F6728C6568bA0,9046691289.0,48650203.0,0.0,0.0,0.0,0.0,0.0,0.0,7554657478.0,1763.6799795081552,1.003170561961408,57541.51546718605,30.648425858332896,0.9977260914376318,1.0035295633532786,28.315987950720583,1.0041671996835544,1.0016978513480457,9075.374384277504,27994.06408406241,0.0,0.0,0.0,0.0,0.0,0.0,7567.484163383046,27751.610625550522,16467.433805844437
12030253,1615639257,0x57dC4A5D2786CB0fEf99FA526B0fF5038E185460,1.57091573296e+19,8.78479746248493e+18,1.34,0x5f98805A4E8be255a32880FDeC7F6728C6568bA0,9047433430.0,48650223.0,0.0,0.0,0.0,0.0,0.0,0.0,7555484474.0,1883.7252650839275,0.9995679309990166,60266.05171207872,32.97151644046277,0.9992406664685312,1.0039398331524134,29.914643529775336,1.0016980481465785,0.998646074173171,9043.524314476435,29319.568551221615,0.0,0.0,0.0,0.0,0.0,0.0,7545.2549084364455,29591.736554945885,16548.144928728037
12035253,1615705942,0x57dC4A5D2786CB0fEf99FA526B0fF5038E185460,1.8480421794557518e+19,1.2896733832350677e+19,1.09,0x5f98805A4E8be255a32880FDeC7F6728C6568bA0,9049339599.0,48650242.0,3.0500207328159483e+18,0.0,6.210505912462428e+21,1.5842712917213648e+21,0.0,0.0,7557169220.0,1895.0166097217527,1.000304950033239,60772.44847404114,32.83898574036968,1.002710329772275,1.001014984773002,29.25246140181907,1.01000031774437,1.0042330664726198,9052.099195411507,29565.943251946323,5779.839948681934,0.0,6227.338431537864,1585.8793029587664,0.0,0.0,7589.1592196530955,35020.70625535038,24439.524823465006
12040253,1615771863,0x57dC4A5D2786CB0fEf99FA526B0fF5038E185460,1.874848097660024e+19,1.3001096573624846e+19,1.1,0x5f98805A4E8be255a32880FDeC7F6728C6568bA0,9052707740.0,48650260.0,3.0500539684869294e+18,0.0,6.213229743347551e+21,1.5851427074619138e+21,0.0,0.0,7558366163.0,1877.1314678144136,0.9953141841088052,59760.01996094194,30.967301970131583,1.0000183547886723,1.005547252320463,28.91165319274247,1.0083250976865683,1.0002858345692969,9010.288418213566,29073.405087050156,5725.352282779047,0.0,6213.343785866463,1593.9358940241468,0.0,0.0,7560.526605336789,35193.36361489622,24404.76749444535
12045253,1615838855,0x57dC4A5D2786CB0fEf99FA526B0fF5038E185460,1.8458161097892286e+19,1.3691907718449801e+19,1.03,0x5f98805A4E8be255a32880FDeC7F6728C6568bA0,9056359810.0,48650277.0,3.0500961784052424e+18,0.0,6.215825234503659e+21,1.5860660858820826e+21,0.0,0.0,7559282702.0,1789.4073789282838,1.0054946567870937,56916.564347635016,30.31692463328945,1.0035048435160554,1.0048223298514678,27.6203813533093,1.010772038100958,1.0035310371265085,9106.12139889638,27690.06621400768,5457.8646080793005,0.0,6237.610729273742,1593.7146197144325,0.0,0.0,7585.974809870536,33029.16967001545,24500.4007029992
12050253,1615905652,0x57dC4A5D2786CB0fEf99FA526B0fF5038E185460,1.5642889546421977e+19,1.1185956666109989e+19,1.07,0x5f98805A4E8be255a32880FDeC7F6728C6568bA0,4530290074.0,40598986.0,3.050135118956205e+18,0.0,6.216976605532087e+21,1.587055014346963e+21,0.0,0.0,7560545741.0,1792.968084727956,0.9987199299360788,55568.87576454234,29.335258446377484,1.0059214478751173,1.0061234113627406,27.67378388041905,1.005715732079444,1.0038186878548156,4524.490985295393,22560.400092003936,5468.794922396383,0.0,6253.790108442568,1596.7732050551097,0.0,0.0,7589.417105196935,28047.201709659177,20056.06329948514
12055253,1615971556,0x57dC4A5D2786CB0fEf99FA526B0fF5038E185460,1.5843048113585195e+19,1.1211184688145043e+19,1.08,0x5f98805A4E8be255a32880FDeC7F6728C6568bA0,4532169406.0,40599000.0,3.0501710217350804e+18,0.0,6.22054515759816e+21,1.5877908172532091e+21,0.0,0.0,7562651236.0,1786.7452404305975,1.001702650083324,55970.16964944108,30.878674034729684,1.001416320489809,1.001758625115637,28.061620533370792,1.0010907065958825,1.0018290946518529,4539.886104616764,22723.329175976585,5449.878555584488,0.0,6229.355443162648,1590.5831460628083,0.0,0.0,7576.484040929596,28307.4908108613,20031.53088113155
12060253,1616038817,0x57dC4A5D2786CB0fEf99FA526B0fF5038E185460,1.606626626649704e+19,1.1402454978335134e+19,1.08,0x5f98805A4E8be255a32880FDeC7F6728C6568bA0,4535247876.0,40599059.0,3.050207864232607e+18,0.0,6.223742608092324e+21,2.588558282909849e+21,0.0,0.0,7565687353.0,1832.427428288252,0.9996312291505008,58998.19781647768,30.89530355079229,1.0019020974489925,1.000290676652968,30.17793686166266,1.00500162512068,1.003646804230168,4533.575408788079,23952.713140448486,5589.284552400358,0.0,6235.580773030362,2589.3107163675377,0.0,0.0,7593.277933643049,29440.266976911473,20894.171252123226
12065253,1616104860,0x57dC4A5D2786CB0fEf99FA526B0fF5038E185460,1.629720439015521e+19,1.176065668133883e+19,1.06,0x5f98805A4E8be255a32880FDeC7F6728C6568bA0,4538754245.0,40599073.0,3.050243221935286e+18,0.0,6.226419080151782e+21,2.5902417441898433e+21,0.0,0.0,7569996640.0,1783.2362383343473,1.0048429662798484,58162.07189735186,30.36272910465621,1.0049896035575134,1.006671826077528,29.7518066504738,1.0093552823687462,0.9998064705697816,4560.735278761053,23613.26202791837,5439.304249088718,0.0,6257.486442944677,2607.5233866058306,0.0,0.0,7568.531622863506,29061.76545206639,20972.029180772366
12070253,1616170694,0x57dC4A5D2786CB0fEf99FA526B0fF5038E185460,1.6222184960740162e+19,1.1499761921672215e+19,1.08,0x5f98805A4E8be255a32880FDeC7F6728C6568bA0,4539821673.0,40599088.0,3.050278797028434e+18,0.0,6.226935707743138e+21,2.5914840540100024e+21,0.0,0.0,7571619729.0,1818.9828774819105,1.002437113853199,59031.19728935812,31.392776905005363,1.0041683092171123,1.004875971794388,30.304955402522086,1.0120999428449209,1.0043873536716412,4550.8857352903215,23966.12773496012,5548.404903340841,0.0,6252.89150124809,2604.1200571629615,0.0,0.0,7604.839102618299,29507.876678930912,20917.87003064023
12075253,1616237450,0x57dC4A5D2786CB0fEf99FA526B0fF5038E185460,1.5952708276259723e+19,1.1454611509159748e+19,1.06,0x5f98805A4E8be255a32880FDeC7F6728C6568bA0,4540505212.0,40599102.0,3.050313584656097e+18,0.0,6.227984703338209e+21,2.5923496735182653e+21,0.0,0.0,7573527085.0,1828.9218621623504,1.0054672591180078,58882.79839714631,33.457409514697616,1.0054640056393072,1.0061133821525108,31.053465093051017,1.0130498356014617,1.0035462962651591,4565.329330520669,23905.887381711796,5578.7852014283435,0.0,6262.014446878767,2608.197697745419,0.0,0.0,7600.385055815616,29176.256927149672,20949.589411678735
12080253,1616304370,0x57dC4A5D2786CB0fEf99FA526B0fF5038E185460,1.6212942358586233e+19,1.1812622300946074e+19,1.05,0x5f98805A4E8be255a32880FDeC7F6728C6568bA0,4541549249.0,40599155.0,3.0503404393803126e+18,0.0,6.229724516914231e+21,2.593102947635112e+21,0.0,0.0,7574233175.0,1776.9974835891676,1.0038711248386143,57264.09838039884,32.045139430309725,1.0040853482032548,1.0015931282568276,29.323187051642183,1.012630155891806,0.999523310609842,4559.130153103593,23248.740060810615,5420.447284869091,0.0,6255.175110776178,2597.2340932138527,0.0,0.0,7570.6226184068955,28810.35777278396,20991.000103370458
12085253,1616371187,0x57dC4A5D2786CB0fEf99FA526B0fF5038E185460,1.5963406864660748e+19,1.1698489454099235e+19,1.04,0x5f98805A4E8be255a32880FDeC7F6728C6568bA0,4541948166.0,40599270.0,3.050358460364806e+18,0.0,6.231318183480142e+21,2.5935442084468186e+21,0.0,0.0,7574877258.0,1782.451467701054,0.9976887239673032,57405.48893309667,32.711203977414144,1.0013880846457217,1.0016414162072351,29.29960675121804,1.0092808639347943,1.0037714831149225,4531.450470062174,23306.209446768036,5437.115914691576,0.0,6239.967780573237,2597.801293944744,0.0,0.0,7603.445779676158,28453.99799542363,20851.989697344485
12090253,1616437785,0x57dC4A5D2786CB0fEf99FA526B0fF5038E185460,1.6118007765044488e+19,1.1787002918923915e+19,1.04,0x5f98805A4E8be255a32880FDeC7F6728C6568bA0,4542299095.0,40599448.0,3.050371641434805e+18,0.0,6.232055036145757e+21,2.5939249556294567e+21,0.0,0.0,7575492620.0,1782.2198182573316,1.0018971333073283,57147.25907031395,34.54144156701711,1.0021226042776297,1.0038406242967943,29.09852312831567,1.0139786979651406,1.003141015077682,4550.916441904972,23201.471729677396,5436.432792415257,0.0,6245.283222823903,2603.8872468381082,0.0,0.0,7599.287356540289,28725.83286968785,21007.030199963217
12095253,1616503963,0x57dC4A5D2786CB0fEf99FA526B0fF5038E185460,1.370405851965808e+19,1.0118010137820975e+19,1.04,0x5f98805A4E8be255a32880FDeC7F6728C6568bA0,4542652553.0,32928375.0,3.0503853330762184e+18,0.0,6.233047364695473e+21,2.594257971645022e+21,0.0,0.0,3788066671.0,1703.586488855693,0.9974515641475,55053.71513837525,33.24031748291009,0.9998606811922656,1.0012034245412955,27.414166829413304,1.0071886897478677,1.0036550804213225,4531.075894368484,18128.29377219597,5196.595239232219,0.0,6232.1789839680705,2597.379965354551,0.0,0.0,3801.9123593238364,23346.048936577256,17236.905364896742
12100253,1616570785,0x57dC4A5D2786CB0fEf99FA526B0fF5038E185460,1.3694825938303932e+19,1.0152429226614682e+19,1.03,0x5f98805A4E8be255a32880FDeC7F6728C6568bA0,4543035600.0,32928508.0,3.050405139977335e+18,0.0,6.234390035131549e+21,2.595068785104491e+21,0.0,0.0,3788415707.0,1696.545535615601,1.0036418278922168,55252.2268625362,30.939003838225243,1.005911449681931,1.006345912454778,27.295555430357,1.0088504321744356,1.006573512439756,4559.580553763414,18193.73394260838,5175.15122204743,0.0,6271.244318121761,2611.536864428891,0.0,0.0,3813.318904776931,23233.89580666227,17224.058480066487
12105253,1616637332,0x57dC4A5D2786CB0fEf99FA526B0fF5038E185460,1.4133683484730374e+19,1.090341398580674e+19,0.99,0x5f98805A4E8be255a32880FDeC7F6728C6568bA0,4543753072.0,32928627.0,3.050428103611166e+18,0.0,6.235901326132584e+21,2.5958524209007333e+21,0.0,0.0,3789107991.0,1581.5097111538505,0.9992042843027888,52424.58732970059,27.34452416251145,0.9975446995201066,0.9944621498604268,25.04309519875365,0.9923286807507744,0.9992253945060544,4540.137536356358,17262.696818086366,4824.281669037683,0.0,6220.5903146139635,2581.4769792093366,0.0,0.0,3786.172927133018,22352.55768547588,17243.85510328407
12110253,1616703749,0x57dC4A5D2786CB0fEf99FA526B0fF5038E185460,1.1603565679433617e+19,8.726161072166721e+18,1.02,0x5f98805A4E8be255a32880FDeC7F6728C6568bA0,4544398784.0,26471907.0,3.0504389252293606e+18,0.0,3.118647537857111e+21,2.596221970388276e+21,0.0,0.0,3789430503.0,1612.7553321069702,1.0010438435635918,52180.75225239498,27.252817178794327,0.999694341164186,1.0027393121812718,26.544761211906504,1.005955537641939,1.000986229735256,4549.142425421072,13813.240208154404,4919.611641930306,0.0,3117.694295681375,2603.333832857046,0.0,0.0,3793.167752041745,18713.712420960004,14073.162797961153
12115253,1616770071,0x57dC4A5D2786CB0fEf99FA526B0fF5038E185460,1.2851972014617491e+19,8.596446004672882e+18,1.14,0x5f98805A4E8be255a32880FDeC7F6728C6568bA0,4544775356.0,26472012.0,3.050450311296614e+18,6.216001077458788e+19,3.1191293704062066e+21,2.5964897700750017e+21,0.0,0.0,3789733894.0,1644.1735217399091,1.0020456914851066,53298.567507643405,28.270428344047065,0.9990464277614528,1.003027915908115,26.514125652317027,1.0066174836940454,1.000146943910816,4554.072564247492,14109.203186451463,5015.469631217155,1757.2901304681802,3116.1550552301496,2604.3517227550697,0.0,0.0,3790.290772319336,21130.872088576394,14134.048901949982
12120253,1616836416,0x57dC4A5D2786CB0fEf99FA526B0fF5038E185460,1.2655995316729235e+19,8.323609862506297e+18,1.16,0x5f98805A4E8be255a32880FDeC7F6728C6568bA0,4545137925.0,26472295.0,3.050462067708736e+18,6.216002282245793e+19,3.1202224645839887e+21,2.5969314527537676e+21,0.0,0.0,3790127914.0,1689.5406022863165,1.0017203955582572,54931.23683423638,28.744507901594915,1.0004288023398122,1.0020392896020782,26.79707343433567,1.0041834049875842,0.9991085495671702,4552.9573600978365,14541.559061907716,5153.87951912818,1786.7592671834623,3121.560423277537,2602.227348062678,0.0,0.0,3786.7492028305846,21382.817949959513,14063.076820295213
12125253,1616903175,0x57dC4A5D2786CB0fEf99FA526B0fF5038E185460,1.2750831088085258e+19,8.230363229823067e+18,1.18,0x5f98805A4E8be255a32880FDeC7F6728C6568bA0,4546115985.0,26472408.0,3.0504704102760366e+18,6.2160040465790525e+19,3.1207287794618445e+21,2.597364939768952e+21,0.0,0.0,3790993754.0,1709.9517988125983,1.0003626206488117,56111.81893487799,28.732384412794254,0.999706501718074,1.002311364065505,27.47874877798903,1.0100898255708703,1.0017796364913825,4547.764500528054,14854.149644662155,5216.1573652761135,1786.0061777779397,3119.8128509267153,2603.3683957557364,0.0,0.0,3797.7403448232217,21803.30655542699,14073.524409717022
12130253,1616969427,0x57dC4A5D2786CB0fEf99FA526B0fF5038E185460,1.2818254137163876e+19,8.407459946191809e+18,1.16,0x5f98805A4E8be255a32880FDeC7F6728C6568bA0,4546591260.0,26472520.0,3.0504783595451965e+18,6.216004756564468e+19,3.1208419697005523e+21,2.597701254529018e+21,0.0,0.0,3791743413.0,1675.299170618193,1.0005496109683485,55151.87945767392,27.642771145742994,1.0017498046199569,1.0011027777726276,26.46456118685614,1.0099057839364531,1.0017357182098672,4549.090116425094,14600.092319808618,5110.463865734814,1718.2759692656148,3126.3028333972898,2600.5659417324396,0.0,0.0,3798.324811089088,21474.410524763865,14085.010674860816
12135253,1617035668,0x57dC4A5D2786CB0fEf99FA526B0fF5038E185460,1.2605131094076041e+19,7.878193925188258e+18,1.22,0x5f98805A4E8be255a32880FDeC7F6728C6568bA0,4546957028.0,26472606.0,3.050485136702606e+18,6.216005476827101e+19,3.1209632765151213e+21,2.597934519083595e+21,0.0,0.0,3792253767.0,1800.8040066243527,0.999718622400642,57599.477762596645,28.591575865233423,0.9985562247080564,1.0003351434347525,28.054017968468663,1.0131919613227038,0.9985085400906184,4545.677616147077,15248.082806149825,5493.325856322089,1777.2539216940852,3116.4573068494255,2598.805199781583,0.0,0.0,3786.597772540318,22699.370578237347,14187.08318544265
12140253,1617102428,0x57dC4A5D2786CB0fEf99FA526B0fF5038E185460,1.2406552763118897e+19,7.683888070284889e+18,1.23,0x5f98805A4E8be255a32880FDeC7F6728C6568bA0,4547650230.0,26472712.0,3.050491198752087e+18,6.216015471716512e+19,3.121120401060843e+21,2.598379118450295e+21,0.0,0.0,3792835454.0,1848.3513537600347,0.998966275077608,59045.41750993905,29.07695939888396,1.000143347636229,0.999172042990076,28.447545802014456,1.0071009578425387,0.99989089546646,4542.949210618927,15630.923326603735,5638.379536846491,1807.4282949393555,3121.567806292721,2596.227772244734,0.0,0.0,3792.4216384569977,22931.668595206113,14202.524916851657
12145253,1617168538,0x57dC4A5D2786CB0fEf99FA526B0fF5038E185460,1.2508691731293813e+19,7.698654295047613e+18,1.24,0x5f98805A4E8be255a32880FDeC7F6728C6568bA0,4548988942.0,26472790.0,3.050498674756567e+18,6.216016151109215e+19,3.121312938911768e+21,2.598825887446765e+21,0.0,0.0,3793572377.0,1827.4994201026768,1.0000781398153933,58582.549068119726,28.15369270997037,0.9983825561697216,1.002210331081191,27.386818283811547,1.0033431585487838,0.9992629366449924,4549.3443991561535,15508.435191450293,5574.784559141611,1750.0380859854158,3116.264390556357,2604.5701530803917,0.0,0.0,3790.776273816344,22859.62688518259,14069.286259770495
12150253,1617235283,0x57dC4A5D2786CB0fEf99FA526B0fF5038E185460,1.204575377144489e+19,7.333869943149045e+18,1.25,0x5f98805A4E8be255a32880FDeC7F6728C6568bA0,4551017888.0,26472862.0,3.0505087704008535e+18,6.216016509641367e+19,3.121556662047786e+21,2.5994012324410567e+21,0.0,0.0,3794723408.0,1910.8468958188453,0.9998014197511544,58821.45238754192,28.22309258544537,1.0000381286429618,1.0022659385976165,29.18975541066837,1.024739918514734,1.0002559912611213,4550.114145735301,15571.721916949678,5829.055214588634,1754.3520946426527,3121.6756827672384,2605.291316024337,0.0,0.0,3795.69482403082,23017.591201963616,14013.902615205485
12155253,1617302312,0x57dC4A5D2786CB0fEf99FA526B0fF5038E185460,1.1912708067673643e+19,7.265294376416769e+18,1.25,0x5f98805A4E8be255a32880FDeC7F6728C6568bA0,4553913011.0,26472907.0,3.050516101133268e+18,6.216016887293439e+19,3.1219267410635643e+21,2.600043736695665e+21,0.0,0.0,3795201947.0,1944.4459085136057,1.000441635107025,58422.49486652838,28.72625745228185,0.9959062452948928,0.9984874863167436,30.05321173223198,1.0074164487824822,0.9957166159169908,4555.924178859996,15466.132733095834,5931.56355170346,1785.6290143212298,3109.1463387783356,2596.1111349668477,0.0,0.0,3778.9456393884147,23163.616461505037,14126.971924370495
12160253,1617368675,0x57dC4A5D2786CB0fEf99FA526B0fF5038E185460,1.1890999103485518e+19,7.065661925968663e+18,1.28,0x5f98805A4E8be255a32880FDeC7F6728C6568bA0,4556400989.0,26472951.0,3.0505250375756785e+18,6.216017285430446e+19,3.1226479245806854e+21,2.600742935768784e+21,0.0,0.0,3795823243.0,1999.8950691339096,1.0008932258616308,59419.997091517245,29.258460216209865,0.9987836548646828,1.0002301524664277,30.48312630408201,1.0076120814313692,0.9994999277816536,4560.470884199334,15730.226714238786,6100.729980917134,1818.7109444903954,3118.8497069683135,2601.3415031699956,0.0,0.0,3793.925057250422,23780.75047413643,14130.58244591193
12165253,1617434520,0x57dC4A5D2786CB0fEf99FA526B0fF5038E185460,1.1437382786671714e+19,7.375079652593847e+18,1.18,0x5f98805A4E8be255a32880FDeC7F6728C6568bA0,6058855117.0,26473004.0,3.050534641039038e+18,6.216017690303684e+19,3.12354431992413e+21,2.6017195375213355e+21,0.0,0.0,3796920277.0,2124.6353259202565,0.9995387492535506,59377.64169796185,31.90325743570092,0.9994901522749216,1.0008210699263451,32.727918978018614,1.0093724855389,1.0008998919144974,6056.060465554655,15719.045461807109,6481.273661295009,1983.1121259862944,3121.951787958435,2603.8557311903787,0.0,0.0,3800.3370948572633,24300.267504634987,15669.35476137658
12170253,1617501065,0x57dC4A5D2786CB0fEf99FA526B0fF5038E185460,1.1443849498869393e+19,8.276766809015967e+18,1.05,0x5f98805A4E8be255a32880FDeC7F6728C6568bA0,6061613917.0,26473042.0,3.050546748885047e+18,6.216018105878462e+19,3.124940181373046e+21,2.602974584198957e+21,0.0,1.0000451116097183e+21,3799221605.0,2004.4555605964847,1.0007160803973445,56967.87769215323,29.93664692350873,0.9981906297723632,1.0016203032878346,29.48679190513859,1.0085087433135205,1.0005012238080289,6065.954519902234,15081.130187952358,6114.68539366216,1860.86739305821,3119.2860076457237,2607.1921924758844,0.0,1008.5542387663463,3801.1258653204036,22938.687762638052,16590.41125409248
12175253,1617566998,0x57dC4A5D2786CB0fEf99FA526B0fF5038E185460,1.1413703231143301e+19,8.032466065544113e+18,1.08,0x5f98805A4E8be255a32880FDeC7F6728C6568bA0,6064144614.0,26473081.0,3.050560314654178e+18,6.216018347371441e+19,3.128240449370781e+21,2.6040984910670306e+21,0.0,1.0001309993660172e+21,3801235568.0,2060.143868421363,1.0008008863650848,57976.366464582345,30.77350070577782,1.0011141149489176,1.0010581146333966,30.770294531665083,1.009594718712646,1.000595734040311,6069.001304737255,15348.13045502572,6284.593127484349,1912.8864499996293,3131.7256688192338,2606.8539257872344,0.0,1009.7269749807317,3803.500093423099,23513.87072762097,16548.035713233377
12180253,1617633817,0x57dC4A5D2786CB0fEf99FA526B0fF5038E185460,1.1398240190610754e+19,7.930523717113568e+18,1.1,0x5f98805A4E8be255a32880FDeC7F6728C6568bA0,6066562807.0,26473120.0,3.0505738035346043e+18,6.216018530132878e+19,3.1321906694796587e+21,2.6052669001735817e+21,0.0,1.0002065903552528e+21,3802936735.0,2092.684485686204,1.002013112487586,58420.816838502426,31.15007665881369,1.0011391194113195,1.0021401883411682,31.61089954447851,1.0147341382207935,1.0042190227495031,6078.775480343496,15465.812946636954,6383.88847109762,1936.2945372624554,3135.7586086712167,2610.842662018965,0.0,1014.9437725068957,3818.9814115998865,23852.920411016083,16596.08394617005
12185253,1617700456,0x57dC4A5D2786CB0fEf99FA526B0fF5038E185460,1.2404474009967251e+19,7.919160512434032e+18,1.19,0x5f98805A4E8be255a32880FDeC7F6728C6568bA0,6067631300.0,26473154.0,3.0505884824640456e+18,6.2160187139457475e+19,3.133320350546099e+21,2.6058308731875985e+21,6.642000033188793e+19,1.0002855864864742e+21,3804124832.0,2124.200310640391,0.9970561304526744,58738.05677527477,30.959414976291004,1.000686406110972,0.9996750400952692,31.73142507993487,1.0089785514215353,0.998606658922512,6049.7689849915305,15549.816226725921,6480.061002086124,1924.4430286543713,3135.4710807823462,2604.984082635303,2107.601264340551,1009.2667020609634,3798.824388607682,26349.58754530309,16821.883220523487
12190253,1617765937,0x57dC4A5D2786CB0fEf99FA526B0fF5038E185460,1.233033010677289e+19,7.905130024686379e+18,1.19,0x5f98805A4E8be255a32880FDeC7F6728C6568bA0,6069102891.0,26473171.0,3.0506028160809124e+18,6.216018895528442e+19,3.1352989449045876e+21,2.6067811714125256e+21,6.64200008021319e+19,1.0004191881961814e+21,3805105320.0,2105.4687956020243,1.0016721731113585,57819.04593121824,31.02262157259686,1.0055318413363443,1.0020869404442894,34.762909054428405,1.0095147124690906,1.0001086187143648,6079.251481664399,15306.534899939948,6422.949037034022,1928.3720188409038,3152.642921209808,2612.2213684685585,2308.9524472795733,1009.9378891204291,3805.5186256478814,25961.125279282496,16644.00459215383
12195253,1617832528,0x57dC4A5D2786CB0fEf99FA526B0fF5038E185460,1.2565428032635138e+19,8.368263167489169e+18,1.14,0x5f98805A4E8be255a32880FDeC7F6728C6568bA0,6070173376.0,26473191.0,3.050619019668798e+18,6.216020158454393e+19,3.137048716191759e+21,2.607478757964191e+21,6.642000130969754e+19,1.0005160337494834e+21,3806192172.0,2001.4047405294525,1.0030774960305786,56294.14621683777,28.748578614200422,1.000313312696747,1.0013190895293138,31.539662360584103,1.0162203424857894,1.0010201816822315,6088.854310469564,14902.856849802738,6105.523367514444,1787.0174419278069,3138.0315933848556,2610.9182558917296,2094.8644152974143,1016.7447464794237,3810.0751795329275,25148.507231297637,16748.281573410837
12200253,1617899326,0x57dC4A5D2786CB0fEf99FA526B0fF5038E185460,1.2477416751021705e+19,8.08942328921536e+18,1.17,0x5f98805A4E8be255a32880FDeC7F6728C6568bA0,6070658343.0,26473201.0,3.0506365733636403e+18,6.21602618245618e+19,3.1382869477730005e+21,2.607946063691033e+21,6.642000182569202e+19,1.000595979517414e+21,3807119127.0,2054.411913309219,0.9999143380910464,57811.90578649496,29.794135269672005,1.002624503181736,1.004166276483445,32.49186295219079,1.0082003867305955,1.0023591736633797,6070.138318817733,15304.662020789441,6267.264119495077,1852.011249199223,3146.5233918526314,2618.8114880462817,2158.1095966046473,1008.8012535105358,3816.1007821777675,25633.753620623,16619.00757716508
12205253,1617966109,0x57dC4A5D2786CB0fEf99FA526B0fF5038E185460,1.247466886172555e+19,7.960592845847796e+18,1.19,0x5f98805A4E8be255a32880FDeC7F6728C6568bA0,6071300889.0,26473213.0,3.0506549004740127e+18,6.216032342130172e+19,3.13854262693636e+21,2.608407273231312e+21,6.642000235446188e+19,1.0008188000957813e+21,3808017816.0,2083.276068691217,1.0019724038302478,58267.88973841286,30.36305597229456,1.0008966123565215,1.000495320697245,32.59315755242165,1.0098631101978786,1.002159521094644,6083.27594612805,15425.38256105518,6355.356347993097,1887.3773792969166,3141.35668303714,2609.6992713405875,2164.8376013711927,1010.6899862092346,3816.241310802432,25988.179104480343,16584.11256834922
12210253,1618032548,0x57dC4A5D2786CB0fEf99FA526B0fF5038E185460,1.234861911701997e+19,7.649161684785951e+18,1.23,0x5f98805A4E8be255a32880FDeC7F6728C6568bA0,6072058353.0,26473223.0,3.0506726744663665e+18,6.2160469685135245e+19,3.13880258239725e+21,2.608721686393027e+21,6.642000656129177e+19,1.0016705485754331e+21,3809115525.0,2174.957571499341,1.0016551206915585,60832.16949535025,30.693487478004467,1.006407450050732,0.9995016274119058,32.80340731881417,1.016173618061836,0.9993380721886402,6082.108342420402,16104.235886242048,6635.083631496768,1907.921597907575,3158.914303163069,2607.421571014562,2178.802529348364,1017.8711854518818,3806.5941654973203,26857.722646124093,16636.60212194786
12215253,1618098333,0x57dC4A5D2786CB0fEf99FA526B0fF5038E185460,1.2333573145925124e+19,8.467659732982595e+18,1.11,0x5f98805A4E8be255a32880FDeC7F6728C6568bA0,7423718828.0,26473233.0,3.050687218485845e+18,6.216053078474984e+19,3.139760486256706e+21,2.609523068888003e+21,6.64200083022628e+19,1.0023916237684365e+21,3811009973.0,2122.917306791217,1.001096099257201,59398.234148600975,29.756178746017703,1.001251814684631,1.0017142979957565,31.896089279220853,1.0125066741963298,1.0005862052699754,7431.85596069304,15724.632924044703,6476.3566937303585,1849.6598649783523,3143.690884539626,2613.9965690548784,2118.5385147355646,1014.9282092240383,3813.2440071301016,26183.15588605984,17976.141395167848
12220253,1618164873,0x57dC4A5D2786CB0fEf99FA526B0fF5038E185460,1.2326977655275629e+19,8.381904524491833e+18,1.12,0x5f98805A4E8be255a32880FDeC7F6728C6568bA0,7426246429.0,26473259.0,3.050699804293121e+18,6.216065211179435e+19,3.1413386510177424e+21,2.61036955089377e+21,6.642000924724364e+19,1.0026012991197546e+21,3812734450.0,2150.463737834566,0.9973232595526264,59834.01561066126,30.07000589651289,1.0013725225042045,1.0018387202471009,33.7706021686661,1.007326603200684,1.001199887221961,7406.368294811331,15840.013922710787,6560.419304151364,1869.1711755327424,3145.650209009592,2615.169290239414,2243.0437083277884,1009.9469610068953,3817.3093013472853,26508.718444767204,18024.98173391117
12225253,1618230580,0x57dC4A5D2786CB0fEf99FA526B0fF5038E185460,1.2452880625852013e+19,8.416323274520698e+18,1.13,0x5f98805A4E8be255a32880FDeC7F6728C6568bA0,7428478637.0,26473292.0,3.0507125292724746e+18,6.216071377608083e+19,3.14292421480636e+21,2.611428887994477e+21,6.642001496506113e+19,1.0028894697295446e+21,3813886192.0,2148.388147022127,1.000751013694975,60240.179424035545,33.55747901988441,1.0007743545931165,1.0011581599178048,32.85201817950373,1.009492767654284,1.001874784830407,7434.057526189217,15947.558600248847,6554.114637860879,2085.9568484018723,3145.3579526079125,2614.45334026075,2182.031539115098,1012.4096664486153,3821.0364079776605,26753.621132861954,18081.529164486725
12230253,1618297034,0x57dC4A5D2786CB0fEf99FA526B0fF5038E185460,1.2480011147172254e+19,8.326151634736561e+18,1.14,0x5f98805A4E8be255a32880FDeC7F6728C6568bA0,7430842028.0,26473316.0,3.0507240905866307e+18,6.216077537321511e+19,3.1437642386261735e+21,2.6119162405851507e+21,6.642001589587165e+19,1.0032166045581506e+21,3815119319.0,2180.083227094877,0.9998429329361764,60851.08649278642,34.660633643834906,1.0030220530649832,1.0011932792429297,32.6807686135448,1.0024104538945224,1.0022463453484225,7429.674887460926,16109.300416668666,6650.832420382187,2154.531862227724,3153.264860979098,2615.032986019312,2170.657170800949,1005.6348119296574,3823.6893945359125,27207.46297590733,18151.70352513777
12235253,1618363941,0x57dC4A5D2786CB0fEf99FA526B0fF5038E185460,1.2381813170875097e+19,7.875891032352163e+18,1.2,0x5f98805A4E8be255a32880FDeC7F6728C6568bA0,7433039861.0,26473340.0,3.050735056395067e+18,6.21608340627472e+19,3.1449006203799937e+21,2.6127791876009204e+21,6.642016608390411e+19,1.00360906487295e+21,3816309434.0,2299.430713857761,1.0000848096720047,63400.88167170804,35.80744883644939,0.9988674025481236,1.0010733102760652,36.26890936501013,1.0106087858248811,0.9992518941989604,7433.67025467261,16784.330967948954,7014.953888517405,2225.8208853328406,3141.3387139509464,2615.5835103520617,2408.986983706038,1014.2561384940963,3813.4544307738624,28471.121498358752,18110.06573878747
12240253,1618430840,0x57dC4A5D2786CB0fEf99FA526B0fF5038E185460,1.2072686166024913e+19,7.745070171571276e+18,1.19,0x5f98805A4E8be255a32880FDeC7F6728C6568bA0,7436208745.0,26473365.0,3.0507449825479245e+18,6.216089535682325e+19,3.1456234574074253e+21,2.61390676263525e+21,6.6420167444966695e+19,1.0052152950764198e+21,3817507371.0,2323.9297574555408,0.9993621887898416,62121.25611574871,34.3800817928472,1.0035412132037351,1.0020126606835795,37.51074899988151,1.016781379306718,1.0026172410512255,7431.465847701361,16445.586874106975,7089.717047351307,2137.096666684199,3156.7627807287754,2619.1676700069484,2491.4702295582465,1022.0841942280116,3827.498708004737,28056.074633647135,17998.99904529578
12245253,1618497744,0x57dC4A5D2786CB0fEf99FA526B0fF5038E185460,1.1952139918207285e+19,8.146420305632362e+18,1.12,0x5f98805A4E8be255a32880FDeC7F6728C6568bA0,7440638645.0,26473378.0,3.0507557434915994e+18,6.216095422031876e+19,5.147496719743136e+21,2.615008671406449e+21,6.64201681234365e+19,1.0066541060966854e+21,3819046646.0,2468.3475686551265,1.0008846888730103,62965.73018032646,39.01776031547462,0.9996118541404048,1.0012039355768,43.42039897425358,1.0123628684340988,0.999103752459072,7447.221295217322,16669.155761097903,7530.325522008152,2425.381212749588,5145.498740204087,2618.156973379596,2883.9901998566124,1019.0992383690041,3815.623834834833,29502.035507332836,20108.196754650395
12250253,1618565396,0x57dC4A5D2786CB0fEf99FA526B0fF5038E185460,1.1874706681521644e+19,8.329520727341742e+18,1.09,0x5f98805A4E8be255a32880FDeC7F6728C6568bA0,7446898107.0,26473400.0,3.0507718081432197e+18,6.216101982504949e+19,5.149320900308936e+21,2.616459940603018e+21,6.642017070718329e+19,1.0074409960580406e+21,3821209618.0,2410.5908386914034,0.9978983581624568,61028.25984704813,36.5686447051372,0.9952368576855728,1.0007281769673948,41.07712741554481,1.0092715568775392,0.9994848551069336,7431.247394378407,16156.255342348442,7354.162571648053,2273.144248491225,5124.79395203811,2618.3651864678764,2728.349815101205,1016.7815425537575,3819.241141379951,28625.059138623674,20079.06635602016
12255253,1618631333,0x57dC4A5D2786CB0fEf99FA526B0fF5038E185460,1.1766139769989132e+19,8.13436850370925e+18,1.1,0x5f98805A4E8be255a32880FDeC7F6728C6568bA0,7450935041.0,26473410.0,3.0507822864146273e+18,6.2161080833641955e+19,5.150428472842533e+21,2.617099782737788e+21,6.642017118089541e+19,1.0079340644966776e+21,3822468501.0,2479.590378542352,1.0004850997821289,62417.18724366067,37.16167228649158,1.0006882546313058,0.9993972047661922,43.11858700449962,1.0161012868316026,0.998282030833935,7454.549487965045,16523.95788948199,7564.690404421149,2310.009714913915,5153.973279092176,2615.5222074623543,2863.943929917197,1024.1630999764816,3815.901617977027,29175.206966249578,20169.901877315402
12260253,1618698011,0x57dC4A5D2786CB0fEf99FA526B0fF5038E185460,1.1891519805809504e+19,8.446107241799352e+18,1.07,0x5f98805A4E8be255a32880FDeC7F6728C6568bA0,7454605215.0,26473423.0,3.050794320021446e+18,6.216114320824587e+19,5.151879311430881e+21,2.617802769758768e+21,6.642017466641802e+19,1.00839615147686e+21,3823309612.0,2384.6453060589843,1.001706962336103,60829.07917430304,35.71054506667116,1.0005888355105303,1.0007815292462878,41.86928090648431,1.0099103570700387,0.9994043795867272,7467.329945332522,16103.539436818153,7275.062354990552,2219.8083059338637,5154.912920915418,2619.848659184348,2780.964950966009,1018.3897174060485,3821.032370748831,28357.05688683108,20140.969988627618
12265253,1618764627,0x57dC4A5D2786CB0fEf99FA526B0fF5038E185460,1.1979585136652409e+19,9.264544209936617e+18,0.98,0x5f98805A4E8be255a32880FDeC7F6728C6568bA0,7457895058.0,26473439.0,3.050837958202506e+18,6.2161214415816425e+19,5.152964290561925e+21,2.618407252790156e+21,6.642018472038113e+19,1.0093373443700405e+21,3823940563.0,2169.230752984829,1.0009759518547383,55855.91849332707,31.13777142721331,0.99812165159137,0.9980090367727228,37.70535972686246,1.0141903748247838,1.0019770102143355,7465.173604514299,14786.982510220661,6617.971521306321,1935.5616861176886,5143.285228287021,2613.194100235815,2504.396958006624,1023.6602196113032,3831.500532552063,25986.48448642637,20096.934212582048
12270253,1618832206,0x57dC4A5D2786CB0fEf99FA526B0fF5038E185460,9.958707256688904e+18,7.325803935661836e+18,1.04,0x5f98805A4E8be255a32880FDeC7F6728C6568bA0,3731446058.0,19105473.0,3.050849430066498e+18,6.216127993552607e+19,5.154203491717247e+21,2.6186802770491626e+21,6.642018994190139e+19,1.0097641118531879e+21,3824581442.0,2245.535659393136,0.999948234016322,56405.2891093725,31.41454677659352,1.0066495401897837,0.9971871806701554,38.68990240076432,1.0071718060037114,1.0054234868013796,3731.252896024266,10776.497281363103,6850.791186653547,1952.768436227508,5188.476574981744,2611.314402547196,2569.790666292393,1017.0059441729088,3845.3240089714886,22362.632266352124,16450.353971251232
12275253,1618898162,0x57dC4A5D2786CB0fEf99FA526B0fF5038E185460,1.002478776894509e+19,7.691077814540499e+18,1.0,0x5f98805A4E8be255a32880FDeC7F6728C6568bA0,3732977751.0,19105483.0,3.0508633419957274e+18,6.216134696426714e+19,5.155352689079876e+21,2.618892204697925e+21,6.642027084807239e+19,1.0098374172677484e+21,3824958870.0,2133.540845096447,1.0048792616094284,54940.86717441814,29.731994344249063,0.999754939486856,1.001994963443524,35.808482867864306,1.0066377363567611,0.9995536637442486,3751.191926029305,10496.718038061039,6509.141552955334,1848.1808163724943,5154.089315704452,2624.116798908827,2378.409130742107,1016.5404518067643,3823.251652179561,21388.294168467633,16409.22866013727
12280253,1618964084,0x57dC4A5D2786CB0fEf99FA526B0fF5038E185460,9.677352988184322e+18,7.007251730059014e+18,1.06,0x5f98805A4E8be255a32880FDeC7F6728C6568bA0,3733679999.0,19105497.0,3.0508763672475587e+18,6.216140963704437e+19,5.155846954897363e+21,2.6191066816625293e+21,6.642028999744852e+19,1.0099093893467915e+21,3825267309.0,2354.8130497457846,0.9995496206375236,56820.50225102397,31.968636497777062,1.0031241318735409,0.9999954636475864,38.9799468049233,1.005095423835204,0.9985144878625531,3731.9984265823596,10855.839352954317,7184.243482755564,1987.2155088760876,5171.954500704256,2619.0948004716124,2589.0593708681226,1015.0553057206654,3819.584827983502,22788.357103572805,16500.76781679669
12285253,1619031143,0x57dC4A5D2786CB0fEf99FA526B0fF5038E185460,9.377000251673598e+18,6.770492762765588e+18,1.06,0x5f98805A4E8be255a32880FDeC7F6728C6568bA0,3734046282.0,19105508.0,3.0508896995260687e+18,6.216147327694381e+19,5.157700492590804e+21,2.6193733078688004e+21,6.642029043657739e+19,1.0099893167831311e+21,3825621772.0,2412.5890780419577,0.9996572990302224,55478.69760763454,35.32206210579767,0.9984573123828416,0.9995900689791548,37.77927479555776,1.0068856336066034,0.999958627872639,3732.766620717964,10599.487009722425,7360.543167387304,2195.6714196760913,5149.7437719078725,2618.2995454947313,2509.3104044042143,1016.9437331650834,3825.463497888814,22622.84839198441,16334.416892410378
12290253,1619097701,0x57dC4A5D2786CB0fEf99FA526B0fF5038E185460,9.06199751216736e+18,6.38026436494707e+18,1.09,0x5f98805A4E8be255a32880FDeC7F6728C6568bA0,3735091494.0,19105536.0,3.050902514292712e+18,6.216153472077629e+19,5.158803411587944e+21,2.6198069112891533e+21,6.642029086529354e+19,1.0103377042576229e+21,3826182818.0,2563.2784820625266,1.001193776272027,55032.51449668428,37.05743937421828,0.9999294859216612,1.000026016677661,38.9704617565015,1.011742299126172,0.9991728235257588,3739.550357599387,10514.256868869234,7820.312765756968,2303.547304323532,5158.439643320045,2619.8750699610982,2588.4294050216276,1022.2013917994658,3823.0178895868044,23228.423227442745,16354.394356539156
12295253,1619164652,0x57dC4A5D2786CB0fEf99FA526B0fF5038E185460,9.202398919362889e+18,7.615761621741452e+18,0.92,0x5f98805A4E8be255a32880FDeC7F6728C6568bA0,3735864992.0,19105573.0,3.050928149094215e+18,6.216168798561894e+19,5.159602102391274e+21,2.620408712958572e+21,6.642029469751784e+19,1.0109138109265889e+21,3826890348.0,2159.999004723324,1.0002585270322084,48335.68827261684,31.2931044131966,0.9913174284449796,1.0006496756359216,30.9712756865676,1.029894914502374,1.0099477843764433,3736.8308140891127,9234.81020797725,6590.001765525878,1945.2321926345223,5114.803487941828,2622.1111286555374,2057.1212582598896,1041.1349928735083,3864.959428014196,19877.17250689083,16450.037523171624
12300253,1619231452,0x57dC4A5D2786CB0fEf99FA526B0fF5038E185460,9.093567551827542e+18,7.251141107971123e+18,0.96,0x5f98805A4E8be255a32880FDeC7F6728C6568bA0,3736166938.0,19105585.0,3.0509494655969244e+18,6.216175163042061e+19,5.160023354958297e+21,2.6206849197411103e+21,6.642029601880676e+19,1.0111400656140286e+21,3827241603.0,2243.6036919837748,0.9985096876095266,49875.12712770945,31.756605434645937,0.9974287806537446,0.9998744787473576,33.69228045009182,1.020097045515375,0.9971681396055904,3730.5988821194214,9528.934807242587,6845.121485069184,1974.046219653726,5146.755803080899,2620.355968087203,2237.8512410437547,1031.460993535093,3816.403389084627,20402.36173258413,16268.68696093933
12305253,1619297888,0x57dC4A5D2786CB0fEf99FA526B0fF5038E185460,7.843215440154872e+18,6.071223715967333e+18,0.99,0x5f98805A4E8be255a32880FDeC7F6728C6568bA0,3736469325.0,13405479.0,3.050963162028226e+18,6.216181644551565e+19,2.580226680625432e+21,2.6209043751278367e+21,6.64203041647192e+19,1.0117263821715322e+21,3827544016.0,2274.201023375358,1.0018062482203056,51000.92752513458,31.185509828217583,0.9989365881376796,1.000885494368775,32.34901972622677,1.0220101067978522,0.99995328468331,3743.2183160685076,6836.9186291871365,6938.503545365111,1938.5479377014858,2577.4828369657794,2623.2251711931103,2148.6317296464836,1033.9945878933322,3827.3652110691473,17837.04858055362,13807.183187993654
12310253,1619364453,0x57dC4A5D2786CB0fEf99FA526B0fF5038E185460,6.052365386934217e+18,4.365491251533768e+18,1.07,0x5f98805A4E8be255a32880FDeC7F6728C6568bA0,1961825067.0,5300675.0,3.0509750964696253e+18,6.21618675412563e+19,2.580442685972017e+21,2.621554998022766e+21,6.642031253895569e+19,1.0119346250475864e+21,2009623269.0,2345.3149886519623,1.0001372522763816,50543.28155843879,34.112192987402565,0.9992490397715932,1.003353470677288,32.99391752536927,1.024752119263164,1.0036157558266516,1962.0943319563082,2679.1350897477755,7155.497623754079,2120.4776220246904,2578.5048761431685,2630.3463058375332,2191.4663139195545,1036.9821515732895,2016.8895760442615,14194.703258775153,10238.45206505116
12315253,1619431343,0x57dC4A5D2786CB0fEf99FA526B0fF5038E185460,6.03275960347544e+18,4.133438115628802e+18,1.13,0x5f98805A4E8be255a32880FDeC7F6728C6568bA0,1962547639.0,5300677.0,3.0502608292979896e+18,6.2161913377500725e+19,2.580842230525125e+21,2.6206602386821386e+21,6.642031915334823e+19,1.0122180916410302e+21,2010319177.0,2498.082950292379,0.9996488898531682,53064.94880746855,36.08518882881605,1.0067136346050047,1.0100334790514731,34.99837692597589,1.022659122968837,1.0051563094592006,1961.8585686103063,2812.80153649926,7619.804571614,2243.12438218762,2598.169062234036,2646.9545782879845,2324.6033652724973,1035.1540658508059,2020.6850047883777,15070.33390865461,10325.67128274097
12320253,1619497878,0x57dC4A5D2786CB0fEf99FA526B0fF5038E185460,6.069593874081884e+18,4.0854952207671634e+18,1.15,0x5f98805A4E8be255a32880FDeC7F6728C6568bA0,1963312180.0,5300685.0,3.050272492988646e+18,6.216192982801558e+19,2.5813360838339283e+21,2.6215911949049754e+21,6.642032552675552e+19,1.0124209954552117e+21,2010719835.0,2489.756809530228,0.9990193441041386,53494.806665356096,38.18614831693628,0.9992345735196478,0.9991008171341076,35.01600407188887,1.020762805160249,0.99930853625808,1961.3868463352665,2835.591192689531,7594.436710341226,2373.7246720795883,2579.360260840673,2619.2339050211426,2325.7743891010555,1033.4416953239936,2009.3294951389382,15111.81267907833,10171.889546208247
12325253,1619563921,0x57dC4A5D2786CB0fEf99FA526B0fF5038E185460,6.014992587347514e+18,3.873414811915555e+18,1.2,0x5f98805A4E8be255a32880FDeC7F6728C6568bA0,1963713149.0,5300691.0,3.0502760328168264e+18,6.216193100550825e+19,2.5818104569390967e+21,2.622174895882176e+21,6.642032865413465e+19,1.0124755349637439e+21,2010897935.0,2653.803888054278,0.9976457553819392,55166.658745559485,39.2325969518752,0.9982060311866052,1.0015717974179132,36.43004282140125,1.0168151837274848,0.998855251160748,1959.0900878875516,2924.2141151265846,8094.8343955280725,2438.77398488938,2577.1787694972513,2626.2964236128405,2419.69541708167,1029.5004971037429,2008.5959619230546,15962.610714920495,10279.283287908529
12330253,1619630642,0x57dC4A5D2786CB0fEf99FA526B0fF5038E185460,5.984848385197238e+18,3.7814964383296205e+18,1.22,0x5f98805A4E8be255a32880FDeC7F6728C6568bA0,1964167564.0,5300697.0,3.050280666164793e+18,6.216193361691159e+19,2.5824438754518195e+21,2.622770564470673e+21,6.642033373407793e+19,1.012536679064391e+21,2011067343.0,2715.0457184557195,1.0031294542076317,54852.23823205119,42.633495700651714,1.001694441817184,1.0042248242340452,35.913498931131365,1.0204490839470035,1.003872163507386,1970.3143364476534,2907.5509463991903,8281.65146275898,2650.1805296007974,2586.819676344916,2633.8513091117893,2385.3865845641963,1033.2421266139988,2018.85452457646,16249.136983836388,10266.935714242389
12335253,1619697976,0x57dC4A5D2786CB0fEf99FA526B0fF5038E185460,5.929883113619326e+18,3.7050258937162056e+18,1.24,0x5f98805A4E8be255a32880FDeC7F6728C6568bA0,1964546530.0,5300701.0,3.0502847513737754e+18,6.216193482614921e+19,2.5826896392084647e+21,2.623441365894531e+21,6.642033419638474e+19,1.0125999125236562e+21,2011301142.0,2763.74534890364,0.9997986187277016,54445.45177618247,42.23115666910955,1.0007087770789216,0.9996797257843776,36.83983974019289,1.018049994085231,1.000785716597273,1964.1509071202993,2885.9906067546217,8430.210294440967,2625.1704084980843,2584.5201904267037,2622.6011452688376,2446.914467284868,1030.8773349554135,2012.8814546893834,16388.68687480765,10239.748081325715
12340253,1619764535,0x57dC4A5D2786CB0fEf99FA526B0fF5038E185460,5.891952540692561e+18,3.6944480220602767e+18,1.23,0x5f98805A4E8be255a32880FDeC7F6728C6568bA0,1964714331.0,5300705.0,3.050288339974607e+18,6.216193597941323e+19,2.583220864684359e+21,2.6237161996100735e+21,6.642033907170586e+19,1.0126655353408396e+21,2011610240.0,2775.7724433935546,1.0017862030469424,54293.23754553864,41.242881601161145,0.9992941759385549,1.0026246795180451,37.68999511253761,1.020148975253328,1.002246558439089,1968.2237097244035,2877.9243572382443,8466.906318506184,2563.7373656978993,2581.397565242037,2630.6026137803533,2503.3822549856845,1033.0697081523203,2016.1294399608298,16354.719500237052,10254.94701318474
12345253,1619831113,0x57dC4A5D2786CB0fEf99FA526B0fF5038E185460,5.963924542249496e+18,3.7122944678593193e+18,1.24,0x5f98805A4E8be255a32880FDeC7F6728C6568bA0,1965034577.0,5300706.0,3.0502922475478083e+18,6.216197988111472e+19,2.583838979318127e+21,2.624156782389244e+21,6.6420339635204964e+19,1.0127329353855844e+21,2011948597.0,2764.329412655339,1.0004942278809028,57674.604545784445,40.44351970353876,0.9940918675858192,1.000796553530081,38.043326404666615,1.0237643546139632,0.9975427402988029,1966.0057518748913,3057.161223634669,8432.012577090967,2514.0492581328435,2568.5733164913936,2626.247063737742,2526.8506606509177,1036.7998799913273,2007.0047167917119,16486.25202699731,10262.004785941217
12350253,1619898083,0x57dC4A5D2786CB0fEf99FA526B0fF5038E185460,5.861524802155739e+18,3.494424397911669e+18,1.3,0x5f98805A4E8be255a32880FDeC7F6728C6568bA0,1965489845.0,5300709.0,3.050296699523327e+18,6.216198171865193e+19,2.584965072874052e+21,2.6246286095628297e+21,6.642034147075213e+19,1.0128009330777319e+21,2012215866.0,2933.4316960333363,1.000196723043417,57851.47137538778,39.98184726453109,0.9994702428788927,1.0008837660861756,40.86249614852696,1.0178779011645238,0.9983505888074602,1965.8765021441136,3066.538149827604,8947.8370206876,2485.3508587357155,2583.5956692188834,2626.9481673167675,2714.1009475324545,1030.907688058633,2008.8968946288135,17194.382641729175,10250.655288226299
12355253,1619965129,0x57dC4A5D2786CB0fEf99FA526B0fF5038E185460,5.899159105330573e+18,3.4954162813410847e+18,1.31,0x5f98805A4E8be255a32880FDeC7F6728C6568bA0,1965808309.0,5300711.0,3.050300769796649e+18,6.216199913252405e+19,2.5860122739048133e+21,2.625104376908318e+21,6.642034615549498e+19,1.0128524565247668e+21,2012492224.0,2912.8936804296927,1.0021666476194586,56873.90446815792,42.35747273880357,1.000050391720968,1.0020220107309077,39.44984214542369,1.0137122537711871,1.0003812719982892,1970.0675228930068,3014.7213102731384,8885.201835750486,2633.025183645419,2586.1425875137397,2630.412366128179,2620.2721710786764,1026.7409464414047,2013.259530931786,17183.623277766706,10181.775996389502
12360253,1620032328,0x57dC4A5D2786CB0fEf99FA526B0fF5038E185460,5.763390818745699e+18,3.755519367962901e+18,1.19,0x5f98805A4E8be255a32880FDeC7F6728C6568bA0,3716205927.0,5300713.0,3.050305897108321e+18,6.216202773014921e+19,2.5865842780810374e+21,2.6253729894391994e+21,6.642034966385728e+19,1.0129117573847127e+21,2013013641.0,3161.3779525461955,1.001321477275579,58666.447545850046,44.30379281400514,0.995908485971238,1.0042733889526732,40.93139968174742,1.014667406809718,0.9970119370702772,3721.1168086839025,3109.7400117010543,9643.16981163989,2754.013597454973,2576.001232220694,2636.5922293689155,2718.6778790927606,1027.7685461926205,2006.9986295623016,18220.25666628982,11872.616130238139
12365253,1620097488,0x57dC4A5D2786CB0fEf99FA526B0fF5038E185460,5.535169818617473e+18,3.702530913618813e+18,1.16,0x5f98805A4E8be255a32880FDeC7F6728C6568bA0,3717022897.0,5300715.0,3.050310955880771e+18,6.216202878150931e+19,2.5873359130395914e+21,2.626134465993217e+21,6.642036771851959e+19,1.0132136481626861e+21,2013587361.0,3258.7840654929155,1.0022037735033305,55805.161324319655,40.18136149625024,1.0007909536387032,1.0016579674035413,39.17507712781948,1.0132039075319208,1.001960587882988,3725.214373571681,2958.072557092411,9940.30473782272,2497.7549498101375,2589.3823757945574,2630.48851133515,2602.023028231136,1026.5920274831064,2017.5351759813145,18037.92320470793,12065.748743295913
12370253,1620164354,0x57dC4A5D2786CB0fEf99FA526B0fF5038E185460,5.64559281300078e+18,3.567966096733102e+18,1.23,0x5f98805A4E8be255a32880FDeC7F6728C6568bA0,3717912292.0,5300717.0,3.050317452571105e+18,6.216202978145383e+19,2.58807359056239e+21,2.626824445022637e+21,6.642038708497599e+19,1.013287495791949e+21,2014027045.0,3387.6495369667846,1.0041475368445705,54357.097864824806,43.68044642797719,0.9969141202116114,0.9984697221561843,46.95036367646437,1.018015649168068,1.002324090662029,3733.3324702159516,2881.3159272274056,10333.406505804205,2715.2652117231164,2580.087106578411,2622.8046737748255,3118.46132917116,1031.542527822527,2018.7078264483584,19125.2898788651,12087.018695511078
12375253,1620231642,0x57dC4A5D2786CB0fEf99FA526B0fF5038E185460,5.750664439600999e+18,3.607810787369009e+18,1.24,0x5f98805A4E8be255a32880FDeC7F6728C6568bA0,3718883387.0,5300719.0,3.050321343881455e+18,6.216203884164741e+19,2.588542412187248e+21,2.6274294124933284e+21,6.642040560554331e+19,1.0137192997445471e+21,2014330283.0,3354.999275636856,1.024444420129671,57653.08816312517,42.97615543496528,0.9997949026657166,1.008055361740693,47.58308188426879,1.0233727630844116,1.0015560075893482,3809.7893349250817,3056.028198349527,10233.825899181924,2671.485443412988,2588.0115090388285,2648.594306859099,3160.487598714913,1037.4127207715721,2017.4645962078018,19293.47502929198,12104.202578257862
12380253,1620297484,0x57dC4A5D2786CB0fEf99FA526B0fF5038E185460,5.593381096530123e+18,3.444158159259768e+18,1.26,0x5f98805A4E8be255a32880FDeC7F6728C6568bA0,3719706558.0,5300721.0,3.0503251247732326e+18,6.216203993669104e+19,2.5890069420127635e+21,2.627924657861382e+21,6.64204151532987e+19,1.0140198517418774e+21,2014671049.0,3500.0774938892755,1.0006416396251332,58213.00111215832,42.00299416996911,1.0148564950558736,1.001066800011662,48.07562794467687,1.0353953012895512,0.9994289116462826,3722.0932691214803,3085.7087746824095,10676.374318263788,2610.9918010542206,2627.4705108463986,2630.7281279170356,3193.203166840966,1049.911389907867,2013.5204938273444,19577.2672907108,12054.820458620228
12385253,1620364508,0x57dC4A5D2786CB0fEf99FA526B0fF5038E185460,5.523607631421992e+18,3.9610401526734444e+18,1.09,0x5f98805A4E8be255a32880FDeC7F6728C6568bA0,5192625667.0,5300724.0,3.050327377822544e+18,6.216210088852592e+19,2.589405542567338e+21,2.628343591387246e+21,6.642041601020693e+19,1.0142396475955288e+21,2015287528.0,3407.64983092001,1.0002146748925715,55964.28121651677,39.10197322926437,1.0018766777953576,1.0024958408085227,46.61535191071679,1.027913912051984,1.002453640584721,5193.740393357228,2966.5120858713963,10394.447573287669,2430.6608048179714,2594.2650224522504,2634.9035185814496,3096.211066372004,1042.5510439181458,2020.232319268583,18822.520611283628,13497.837806525033
12390253,1620431469,0x57dC4A5D2786CB0fEf99FA526B0fF5038E185460,5.561285508649565e+18,3.883387565504475e+18,1.11,0x5f98805A4E8be255a32880FDeC7F6728C6568bA0,5194288192.0,5300728.0,3.0503297305756093e+18,6.216210144498509e+19,2.590252433807246e+21,2.628901061032508e+21,6.642042277859866e+19,1.0144811354617549e+21,2015852457.0,3470.7364394604174,1.0014621552324348,57246.644602219,39.77171645958462,1.0007979781798515,1.001578434427015,49.23518935777147,1.026156081583085,1.002232752316804,5201.883047658707,3034.4889194903108,10586.890548278245,2472.293473201882,2592.3193987297313,2633.0506089724586,3270.2220927275425,1041.0159868053934,2020.3533562437017,19301.756265113207,13478.21473214386
12395253,1620497994,0x57dC4A5D2786CB0fEf99FA526B0fF5038E185460,5.367637029756768e+18,3.521809144759034e+18,1.19,0x5f98805A4E8be255a32880FDeC7F6728C6568bA0,5195684784.0,5300731.0,3.0503326015852826e+18,6.216210209290032e+19,2.59137460398813e+21,2.629513294058969e+21,6.6420424411358044e+19,1.0145584931589588e+21,2016376144.0,3820.6935111271937,1.002139266648046,59144.3418521493,40.90176508319434,0.9987363873130414,1.0017751403633022,47.63938372488229,1.0270832057373322,0.9998729210391728,5206.799739172171,3135.0824633028524,11654.38597765662,2542.539696881352,2588.100110161868,2634.181049243093,3164.2280857022247,1042.0359895617407,2016.1199050149837,20508.095969677728,13455.753346809252
12400253,1620564682,0x57dC4A5D2786CB0fEf99FA526B0fF5038E185460,5.313404870623773e+18,3.558107618510752e+18,1.17,0x5f98805A4E8be255a32880FDeC7F6728C6568bA0,5196399207.0,5300735.0,3.050335170863931e+18,6.2162102799469355e+19,2.592040714095312e+21,2.630270422587036e+21,6.642046777234817e+19,1.0146366137710054e+21,2016752860.0,3770.7296794930594,0.9888261229659628,57153.45192976197,38.34773720394876,0.9998462180255508,0.9940165856284298,47.79088919716794,1.0230318670696912,0.99211922261505,5138.335281241214,3029.553030149068,11501.989361178157,2383.7759821988984,2591.642104956446,2614.532424739413,3174.2932157323557,1038.0055893834208,2000.8592796698788,20035.413444824037,13416.66199994886
12405253,1620630934,0x57dC4A5D2786CB0fEf99FA526B0fF5038E185460,5.268069156803334e+18,3.2737541941873203e+18,1.26,0x5f98805A4E8be255a32880FDeC7F6728C6568bA0,5197966615.0,5300739.0,3.0503372484608717e+18,6.216210372577214e+19,2.592264332770203e+21,2.630846334950114e+21,6.6420491371313136e+19,1.0147158941127585e+21,2017072736.0,4111.228172981229,1.0006840513352533,58928.1448127077,40.70989698382181,1.000196386409903,1.0010587869942098,52.02060989952873,1.0214867796676612,0.9987928961057604,5201.522291003593,3123.6271540636744,12540.63243296638,2530.612838973829,2592.7734182560357,2633.6318408333236,3455.2344709620943,1036.5188709548331,2014.63791964541,21658.23433466334,13459.150474558373
12410253,1620697776,0x57dC4A5D2786CB0fEf99FA526B0fF5038E185460,5.172617412803001e+18,3.466423697601343e+18,1.17,0x5f98805A4E8be255a32880FDeC7F6728C6568bA0,5200312362.0,5300745.0,3.050341926914099e+18,6.216213897478625e+19,2.592843242733997e+21,2.6315819407521863e+21,6.642051848510038e+19,1.0151998724405483e+21,2017509540.0,3899.281870145788,0.993559385737344,55550.62749889274,36.27163361120754,1.0044313471262436,0.9989214359000508,46.83521461995352,1.0175408188196011,0.998398505690297,5166.819156031036,2944.597109616182,11894.142973361715,2254.722329382411,2604.333031186486,2628.7436109448163,3110.8192384182657,1033.0073094687102,2014.2785099519185,20169.493298943155,13516.563078300644
12415253,1620764807,0x57dC4A5D2786CB0fEf99FA526B0fF5038E185460,5.161785497965886e+18,3.319716712617997e+18,1.22,0x5f98805A4E8be255a32880FDeC7F6728C6568bA0,5201642147.0,5300752.0,3.050345653409144e+18,6.216213961314002e+19,2.593719744440093e+21,2.632259438464108e+21,6.642051902534243e+19,1.0153945466094963e+21,2017993678.0,4079.636336334166,1.00154313318057,56961.435780176274,37.71860856254151,0.99746561903425,0.9997203284834224,48.11094707614767,1.019839399828874,0.997206927827577,5209.6689735904865,3019.3844463464097,12444.300966026927,2344.669411478084,2587.146270489294,2631.523270474927,3195.554075598509,1035.5393650037402,2012.3572760138527,21058.20767786438,13543.236927132186
12420253,1620831684,0x57dC4A5D2786CB0fEf99FA526B0fF5038E185460,5.095518002670851e+18,3.1202824605877253e+18,1.28,0x5f98805A4E8be255a32880FDeC7F6728C6568bA0,5203345282.0,5300759.0,3.0503475755197916e+18,6.216214024941217e+19,2.5943997983816155e+21,2.6330183240961297e+21,6.642051952688876e+19,1.0163701949174304e+21,2018594617.0,4327.078368570849,0.99987820930628,56966.61087464363,42.82292187288524,0.9980200704809884,1.002958390501358,47.93047219359941,1.0358074926554257,0.9958648908885545,5202.711562968441,3019.662752932651,13199.093010654226,2661.9644753519124,2589.2630696366823,2640.807820496037,3183.566864267968,1052.7638632071298,2010.2475080069282,22048.70572602038,13501.70673904017
12425253,1620898399,0x57dC4A5D2786CB0fEf99FA526B0fF5038E185460,5.108686123146332e+18,3.562908492233493e+18,1.12,0x5f98805A4E8be255a32880FDeC7F6728C6568bA0,5204599445.0,5300774.0,3.050368929372431e+18,6.216214090634134e+19,2.5945811040615095e+21,2.6337536122140544e+21,6.642052004333407e+19,1.016450652278035e+21,2019133697.0,3777.942429516245,1.0007223159848395,49595.538757110175,37.16909815438972,0.9998849178970832,1.0021448481714137,40.82282347796001,1.0157609018167923,0.992979274643786,5208.35881037381,2628.947423596819,11524.118203954147,2310.510716834806,2594.282514211866,2639.402613833166,2711.473165043331,1032.4708312102036,2004.9579138558859,19300.32206371538,13460.463165292662
12430253,1620964809,0x57dC4A5D2786CB0fEf99FA526B0fF5038E185460,5.118785114913365e+18,3.5508745323244754e+18,1.13,0x5f98805A4E8be255a32880FDeC7F6728C6568bA0,5206082625.0,5300786.0,3.0503813501102756e+18,6.216219323073879e+19,2.594760923522529e+21,2.6345027661170936e+21,6.642057147997755e+19,1.0165309939279921e+21,2019546411.0,3795.876930333428,1.000650685168028,49475.07885703233,37.84951629027806,1.0036717216781492,1.001657970110593,43.60817691241488,1.0220812985718573,1.0029008195716504,5209.470145747615,2622.5680535425295,11578.872195602931,2352.8089453262605,2604.2881634550413,2638.87069295959,2896.4800317225595,1038.9773183124628,2025.4047507548853,19430.278329033787,13478.682719758977
12435253,1621031335,0x57dC4A5D2786CB0fEf99FA526B0fF5038E185460,5.072990076921417e+18,3.342956831108678e+18,1.19,0x5f98805A4E8be255a32880FDeC7F6728C6568bA0,5207032484.0,5300798.0,3.050383772807561e+18,6.2162194067992535e+19,2.5949443967538954e+21,2.6353904556959104e+21,6.642057197907409e+19,1.0166094167899349e+21,2019995119.0,4048.657773008151,0.9980614696628728,49802.977646978914,39.52942213364165,1.0005496671811331,1.0022773186106035,46.20026699009336,1.019349109473265,1.0009762304661705,5196.93849356336,2639.9552430515055,12349.959972435261,2457.235610067032,2596.3707525256564,2641.392079426874,3068.6481590679373,1036.2799036869553,2021.9670997766834,20538.800707321112,13534.488159098846
12440253,1621098563,0x57dC4A5D2786CB0fEf99FA526B0fF5038E185460,5.090497548788388e+18,3.598707786688262e+18,1.11,0x5f98805A4E8be255a32880FDeC7F6728C6568bA0,5208368819.0,5300815.0,3.050387382299174e+18,6.2162217451809686e+19,2.5951352969165936e+21,2.636344843380558e+21,6.642060042040121e+19,1.0166852161171287e+21,2020375684.0,3749.082861113151,0.9962100857773888,47958.44217539272,38.3023740192826,1.0007344377464535,0.9977099551703236,42.653951759344864,1.0145240901366708,0.9977264386568644,5188.629547936267,2542.1882965995437,11436.155054733641,2380.960502707191,2597.041262235803,2630.3074955027305,2833.1010861585146,1031.4516438366345,2015.7822359462466,19084.69711470105,13491.853685227405
12445253,1621165122,0x57dC4A5D2786CB0fEf99FA526B0fF5038E185460,5.132447500621056e+18,3.517270494218287e+18,1.14,0x5f98805A4E8be255a32880FDeC7F6728C6568bA0,5209084498.0,5300831.0,3.050391012466027e+18,6.216221831423324e+19,2.595348746504288e+21,2.6371882125666864e+21,6.642060454746934e+19,1.0167612049519513e+21,2020680387.0,3793.182352273395,0.999322207440603,49298.0839154264,38.67806505488208,0.9994534084177666,1.001402778523638,43.616077641600434,1.0147345944639448,0.9970206775846304,5205.553819285985,2613.208114594937,11570.689356019508,2404.3143239136957,2593.9301507264886,2640.887603554066,2897.0062449444613,1031.74276897359,2014.6601286287134,19468.30928332548,13341.648366840727
12450253,1621232367,0x57dC4A5D2786CB0fEf99FA526B0fF5038E185460,5.130824212145604e+18,3.942269919466581e+18,1.02,0x5f98805A4E8be255a32880FDeC7F6728C6568bA0,5209517357.0,5300848.0,3.0504002435672207e+18,6.216226736147406e+19,2.5956780360358644e+21,2.637782019658302e+21,6.642062123251181e+19,1.0168393138070032e+21,2020943344.0,3399.279914133705,1.00215687910917,44571.09853864054,33.09553315772187,1.0157865324689284,1.0020176484633097,36.69646588858171,1.0311351298389344,1.000980997765479,5220.753656156171,2362.646185463556,10369.164278026616,2057.2933806208366,2636.6547916306286,2643.1041364968114,2437.4020613572757,1048.4987378677172,2022.925884904624,17441.107687297444,13400.878953336249
12455253,1621299035,0x57dC4A5D2786CB0fEf99FA526B0fF5038E185460,5.134425678928279e+18,4.02600318244001e+18,1.0,0x5f98805A4E8be255a32880FDeC7F6728C6568bA0,5209991332.0,5300860.0,3.0504087369857633e+18,6.21624409943454e+19,2.59589328541748e+21,2.6381746039098667e+21,6.642065555662321e+19,1.0169179097651172e+21,2021164783.0,3353.766137735696,1.001555090823572,44455.27507315163,34.108957327141745,0.9991836614784184,1.0000060316416983,37.93776923676082,1.0249202699996185,0.998075368058614,5218.093341711282,2356.5118942426657,10230.357528355966,2120.296047227094,2593.774157730679,2638.190516433815,2519.851503061547,1042.2597786439117,2017.2747846998336,17219.66297871027,13502.273143683453
12460253,1621365641,0x57dC4A5D2786CB0fEf99FA526B0fF5038E185460,5.193719835746764e+18,4.0291808605211863e+18,1.01,0x5f98805A4E8be255a32880FDeC7F6728C6568bA0,5210770670.0,5300867.0,3.050415129686866e+18,6.216244982341383e+19,2.596409653908977e+21,2.638513640759953e+21,6.642072470749018e+19,1.0171439658209405e+21,2021334378.0,3355.172253583957,0.9893409774599462,42936.57391384096,34.68668087475046,0.999902030959845,0.9905577793653308,40.50074186254177,1.015336766286615,1.00222903729736,5155.228947977419,2276.010677529404,10234.66820503808,2156.2090594174433,2596.1552861473347,2613.600212816313,2690.08862570101,1032.743665104577,2025.8400077189979,17425.82468578617,13518.595827892215
12465253,1621432999,0x57dC4A5D2786CB0fEf99FA526B0fF5038E185460,5.151264393196539e+18,5.461850384552515e+18,0.74,0x5f98805A4E8be255a32880FDeC7F6728C6568bA0,5211472564.0,5300879.0,3.0505028085221325e+18,6.216269819609652e+19,2.5968416919139695e+21,2.6387985450832007e+21,6.642090068968854e+19,1.0173255544895557e+21,2021728951.0,2276.2129727931965,0.9585315927468931,33576.59737311236,23.58782649734083,0.9954076169775796,0.926965876323751,28.761960107445045,1.0096490101025684,1.0211975326328215,4995.3610973276545,1779.8547990658647,6943.594066300158,1466.2829396560865,2584.91600021611,2446.0762057848883,1910.3952959373908,1027.1417390424263,2064.584616413543,11725.374838081634,12432.334700773943
12470253,1621500121,0x57dC4A5D2786CB0fEf99FA526B0fF5038E185460,5.160057400581599e+18,5.032859657712656e+18,0.8,0x5f98805A4E8be255a32880FDeC7F6728C6568bA0,5214825887.0,5300888.0,3.0505512205903155e+18,6.216289313048438e+19,2.5970419814370074e+21,2.639265172412944e+21,6.6420975004797534e+19,1.0173858220911196e+21,2021899519.0,2683.779604720952,0.9908398260054568,39701.36987246844,26.02125749251375,1.0009624435389637,1.0064460216835618,29.588385540115723,1.0111257681304795,0.995685402171234,5167.057174523832,2104.5251514052948,8187.007148976895,1617.5566486279483,2599.541487712459,2656.2779329429873,1965.2894163923395,1028.7050208469425,2013.1758357253398,13848.456810870308,13507.086102792098
12475253,1621566671,0x57dC4A5D2786CB0fEf99FA526B0fF5038E185460,4.1356612078413824e+18,3.830922340279728e+18,0.83,0x5f98805A4E8be255a32880FDeC7F6728C6568bA0,2608233207.0,5300890.0,2.0510072963508083e+18,6.216290606501618e+19,2.5972457640752453e+21,2.6397849242777593e+21,6.6420995938130485e+19,1.017505605695855e+21,2022061491.0,2841.530159384846,0.9998247041488146,40716.02420130905,27.07776720883339,0.9905650459073072,0.997470469231114,30.61010102199931,1.0084795463688212,0.9964252682435584,2607.7759945398893,2158.311655284771,5827.999089699193,1683.2326994530852,2572.7408695237546,2633.107507088557,2033.15339564798,1026.1335916598885,2014.8331635746445,11751.606051079247,10885.681368166022
12480253,1621634345,0x57dC4A5D2786CB0fEf99FA526B0fF5038E185460,3.626572170034736e+18,4.0658236491365806e+18,0.69,0x5f98805A4E8be255a32880FDeC7F6728C6568bA0,2608861364.0,5300892.0,2.0510138916189548e+18,6.216292637040288e+19,2.5974659364025433e+21,1.320073568721026e+21,1.7631389979041432e+19,1.017563369172931e+21,2022222651.0,2300.9919564080933,0.9941512118683106,36249.846642814686,21.228096967325467,1.017539451100725,1.0014957534647495,25.016334311313983,1.051450323674873,1.0218846904752634,2593.6026866170137,1921.5652207012322,4719.366467096476,1319.6006287636255,2643.0240631798747,1322.0480733351646,441.0727460888517,1069.9173338765725,2066.478367789202,8344.713392583371,9355.427512837074
12485253,1621701771,0x57dC4A5D2786CB0fEf99FA526B0fF5038E185460,3.629736896159943e+18,4.04922865216786e+18,0.7,0x5f98805A4E8be255a32880FDeC7F6728C6568bA0,2609064751.0,5300894.0,2.0510161935318582e+18,6.216293933199261e+19,2.597665689914859e+21,1.3201866171236504e+21,1.76314040133368e+19,1.0176081677367856e+21,2022381868.0,2372.5247910996745,0.9961278040626016,38076.02148248976,20.81901946631878,0.9991058310427918,1.0010940507738906,24.727140109699928,1.0074395024480558,1.0000759649156354,2598.9619410707683,2018.3695382040107,4866.086766101222,1294.1714440363476,2595.3429378937326,1321.6309683137945,435.97419736850463,1025.178666191825,2022.5354980679851,8611.64077130865,9606.895362099369
12490253,1621769140,0x57dC4A5D2786CB0fEf99FA526B0fF5038E185460,3.619696157862944e+18,4.5576720882091617e+18,0.62,0x5f98805A4E8be255a32880FDeC7F6728C6568bA0,2609254664.0,5300899.0,2.0510212044795638e+18,6.216301653522928e+19,2.597856824049182e+21,1.3202981948910954e+21,1.7631450254713733e+19,1.0176475741685516e+21,2022541209.0,2134.6843596632925,0.99861209903714,35280.61963593032,17.885322177582683,0.9968110080722544,1.0010659354501814,19.836863701731804,1.0055369008059056,1.0008490276057065,2605.6332769394876,1870.190013474834,4378.282886540293,1111.8055782629751,2589.5722796078508,1321.7055475418404,349.75267556662084,1023.2821878420932,2024.25840232012,7726.908774923339,9729.191323174036
12495253,1621835442,0x57dC4A5D2786CB0fEf99FA526B0fF5038E185460,2.2226592149200387e+18,3.293072795869482e+18,0.52,0x5f98805A4E8be255a32880FDeC7F6728C6568bA0,1304942837.0,1194668.0,1.339590680042179e+18,6.2163186367614665e+19,1.2990249250402056e+21,1.320409327749443e+21,1.7631500665483528e+19,1.017672119182621e+21,2022689902.0,2127.037375706075,1.0059699438666598,35207.07459558643,17.602612079453987,0.9986009294396644,1.0038012695169158,21.547909888223447,0.9994466720688644,1.0029076763275129,1312.7332724860898,420.60765392960053,2849.359444597233,1094.2344552519232,1297.2074975104397,1325.4285594768683,379.92198753399083,1017.1090127743394,2028.5712295459448,4727.679223592445,7004.488917735291
12500253,1621901567,0x57dC4A5D2786CB0fEf99FA526B0fF5038E185460,4.108427140822372e+17,1.1728198823482977e+18,0.27,0x5f98805A4E8be255a32880FDeC7F6728C6568bA0,652560750.0,1194669.0,6.014715933929346e+16,0.0,1.299122726179655e+21,8.253237316939363e+19,1.7631505665611936e+19,5.088507853501229e+20,596804517.0,2617.289745943244,1.0026924830932376,39162.60274862412,25.23023206962004,1.0051833036750797,1.008903490016264,26.803130055737903,1.0077315757664962,1.007365824170303,654.3177587866854,467.8634746309603,157.42254338634717,0.0,1305.8564737806416,83.2671993299259,472.5795394338764,512.7850037508985,601.2004741362646,1075.2944227629312,3069.6094519085614
12505253,1621969180,0x57dC4A5D2786CB0fEf99FA526B0fF5038E185460,4.113335114633954e+17,1.2083806214801152e+18,0.26,0x5f98805A4E8be255a32880FDeC7F6728C6568bA0,652748335.0,1194669.0,6.014730928615194e+16,0.0,1.2992227093047835e+21,8.253923609283373e+19,1.763151499132333e+19,5.088657031490928e+20,596848068.0,2602.269074784929,1.0012693935558403,38000.40776583749,24.22404572099661,0.9972397591950366,0.9986953182635868,26.09202134578606,0.9953344873771108,0.999272618528585,653.5769295300345,453.979091452053,156.5194828868776,0.0,1295.6365417678255,82.43154865896592,460.04186551215525,506.49158378769533,596.4139317740869,1070.400476303886,3144.531521847097
12510253,1622036189,0x57dC4A5D2786CB0fEf99FA526B0fF5038E185460,4.274099130431971e+17,1.1332374419974664e+18,0.29,0x5f98805A4E8be255a32880FDeC7F6728C6568bA0,652800218.0,1194669.0,6.01473755588916e+16,0.0,1.2993235907167115e+21,8.254603788170835e+19,1.763152997453783e+19,5.088812726018245e+20,596890822.0,2736.5347228929472,1.0041781038258195,40139.70071434751,27.13539318275805,0.9938029995622456,0.9953436342937456,32.32755882278237,0.9966422513540056,0.9983883182453414,655.5276850883216,479.53656112708825,164.59538170778947,0.0,1291.2716818562556,82.16167334172879,569.9843223875223,507.1725771977739,595.9288239526594,1169.6220679513642,3101.1436093084494
12515253,1622102801,0x57dC4A5D2786CB0fEf99FA526B0fF5038E185460,4.3887271435052986e+17,1.1580921958904504e+18,0.29,0x5f98805A4E8be255a32880FDeC7F6728C6568bA0,652846599.0,1194670.0,6.014743128204944e+16,0.0,1.2994466129891804e+21,8.25529479730212e+19,1.7631539033356823e+19,5.089002230166974e+20,596932791.0,2742.9206078775364,1.0021232704066818,38268.99789903176,27.258199748708257,0.9997344240698962,1.001475262146505,32.30954430612442,1.00020661735631,1.0008386405529552,654.2327688637596,457.1882372003627,164.9796287744314,0.0,1299.1015112463153,82.67473521224821,569.6669915834044,509.0053706354027,597.4334030459213,1203.7930124272198,3176.5549499300655
12520253,1622170415,0x57dC4A5D2786CB0fEf99FA526B0fF5038E185460,4.353332892168853e+17,1.1540160536916636e+18,0.29,0x5f98805A4E8be255a32880FDeC7F6728C6568bA0,652889247.0,1194670.0,6.0147472387184264e+16,0.0,1.2997673217536782e+21,8.256195339340048e+19,1.7631544754616474e+19,5.0891725228985044e+20,596974993.0,2724.047595330579,1.0010934108227527,38190.82613225708,29.048956999682165,0.9958946746090258,0.9993142139291388,31.95303325736104,1.0034622538363736,0.9975689998777164,653.6031231687286,456.2543425542357,163.8445775215217,0.0,1294.4313539653244,82.5053335557802,563.3813359229098,510.6792529989877,595.5237467190168,1185.868599658608,3143.594656031661
12525253,1622237812,0x57dC4A5D2786CB0fEf99FA526B0fF5038E185460,4.394687483104221e+17,1.3354065595825564e+18,0.25,0x5f98805A4E8be255a32880FDeC7F6728C6568bA0,652928595.0,1194671.0,6.014762928189731e+16,0.0,1.3008021181458253e+21,8.256906718098265e+19,1.763156920733651e+19,5.089314918940047e+20,597016792.0,2372.868599018691,0.9912959046326794,35054.080205085535,25.295630364860628,0.9861452489955922,1.0003202840497538,28.09587885095006,0.973913612655356,1.0007960281044068,647.2454422410693,418.7809305268974,142.72242082843127,0.0,1282.7798286929085,82.59551273620376,495.37443240146814,495.65530786457015,597.4920341452348,1042.801593115849,3168.7442921570305
12530253,1622304587,0x57dC4A5D2786CB0fEf99FA526B0fF5038E185460,4.2785526319327245e+17,1.354599671568631e+18,0.24,0x5f98805A4E8be255a32880FDeC7F6728C6568bA0,652967044.0,1194672.0,6.014768903849756e+16,0.0,1.3009084166585776e+21,8.257601714898421e+19,1.763159196580814e+19,5.0894315962788394e+20,597057144.0,2326.4584921038404,1.0065007259137535,34305.206189092314,23.340635008488988,1.000328314253863,1.0048116451650366,25.438071524334426,1.010319027090861,1.0011839042491844,657.2118037837578,409.8346928833529,139.9311019440337,0.0,1301.335523434737,82.9733436426471,448.5136975141077,514.1949578797925,597.7640024897875,995.3875104473124,3151.419909321915
12535253,1622371455,0x57dC4A5D2786CB0fEf99FA526B0fF5038E185460,2.3518233672386093e+17,1.1384621922823346e+18,0.16,0x5f98805A4E8be255a32880FDeC7F6728C6568bA0,653007442.0,1194673.0,6.014778234801903e+16,0.0,8.962761157108025e+20,8.258298398946782e+19,0.0,5.089546157341531e+20,597095523.0,2418.859016981377,1.0030048676240682,35872.87562806587,25.109216879339986,0.9984059303643704,1.0038290404297343,28.161778973293163,1.0100488928338702,1.0003945596678674,654.9696429207413,428.5635594520833,145.48900568393913,0.0,894.8473891696079,82.89919757397159,0.0,514.0690461249692,597.3311128112399,568.8729158192615,2753.7795392945113
12540253,1622439167,0x57dC4A5D2786CB0fEf99FA526B0fF5038E185460,2.387201476256521e+17,1.1790380217627267e+18,0.16,0x5f98805A4E8be255a32880FDeC7F6728C6568bA0,653044145.0,1194674.0,6.014786074075064e+16,0.0,8.963530802107257e+20,8.259028931465858e+19,0.0,5.08966957309925e+20,597134592.0,2329.59356837051,1.000770783100681,34512.66118540262,24.08994025907172,1.0007638641587289,1.000970645572676,25.870369781236835,1.0111782119073878,1.000184369430342,653.5475003909646,412.3137898900969,140.1200695328978,0.0,897.0377722022649,82.67045521332787,0.0,514.6562978125937,597.2446853645646,556.1209205491779,2746.679392362738
12545253,1622505989,0x57dC4A5D2786CB0fEf99FA526B0fF5038E185460,2.2454692630815734e+17,1.0138201064982838e+18,0.17,0x5f98805A4E8be255a32880FDeC7F6728C6568bA0,653079278.0,1194674.0,6.014794774918983e+16,0.0,8.973929114843584e+20,8.259847305246817e+19,0.0,5.089800180905122e+20,597173593.0,2699.3847632094426,1.003693038879694,37531.19167572806,28.18176431758967,1.0040882309726156,1.0044194931625612,32.05838158968834,1.0088960850121047,1.0054390756432532,655.4911251651765,448.3753888400875,162.36245369248073,0.0,901.0616609796944,82.96351643936154,0.0,513.507947600908,600.4216653444803,606.1385515017535,2736.6905481168415
12550253,1622572725,0x57dC4A5D2786CB0fEf99FA526B0fF5038E185460,2.2793664707801507e+17,1.0742783468071717e+18,0.16,0x5f98805A4E8be255a32880FDeC7F6728C6568bA0,653114954.0,1194675.0,6.0147997492464e+16,0.0,8.976686792062236e+20,8.260585130542359e+19,0.0,5.089925524704931e+20,597212946.0,2568.339399859742,1.008432521526972,36265.60201754483,26.72936879964798,1.0053936661782568,1.003462241826961,30.044702674048285,1.0036614638929895,1.0022713676604735,658.6223599091924,433.2560809031037,154.48047178256027,0.0,902.5104044005386,82.89185273896494,0.0,510.85621032316436,598.5694361719605,585.418671362391,2759.1114045210475
12555253,1622639047,0x57dC4A5D2786CB0fEf99FA526B0fF5038E185460,2.2535474945419648e+17,1.0163350338525318e+18,0.17,0x5f98805A4E8be255a32880FDeC7F6728C6568bA0,653147130.0,1194675.0,6.0148047722544e+16,0.0,8.978388890370116e+20,8.261451340228649e+19,0.0,5.0900481450119836e+20,597251926.0,2707.585510696106,0.9980678413001924,37142.97464439018,27.40590465693548,1.0003959550196422,0.9992686795997808,30.20547761864672,1.0021910011314314,0.999995503502798,651.8851460905161,443.73783233286844,162.85598251021807,0.0,898.1943928519559,82.55409572328122,0.0,510.12004462567455,597.2492404583859,610.1672543887337,2751.814011671952
12560253,1622706054,0x57dC4A5D2786CB0fEf99FA526B0fF5038E185460,2.2535505278035984e+17,9.684917123980863e+17,0.18,0x5f98805A4E8be255a32880FDeC7F6728C6568bA0,653179719.0,1194676.0,6.01482126655781e+16,0.0,8.979679675199021e+20,8.262138414581826e+19,0.0,5.0901388236385563e+20,597291411.0,2826.181944249824,1.0007750024183484,38944.42450616769,28.74771791858534,0.9987237986318144,1.0014941147972358,31.774835126438862,1.0056302300805502,1.000877908439157,653.6859348618411,465.259692913304,169.9897926143554,0.0,896.8219795711664,82.74482997843863,0.0,511.8797476357583,597.8157781703529,636.8943812133191,2737.133790735065
12565253,1622773578,0x57dC4A5D2786CB0fEf99FA526B0fF5038E185460,2.2325857001683818e+17,1.0128638680139183e+18,0.17,0x5f98805A4E8be255a32880FDeC7F6728C6568bA0,653216439.0,1194676.0,6.01484232012894e+16,0.0,8.980566787479981e+20,8.262840447506755e+19,0.0,5.0902562379086194e+20,597331598.0,2721.233823679316,0.9977056422647864,37841.53868959356,26.76249691585772,0.9939440020015388,0.9999478069505068,29.560832290214115,0.9947911315417052,0.99950499516793,651.7177268104117,452.0837807552888,163.67792365632644,0.0,892.6180492989955,82.62409184666323,0.0,506.3741762746339,597.0359159726419,607.5387721560969,2756.2394164221373
12570253,1622839259,0x57dC4A5D2786CB0fEf99FA526B0fF5038E185460,2.265399961052431e+17,1.0167705904273972e+18,0.17,0x5f98805A4E8be255a32880FDeC7F6728C6568bA0,653254498.0,1194677.0,6.014858993295565e+16,0.0,8.982801488810118e+20,8.263516649371564e+19,0.0,5.0903982649453216e+20,597370624.0,2699.321745743502,1.0000962277110188,36923.40380811826,26.669807970835123,1.001923597666198,1.00002581287111,29.191948943831854,1.0015798505850575,0.9994182508512394,653.3173591850552,441.115412912713,162.36039678183587,0.0,900.0080784789913,82.63729954461749,0.0,509.84403336223716,597.0231041479934,611.504337767531,2744.590965173133
12575253,1622907093,0x57dC4A5D2786CB0fEf99FA526B0fF5038E185460,2.2316407808521645e+17,1.0515286021685362e+18,0.16,0x5f98805A4E8be255a32880FDeC7F6728C6568bA0,653293665.0,1194678.0,6.014871841662286e+16,0.0,8.985763086426718e+20,8.264216231778081e+19,0.0,5.090549497656095e+20,597410942.0,2619.8447581991986,1.0006340472220716,35651.397921714815,25.54905457550297,1.000786518001109,1.0016024207355356,27.249263383020264,0.9979729899308974,0.998041519643071,653.7078840334902,425.91940766318413,157.580304656189,0.0,899.2830550847893,82.77458983230832,0.0,508.0230902567081,596.2409244050785,584.655240189911,2754.84169648777
12580253,1622973268,0x57dC4A5D2786CB0fEf99FA526B0fF5038E185460,8.61733850060711e+16,8.847989809812558e+17,0.08,0x5f98805A4E8be255a32880FDeC7F6728C6568bA0,326665780.0,194722.0,6.014886112775603e+16,0.0,8.986995176497924e+20,8.264898950380288e+19,0.0,5.0907090613925734e+20,597450191.0,2729.325352367792,0.9983043750625902,36281.91274757462,26.053266801497244,1.003265952608945,1.000186802201788,27.92908222719802,1.0019214976909276,0.9996396277820284,326.11187735723354,70.64886614033225,164.16581159203415,0.0,901.6346276841182,82.66442851701774,0.0,510.04908470992234,597.2348865495418,235.19520439642045,2414.9042905413294
12585253,1623039666,0x57dC4A5D2786CB0fEf99FA526B0fF5038E185460,8.564609060507582e+16,8.709921103066548e+17,0.08,0x5f98805A4E8be255a32880FDeC7F6728C6568bA0,326685098.0,194722.0,6.014898368432903e+16,0.0,8.987719137475557e+20,8.26557957806997e+19,0.0,5.090888607053174e+20,597489450.0,2787.0948692259644,1.0017601834415006,36504.29979372663,26.608588945507645,1.001064383970658,1.0013019051581582,28.25934062894401,1.011502681758725,1.004203120020435,327.2601237000846,71.08190264434036,167.6409238157497,0.0,899.728552165826,82.76340578757826,0.0,514.9447478569225,600.0007698692938,238.70377969466892,2427.5376417719726
12590253,1623106717,0x57dC4A5D2786CB0fEf99FA526B0fF5038E185460,8.564622276646918e+16,9.248103403244074e+17,0.07,0x5f98805A4E8be255a32880FDeC7F6728C6568bA0,326704362.0,194722.0,6.0149116044061224e+16,0.0,8.988469385402417e+20,8.266260873213911e+19,0.0,5.0910653388584767e+20,597530491.0,2619.910621677508,1.0002762650139625,34152.698926742654,24.5192939521696,0.9997537452584148,1.002400165455777,25.02080966957487,1.0019543644985676,1.002334996698262,326.79461898512955,66.50281840413183,157.58530800834902,0.0,898.6255932196668,82.8610126701024,0.0,510.10151362166295,598.9257227235959,224.38544873243063,2422.920433653106
12595253,1623173396,0x57dC4A5D2786CB0fEf99FA526B0fF5038E185460,8.595160451967706e+16,1.0064845339393418e+18,0.07,0x5f98805A4E8be255a32880FDeC7F6728C6568bA0,326723487.0,194722.0,6.014934037278553e+16,0.0,8.989207410407662e+20,8.266925966723087e+19,0.0,5.091245650532952e+20,597572157.0,2405.5550146409973,1.00451273333939,32208.1388009688,22.060234648274868,1.0003895897564157,1.0085173916368098,22.81309141246909,1.0005515348305454,1.0066408309526478,328.1979029725466,62.716332036022465,144.6925473611024,0.0,899.2709513533052,83.37338612814179,0.0,509.4053649840084,601.5405326766461,206.76131326874895,2421.1539177763907
12600253,1623240568,0x57dC4A5D2786CB0fEf99FA526B0fF5038E185460,8.672901204430158e+16,9.488933150678003e+17,0.07,0x5f98805A4E8be255a32880FDeC7F6728C6568bA0,326743803.0,194722.0,6.014945894362875e+16,0.0,8.989929667381959e+20,8.26758680739615e+19,0.0,5.0914252909825904e+20,597613851.0,2580.6658242573644,1.005182025289206,35298.17543280499,24.048483652974088,1.0089558218357502,1.0093693622829891,24.186746496360715,1.0050353350027903,1.0092297227309452,328.4369976502374,68.73331316626653,155.2256530433942,0.0,907.0441875798957,83.45048823400707,0.0,511.70623229643667,603.1296611449023,223.81859735433443,2448.776549061748
12605253,1623307983,0x57dC4A5D2786CB0fEf99FA526B0fF5038E185460,8.837715992274138e+16,9.531821207692916e+17,0.07,0x5f98805A4E8be255a32880FDeC7F6728C6568bA0,326764736.0,194722.0,6.014957676120956e+16,0.0,8.990662605628621e+20,8.268245897966179e+19,0.0,5.0916121902016043e+20,597655501.0,2550.7035762267046,1.0027158149380542,36805.46337340606,24.34183145731508,1.0054282463809985,1.0030543943012784,24.50842101905324,1.002773020969802,1.0028801229239412,327.65216855125817,71.66833438996375,153.4237405533399,0.0,903.9466137380404,82.93500381118496,0.0,510.5731337575133,599.3768223090497,225.42393787169584,2431.285044241587
12610253,1623374435,0x57dC4A5D2786CB0fEf99FA526B0fF5038E185460,8.894877107422904e+16,9.938009161508778e+17,0.07,0x5f98805A4E8be255a32880FDeC7F6728C6568bA0,326785755.0,194722.0,6.0149684509827864e+16,0.0,8.991398783810833e+20,8.268899513765105e+19,0.0,5.091779616700741e+20,597696849.0,2418.7917876774413,0.9984141499522812,36170.13969921226,23.288369900511206,0.9984126725594122,0.9989357271753684,22.583563326919887,0.9946883216746504,0.9989864236439308,326.2675217948394,70.4312194251001,145.48956292376064,0.0,897.7126489792023,82.60099148722995,0.0,506.4733721273255,597.0910376057566,215.14855699834592,2403.7974945720607
12615253,1623441608,0x57dC4A5D2786CB0fEf99FA526B0fF5038E185460,9.013711278698619e+16,1.0040887591253179e+18,0.07,0x5f98805A4E8be255a32880FDeC7F6728C6568bA0,326807210.0,194723.0,6.014977074793314e+16,0.0,8.992117272878004e+20,8.269553797387939e+19,0.0,5.0919939940423965e+20,597738631.0,2422.809338418583,0.9982555836804669,37503.27694498613,22.33019313769005,1.0010452935803928,1.001014623521262,21.994130290340475,1.012106959038276,0.999431124185805,326.2371221695349,73.02750596558535,145.73142627182932,0.0,900.1516675337483,82.77944281181111,0.0,515.3642556751416,597.3985919496141,218.38503859839923,2432.7156222099475
12620253,1623509454,0x57dC4A5D2786CB0fEf99FA526B0fF5038E185460,8.893194936244291e+16,9.983147729598339e+17,0.07,0x5f98805A4E8be255a32880FDeC7F6728C6568bA0,326830922.0,194723.0,6.014986678355411e+16,0.0,8.992817202127809e+20,8.270204919432017e+19,0.0,5.0922287493286534e+20,597781016.0,2431.1375309194764,1.0051850815878578,36004.5235554087,21.61106544536845,1.0052978228629434,1.0069333556111406,21.8397729377814,1.0092804417369936,1.006437400647964,328.5255669960048,70.10908840279848,146.23259861730517,0.0,904.0459554703513,83.27545191115443,0.0,513.9486881548241,601.6291718997389,216.20579979286535,2427.0405122140082
12625253,1623575670,0x57dC4A5D2786CB0fEf99FA526B0fF5038E185460,8.951119474812898e+16,1.0303479068841646e+18,0.07,0x5f98805A4E8be255a32880FDeC7F6728C6568bA0,326854429.0,194724.0,6.0149916014585656e+16,0.0,8.993501907847073e+20,8.270834515281397e+19,0.0,5.092458070731233e+20,597822437.0,2358.4557853588976,1.0032546055593683,35558.83621217893,20.84797174113412,1.0018397406709074,1.0030915507177756,20.93280699302764,1.0044044854694576,1.0019303919511806,327.91821124172753,69.24158822580331,141.86091741345135,0.0,901.0047619080822,82.96404219663718,0.0,511.4887728307591,598.97646862062,211.10819510811177,2430.0299819233887
12630253,1623642411,0x57dC4A5D2786CB0fEf99FA526B0fF5038E185460,9.07440544230139e+16,9.739826711928169e+17,0.07,0x5f98805A4E8be255a32880FDeC7F6728C6568bA0,326878274.0,194724.0,6.014998464625989e+16,0.0,8.994222590382412e+20,8.271464991764426e+19,0.0,5.092685206721189e+20,597864211.0,2489.038806606617,1.001777243591189,39030.10421827954,22.83677080336065,1.0056862041047971,1.002532074655574,23.30870550470241,1.0105422670148705,1.0040899713038822,327.4592163175654,76.00098013800266,149.71564600133306,0.0,904.5365575795303,82.9240895863454,0.0,514.6373653993124,600.3094584666081,225.86547292770445,2424.280665561294
12635253,1623709156,0x57dC4A5D2786CB0fEf99FA526B0fF5038E185460,9.074411950455182e+16,9.446308244971447e+17,0.08,0x5f98805A4E8be255a32880FDeC7F6728C6568bA0,326904082.0,194724.0,6.015004973134832e+16,0.0,8.995778041422238e+20,8.272088623212275e+19,0.0,5.09292376571025e+20,597906083.0,2578.2061195781976,1.0054252796506065,40294.83040486438,23.92706083626704,1.006060688272819,1.0071409400671558,24.496952582860533,1.014427108388528,1.0058091999205174,328.6776280637748,78.4637055575681,155.07922631029516,0.0,905.0298647902769,83.31159112300836,0.0,516.6399928892662,601.3794389698404,233.9570442223708,2435.452972460737
12640253,1623776411,0x57dC4A5D2786CB0fEf99FA526B0fF5038E185460,9.035029716948365e+16,9.49335474222686e+17,0.08,0x5f98805A4E8be255a32880FDeC7F6728C6568bA0,326932789.0,194724.0,6.015009780875652e+16,0.0,8.997723648371058e+20,8.272732449070803e+19,0.0,5.0931545933929454e+20,597948729.0,2568.790058083297,1.0048606247632603,40390.98030625851,23.763601267272417,1.0067960149116124,1.0059656895128628,25.36741528681288,1.0137264052488653,1.006317000629852,328.5218866101352,78.65093249155883,154.51297324387167,0.0,905.8872312455956,83.22085002284945,0.0,516.3065297336976,601.7259714977122,232.09094511384103,2438.6435279690277
12645253,1623843234,0x57dC4A5D2786CB0fEf99FA526B0fF5038E185460,9.097163857195338e+16,9.77097228938074e+17,0.07,0x5f98805A4E8be255a32880FDeC7F6728C6568bA0,326974903.0,194724.0,6.01501656273773e+16,0.0,9.003484848520258e+20,8.273381313178614e+19,0.0,5.093395524297394e+20,597991169.0,2495.8984825412654,0.999606068554916,39816.279099880405,22.35835712737336,1.0014925881824457,1.0004687518387,23.69521732995256,1.0022984591138553,1.0000390328714426,326.846097303955,77.53185131445112,150.12870711397676,0.0,901.6923343605988,82.77259475881434,0.0,510.5102485660685,598.0145103124233,227.0559746660309,2438.735491001814
12650253,1623910102,0x57dC4A5D2786CB0fEf99FA526B0fF5038E185460,9.15905023499466e+16,9.968886252844242e+17,0.07,0x5f98805A4E8be255a32880FDeC7F6728C6568bA0,327002537.0,194724.0,6.0150241870091064e+16,0.0,9.00622923600082e+20,8.274031413689428e+19,0.0,5.0936074279815204e+20,598033773.0,2420.3464271867683,1.0024089144361736,38895.12094196783,22.63496145943224,1.002038029277604,1.0033390088115304,23.96634634668127,1.0072865146669232,1.0017002316273629,327.7902581320447,75.73813530303744,145.58442300469486,0.0,902.4584194864603,83.01658477486615,0.0,513.0722073213057,599.0505689350857,221.68074512693454,2412.815822510285
12655253,1623977041,0x57dC4A5D2786CB0fEf99FA526B0fF5038E185460,9.185435498372373e+16,1.02302009733463e+18,0.07,0x5f98805A4E8be255a32880FDeC7F6728C6568bA0,327027938.0,194724.0,6.015042492325298e+16,0.0,9.008756345805225e+20,8.274687910380588e+19,0.0,5.093805164765497e+20,598076416.0,2370.491734558446,1.004239087901911,38064.54380572922,22.0499340053553,0.9997617156998486,1.0054596011486616,23.115062253972923,1.0021986516291186,1.0002469148416953,328.4142381755627,74.12080228026817,142.5860851107495,0.0,900.6609700604131,83.19864406000919,0.0,510.50046677894215,598.2240899435783,217.73998927211449,2425.060685018917
12660253,1624043633,0x57dC4A5D2786CB0fEf99FA526B0fF5038E185460,9.200745709692803e+16,1.1216212657095194e+18,0.07,0x5f98805A4E8be255a32880FDeC7F6728C6568bA0,327053264.0,194724.0,6.015061052484176e+16,0.0,9.010323319642355e+20,8.275335157067515e+19,0.0,5.0940029892732636e+20,598118683.0,2156.194013641229,0.9938540606169644,35484.7940904418,19.818846110787018,0.9925906598491824,0.992444617413893,20.6493612394458,0.9829344539136464,0.9891995072054338,325.0432144644321,69.0974104446719,129.69638633052892,0.0,894.356276929828,82.12811833927609,0.0,500.70710464957983,591.6587064739631,198.38592820274846,2418.433058695564
12665253,1624111728,0x57dC4A5D2786CB0fEf99FA526B0fF5038E185460,9.136519553445645e+16,1.0789004022983114e+18,0.07,0x5f98805A4E8be255a32880FDeC7F6728C6568bA0,327078530.0,194725.0,6.015077770627195e+16,0.0,9.011614303160781e+20,8.275988205797628e+19,0.0,5.094186214822012e+20,598161482.0,2237.033800620963,1.002839874263636,36035.60537791676,20.49670256340832,1.004061460779686,1.0030256115479803,21.356168628152982,1.0104874381962528,1.0018479240333222,328.00739189953487,70.17033257214841,134.55932286256825,0.0,904.8214621214726,83.01028131284039,0.0,514.761117791016,599.2668389783954,204.38703061092255,2413.536667444878
12670253,1624178839,0x57dC4A5D2786CB0fEf99FA526B0fF5038E185460,9.199201466348038e+16,1.1035708070290595e+18,0.07,0x5f98805A4E8be255a32880FDeC7F6728C6568bA0,327103573.0,194725.0,6.01509699171612e+16,0.0,9.012520463614497e+20,8.276634602056493e+19,0.0,5.094363080366253e+20,598203491.0,2183.729411872196,0.9939103311747072,35347.14832182089,19.90504152178893,0.996449963395864,1.0064082783473294,20.20100332586423,0.9979503372251588,1.000036369312529,325.11162056885996,68.82973456966573,131.35344216074458,0.0,898.0525686073141,83.29673580365608,0.0,508.3921353998901,598.22524724972,200.88566807802044,2409.900029392893
12675253,1624245626,0x57dC4A5D2786CB0fEf99FA526B0fF5038E185460,9.130666973176018e+16,1.1056362530894266e+18,0.07,0x5f98805A4E8be255a32880FDeC7F6728C6568bA0,327128652.0,194725.0,6.015121837700775e+16,0.0,9.015059558629882e+20,8.277274569347744e+19,0.0,5.094532831443965e+20,598245001.0,2190.977684770998,1.0027426803263473,35019.12735775095,20.208408567036543,1.0005953839399735,1.0036231791727857,21.05440448273152,0.9970645501505174,0.998711336770308,328.0258613180249,68.19099574738054,131.78997717581115,0.0,902.0426980308995,83.07264618174833,0.0,507.95780858107184,597.4740646648643,200.05087585304207,2422.4243579927534
12679338,1624300956,0x57dC4A5D2786CB0fEf99FA526B0fF5038E185460,0.0,1.1695688509538004e+18,0.0,0x5f98805A4E8be255a32880FDeC7F6728C6568bA0,327149417.0,194725.0,0.0,0.0,9.016125192942421e+20,8.277805588650089e+19,0.0,5.094680554423913e+20,486972276.0,1946.1930523185315,0.9979954629618772,32779.01437216959,17.20496762573976,1.006053479329612,1.0070749762378692,18.79852159543541,1.0112426655805415,1.0054747021283614,326.4936338766233,63.82893573620724,0.0,0.0,907.0704120431093,83.3637086649149,0.0,515.1958344136989,489.63830415587023,0.0,2276.2067719344545
