block,timestamp,user,totalCollateral,totalDebt,healthFactor,tokenAddress,USDT_debt,WETH_collateral,MANA_debt,GUSD_debt,WETH_USD_price,USDT_USD_price,MANA_USD_price,GUSD_USD_price,USDT_debt (in USD),WETH_collateral (in USD),MANA_debt (in USD),GUSD_debt (in USD),totalCollateral (in USD),totalDebt (in USD)
11454754,1607997142,0x60F9c8582bA286EB076F700dBB1376371eF77599,1.0000000522773558e+18,7.040000360473801e+17,1.17,0x5f98805A4E8be255a32880FDeC7F6728C6568bA0,0.0,1.0000000500593836e+18,0.0,0.0,732.0868622834124,1.0007250882869214,0.0775877813161467,0.9965916220330908,0.0,732.0868989312295,0.0,0.0,732.0869005549778,515.3891774373358
11459754,1608063097,0x60F9c8582bA286EB076F700dBB1376371eF77599,1.0000011263539762e+18,6.831313339370541e+17,1.21,0x5f98805A4E8be255a32880FDeC7F6728C6568bA0,0.0,1.0000011224747807e+18,4.637687246326845e+21,0.0,732.0868622834124,1.0007250882869214,0.0775877813161467,0.9965916220330908,0.0,732.0876840324526,359.82786388068985,0.0,732.0876868723606,500.1114747894599
11464754,1608130080,0x60F9c8582bA286EB076F700dBB1376371eF77599,2.0000027179191593e+18,1.310658685107508e+18,1.26,0x5f98805A4E8be255a32880FDeC7F6728C6568bA0,0.0,2.0000027136958461e+18,9.237694529142192e+21,0.0,732.0868622834124,1.0007250882869214,0.0775877813161467,0.9965916220330908,0.0,1464.1757112279022,716.732222992449,0.0,1464.1757143197342,959.5160043048586
11469754,1608196591,0x60F9c8582bA286EB076F700dBB1376371eF77599,2.0000072728521183e+18,1.2325247348645053e+18,1.34,0x5f98805A4E8be255a32880FDeC7F6728C6568bA0,0.0,2.0000072634469507e+18,9.237713848649689e+21,0.0,732.0868622834124,1.0007250882869214,0.0775877813161467,0.9965916220330908,0.0,1464.1790420409122,716.733721950172,0.0,1464.179048926312,902.3151658336506
11474754,1608262509,0x60F9c8582bA286EB076F700dBB1376371eF77599,2.0000094993849513e+18,1.2494955354729078e+18,1.32,0x5f98805A4E8be255a32880FDeC7F6728C6568bA0,0.0,2.0000094963652992e+18,9.237731274248214e+21,0.0,732.0868622834124,1.0007250882869214,0.0775877813161467,0.9965916220330908,0.0,1464.1806767310998,716.7350739636996,0.0,1464.1806789417474,914.7392660014933
11479754,1608328713,0x60F9c8582bA286EB076F700dBB1376371eF77599,6.000014541767735e+18,4.1358749184197156e+18,1.2,0x5f98805A4E8be255a32880FDeC7F6728C6568bA0,0.0,6.000014529312231e+18,3.0058112656346173e+22,0.0,732.0868622834124,1.0007250882869214,0.0775877813161467,0.9965916220330908,0.0,4392.531810419077,2332.1422715566882,0.0,4392.531819537588,3027.819691822554
11484754,1608394996,0x60F9c8582bA286EB076F700dBB1376371eF77599,6.00002963916688e+18,4.2418140721115827e+18,1.17,0x5f98805A4E8be255a32880FDeC7F6728C6568bA0,0.0,6.000029597427411e+18,3.0058357237314253e+22,0.0,732.0868622834124,1.0007250882869214,0.0775877813161467,0.9965916220330908,0.0,4392.54284158824,2332.1612480513536,0.0,4392.542872145156,3105.3763544417934
11489754,1608460891,0x60F9c8582bA286EB076F700dBB1376371eF77599,6.000039302470617e+18,4.2018992554456105e+18,1.18,0x5f98805A4E8be255a32880FDeC7F6728C6568bA0,0.0,6.000039283204594e+18,3.0058653382312903e+22,0.0,732.0868622834124,1.0007250882869214,0.0775877813161467,0.9965916220330908,0.0,4392.549932418466,2332.184225284747,0.0,4392.549946522869,3076.1552415501837
11494754,1608527840,0x60F9c8582bA286EB076F700dBB1376371eF77599,6.000051569225543e+18,4.222381349797461e+18,1.17,0x5f98805A4E8be255a32880FDeC7F6728C6568bA0,0.0,6.000051553683475e+18,3.0058953955728687e+22,0.0,732.0868622834124,1.0007250882869214,0.0775877813161467,0.9965916220330908,0.0,4392.558915474849,2332.2075461092004,0.0,4392.558926852992,3091.1499137372225
11499754,1608593517,0x60F9c8582bA286EB076F700dBB1376371eF77599,6.000071647916009e+18,4.150000752549067e+18,1.19,0x5f98805A4E8be255a32880FDeC7F6728C6568bA0,0.0,6.000071632150309e+18,3.0059398880963745e+22,0.0,732.0868622834124,1.0007250882869214,0.0775877813161467,0.9965916220330908,0.0,4392.573614656633,2332.2420668710397,0.0,4392.573626198496,3038.1610294074467
11504754,1608659605,0x60F9c8582bA286EB076F700dBB1376371eF77599,6.00008942651223e+18,4.0671064669184957e+18,1.22,0x5f98805A4E8be255a32880FDeC7F6728C6568bA0,0.0,6.000089405402438e+18,3.0059913606223603e+22,0.0,732.0868622834124,1.0007250882869214,0.0775877813161467,0.9965916220330908,0.0,4392.586626221017,2332.2820032619397,0.0,4392.586641675218,2977.475211938937
11509754,1608725504,0x60F9c8582bA286EB076F700dBB1376371eF77599,6.000098564312159e+18,3.8678752661981553e+18,1.28,0x5f98805A4E8be255a32880FDeC7F6728C6568bA0,0.0,6.000098551711776e+18,3.006042725606026e+22,0.0,732.0868622834124,1.0007250882869214,0.0775877813161467,0.9965916220330908,0.0,4392.59332211392,2332.321856213139,0.0,4392.593331338496,2831.620667334626
11514754,1608792418,0x60F9c8582bA286EB076F700dBB1376371eF77599,6.000126642819326e+18,4.251341878924299e+18,1.16,0x5f98805A4E8be255a32880FDeC7F6728C6568bA0,0.0,6.000126603983759e+18,3.380606393570491e+22,0.0,732.0868622834124,1.0007250882869214,0.0775877813161467,0.9965916220330908,0.0,4392.613858813697,2622.9374958031462,0.0,4392.613887244705,3112.351536635757
11519754,1608858376,0x60F9c8582bA286EB076F700dBB1376371eF77599,6.000149241470871e+18,4.3881629722713713e+18,1.13,0x5f98805A4E8be255a32880FDeC7F6728C6568bA0,0.0,6.000149222240613e+18,3.380673632090655e+22,0.0,732.0868622834124,1.0007250882869214,0.0775877813161467,0.9965916220330908,0.0,4392.630417342388,2622.9896646791312,0.0,4392.630431420606,3212.5164615584013
11524754,1608925210,0x60F9c8582bA286EB076F700dBB1376371eF77599,6.000156717801132e+18,4.276647759014369e+18,1.16,0x5f98805A4E8be255a32880FDeC7F6728C6568bA0,0.0,6.000156705479244e+18,3.380749147967787e+22,0.0,732.0868622834124,1.0007250882869214,0.0775877813161467,0.9965916220330908,0.0,4392.635895723077,2623.048255772739,0.0,4392.635904743769,3130.8776389882164
11529754,1608991608,0x60F9c8582bA286EB076F700dBB1376371eF77599,6.000164097062427e+18,4.196912614373499e+18,1.18,0x5f98805A4E8be255a32880FDeC7F6728C6568bA0,0.0,6.000164077781588e+18,3.3807898076161038e+22,0.0,732.0868622834124,1.0007250882869214,0.0775877813161467,0.9965916220330908,0.0,4392.641292888768,2623.079802691759,0.0,4392.641307004016,3072.504587134368
11534754,1609057754,0x60F9c8582bA286EB076F700dBB1376371eF77599,6.000179694252635e+18,4.2564833974054067e+18,1.16,0x5f98805A4E8be255a32880FDeC7F6728C6568bA0,0.0,6.000179667572796e+18,3.3808444797010483e+22,0.0,732.0868622834124,1.0007250882869214,0.0775877813161467,0.9965916220330908,0.0,4392.652705970097,2623.1222215494668,0.0,4392.6527255020565,3116.115574767963
11539754,1609123760,0x60F9c8582bA286EB076F700dBB1376371eF77599,6.00019361777843e+18,3.9780868117974876e+18,1.24,0x5f98805A4E8be255a32880FDeC7F6728C6568bA0,0.0,6.000193598138414e+18,3.3809020300796925e+22,0.0,732.0868622834124,1.0007250882869214,0.0775877813161467,0.9965916220330908,0.0,4392.66290435417,2623.166873611396,0.0,4392.662918732367,2912.3050919398465
11544754,1609189011,0x60F9c8582bA286EB076F700dBB1376371eF77599,6.000206851733219e+18,3.821836118747979e+18,1.3,0x5f98805A4E8be255a32880FDeC7F6728C6568bA0,0.0,6.000206832345329e+18,3.380958912526369e+22,0.0,732.0868622834124,1.0007250882869214,0.0775877813161467,0.9965916220330908,0.0,4392.672592943185,2623.2110074397306,0.0,4392.672607136805,2797.916012335623
11549754,1609255824,0x60F9c8582bA286EB076F700dBB1376371eF77599,6.000215998078367e+18,3.6636069097844224e+18,1.35,0x5f98805A4E8be255a32880FDeC7F6728C6568bA0,0.0,6.000215983441488e+18,3.381002388633085e+22,0.0,732.0868622834124,1.0007250882869214,0.0775877813161467,0.9965916220330908,0.0,4392.679292340459,2623.244739586334,0.0,4392.679303055925,2682.078487223907
11554754,1609323101,0x60F9c8582bA286EB076F700dBB1376371eF77599,6.000224682074369e+18,3.7083323913469716e+18,1.33,0x5f98805A4E8be255a32880FDeC7F6728C6568bA0,0.0,6.000224671505043e+18,3.381046957630932e+22,0.0,732.0868622834124,1.0007250882869214,0.0775877813161467,0.9965916220330908,0.0,4392.6856527576465,2623.2793196829184,0.0,4392.68566049531,2714.821424685148
11559754,1609389231,0x60F9c8582bA286EB076F700dBB1376371eF77599,6.000238202584417e+18,3.5227626464160394e+18,1.41,0x5f98805A4E8be255a32880FDeC7F6728C6568bA0,0.0,6.000238194771902e+18,3.3810946773331795e+22,0.0,732.0868622834124,1.0007250882869214,0.0775877813161467,0.9965916220330908,0.0,4392.695552963649,2623.316344341143,0.0,4392.695558683088,2578.9682523839288
11564754,1609455913,0x60F9c8582bA286EB076F700dBB1376371eF77599,6.000241545978548e+18,3.556625668602788e+18,1.39,0x5f98805A4E8be255a32880FDeC7F6728C6568bA0,0.0,6.000241543076439e+18,3.3811442225384593e+22,0.0,732.0868622834124,1.0007250882869214,0.0775877813161467,0.9965916220330908,0.0,4392.698004213411,2623.3547853666682,0.0,4392.698006338007,2603.7589260440586
11569754,1609521163,0x60F9c8582bA286EB076F700dBB1376371eF77599,6.000247492155491e+18,3.743318464723379e+18,1.32,0x5f98805A4E8be255a32880FDeC7F6728C6568bA0,0.0,6.000247468494412e+18,3.381192649741126e+22,0.0,740.8602553684436,1.0013693999975533,0.0819990876046579,0.9967480620726604,0.0,4445.344871782628,2772.5471229434797,0.0,4445.34488931218,2773.2758737003733
11574754,1609587416,0x60F9c8582bA286EB076F700dBB1376371eF77599,6.000261735097315e+18,3.6815519912860846e+18,1.34,0x5f98805A4E8be255a32880FDeC7F6728C6568bA0,0.0,6.000261708295619e+18,3.3812928470354013e+22,0.0,731.5647205143837,1.0011164799035632,0.0796875655023703,1.009028837334749,0.0,4389.579779642443,2694.469952308297,0.0,4389.579799249618,2693.2935535643774
11579754,1609654252,0x60F9c8582bA286EB076F700dBB1376371eF77599,6.000279038036135e+18,3.3354591463771653e+18,1.48,0x5f98805A4E8be255a32880FDeC7F6728C6568bA0,0.0,6.000278997002312e+18,3.381446399316805e+22,0.0,796.9125949178125,1.008217460229703,0.0778756327148246,0.9980429246294258,0.0,4781.697905731961,2633.3227783806165,0.0,4781.697938432332,2658.0694035817787
11584754,1609719885,0x60F9c8582bA286EB076F700dBB1376371eF77599,6.000313215686332e+18,3.77687748030709e+18,1.31,0x5f98805A4E8be255a32880FDeC7F6728C6568bA0,0.0,6.000313193415909e+18,4.5477148907679796e+22,0.0,981.7569270371724,0.9996642920467034,0.0812124672537266,0.9808358623302594,0.0,5890.849042028606,3693.3114664577943,0.0,5890.849063892748,3707.9756288621875
11589754,1609786517,0x60F9c8582bA286EB076F700dBB1376371eF77599,6.000332869752287e+18,3.523012581304155e+18,1.41,0x5f98805A4E8be255a32880FDeC7F6728C6568bA0,0.0,6.000332843054487e+18,4.547927989947619e+22,0.0,1016.5917177471346,1.001913454623027,0.0794844739379021,0.9973382575366884,0.0,6099.888671975308,3614.8966378844702,0.0,6099.888699116072,3581.4654116727575
11594754,1609852896,0x60F9c8582bA286EB076F700dBB1376371eF77599,6.000357897975226e+18,3.565741595323621e+18,1.39,0x5f98805A4E8be255a32880FDeC7F6728C6568bA0,0.0,6.000357874226377e+18,4.548139633828111e+22,0.0,1035.052207625142,0.997716674170462,0.081221473889927,1.0017800802749532,0.0,6210.683664258916,3694.0660451671206,0.0,6210.683688840215,3690.7287100605095
11599754,1609919561,0x60F9c8582bA286EB076F700dBB1376371eF77599,6.000388338747431e+18,3.445027492525162e+18,1.44,0x5f98805A4E8be255a32880FDeC7F6728C6568bA0,0.0,6.00038825757942e+18,4.548351616211513e+22,0.0,1114.7443161403398,1.004223832614723,0.0841254970791181,1.002043645186955,0.0,6688.898704771896,3826.323406044037,0.0,6688.898795253474,3840.3248162396317
11604754,1609985387,0x60F9c8582bA286EB076F700dBB1376371eF77599,6.000438940858403e+18,3.4632025685105326e+18,1.43,0x5f98805A4E8be255a32880FDeC7F6728C6568bA0,0.0,6.000438919390513e+18,4.548466678743243e+22,0.0,1192.32906246037,1.0041880946728978,0.0926906417695263,1.0102960468932412,0.0,7154.497711107607,4216.00295520017,0.0,7154.497736704396,4129.2770716225095
11609754,1610052217,0x60F9c8582bA286EB076F700dBB1376371eF77599,6.00047178381009e+18,4.136658262976774e+18,1.2,0x5f98805A4E8be255a32880FDeC7F6728C6568bA0,0.0,6.000471751652034e+18,4.548583799170181e+22,0.0,1225.3458928356297,0.9953532612401752,0.1183644836812782,1.032475734455253,0.0,7352.6534159630355,5383.907728698053,0.0,7352.653455367778,5068.837212603161
11614754,1610117716,0x60F9c8582bA286EB076F700dBB1376371eF77599,4.0546368006087096e+18,2.2551489705155167e+18,1.48,0x5f98805A4E8be255a32880FDeC7F6728C6568bA0,0.0,4.054636766628174e+18,2.2743171915952022e+22,0.0,1249.2847224572106,1.0058103178560476,0.1230694633584082,1.0082694306386124,0.0,5065.39576766188,2798.9899627642358,0.0,5065.395810113244,2817.3231557301415
11619754,1610184355,0x60F9c8582bA286EB076F700dBB1376371eF77599,4.054659001499579e+18,2.1669907821389033e+18,1.54,0x5f98805A4E8be255a32880FDeC7F6728C6568bA0,0.0,4.0546589449246495e+18,2.274339562109193e+22,0.0,1214.8842943997638,1.004729634239786,0.1159655092675029,1.0039954015803647,0.0,4925.941471336474,2637.449455672221,0.0,4925.9415400684675,2632.6430673296136
11624754,1610251083,0x60F9c8582bA286EB076F700dBB1376371eF77599,4.054686250523576e+18,2.0487453105642757e+18,1.63,0x5f98805A4E8be255a32880FDeC7F6728C6568bA0,0.0,4.0546861942865434e+18,2.2743619836409415e+22,0.0,1316.3936213692157,1.0023653000348405,0.1194858863898086,0.9834700508328752,0.0,5337.563042812626,2717.541575866213,0.0,5337.563116842696,2696.9552586369055
11629754,1610316696,0x60F9c8582bA286EB076F700dBB1376371eF77599,4.054721548488084e+18,1.8461669214632911e+18,1.81,0x5f98805A4E8be255a32880FDeC7F6728C6568bA0,0.0,4.054721473970455e+18,2.274384014107762e+22,0.0,1284.514066622886,1.0065836244588846,0.1061427444302249,0.994286692945609,0.0,5208.346769552932,2414.093611456292,0.0,5208.346865271875,2371.4273799534662
11634754,1610383212,0x60F9c8582bA286EB076F700dBB1376371eF77599,4.0547668626321546e+18,3.119768876796991e+18,1.07,0x5f98805A4E8be255a32880FDeC7F6728C6568bA0,0.0,4.05476677784162e+18,2.274406471998801e+22,100002.0,956.1936054063218,1.0055794100419782,0.0846283062278725,0.9732498264930616,0.0,3877.1420643861534,1924.7916739896964,973.2692914895914,3877.14214546232,2983.103050338946
11639754,1610449734,0x60F9c8582bA286EB076F700dBB1376371eF77599,4.0548028678705085e+18,3.031973740552824e+18,1.1,0x5f98805A4E8be255a32880FDeC7F6728C6568bA0,0.0,4.0548028171592817e+18,2.2744289821551143e+22,100007.0,1100.0809295151882,1.004353922811974,0.105018282826461,0.9857548462527448,0.0,4460.6112521013865,2388.566261166656,985.8238490919825,4460.61130788784,3335.4164907729923
11644754,1610515841,0x60F9c8582bA286EB076F700dBB1376371eF77599,2.7873786178387313e+18,2.163961226237136e+18,1.06,0x5f98805A4E8be255a32880FDeC7F6728C6568bA0,0.0,2.7873785656217805e+18,1.1372252248212062e+22,100013.0,1020.9831514099312,1.0045571076453867,0.1087864187712916,0.987133953084352,0.0,2845.8665521010194,1237.1465954467596,987.262280498253,2845.866605413646,2209.36795229249
11649754,1610580627,0x60F9c8582bA286EB076F700dBB1376371eF77599,2.7874141161462615e+18,2.0295590451054843e+18,1.13,0x5f98805A4E8be255a32880FDeC7F6728C6568bA0,0.0,2.787413948050397e+18,1.1372402096814514e+22,100032.0,1131.607867785505,1.003939561653382,0.1147582606425353,0.9915802071011128,0.0,3154.2595543888865,1305.077083957955,991.8975127673853,3154.259744607489,2296.6649835766025
11654754,1610647826,0x60F9c8582bA286EB076F700dBB1376371eF77599,2.7874738853037773e+18,1.8625614113739717e+18,1.23,0x5f98805A4E8be255a32880FDeC7F6728C6568bA0,0.0,2.787473788738126e+18,1.1372465781425318e+22,100046.0,1227.9786672020966,0.9999217985534776,0.1128870911645025,0.9996646845696532,0.0,3422.9583479554226,1283.8045814329453,1000.1245303245553,3422.9584665359826,2287.1856795210656
11659754,1610714507,0x60F9c8582bA286EB076F700dBB1376371eF77599,2.787531950740901e+18,1.8721549427860762e+18,1.23,0x5f98805A4E8be255a32880FDeC7F6728C6568bA0,0.0,2.787531856084646e+18,1.137252716703949e+22,100067.0,1212.3321816858204,0.99715177421113,0.116013796494508,1.0099028464057684,0.0,3379.414576605823,1319.3700523851828,1010.5794813128603,3379.414691360647,2269.673686241736
11664754,1610779600,0x60F9c8582bA286EB076F700dBB1376371eF77599,2.7875872095013023e+18,1.914449247146432e+18,1.2,0x5f98805A4E8be255a32880FDeC7F6728C6568bA0,0.0,2.787587083907171e+18,1.1372872238357534e+22,100088.0,1170.0652468313965,1.0039056521910066,0.1126080507486318,0.9988269664162244,0.0,3261.658769395857,1280.676974174671,999.7059341466706,3261.6589163491853,2240.030530908571
11669754,1610847169,0x60F9c8582bA286EB076F700dBB1376371eF77599,2.7876472447036385e+18,1.8610400150825385e+18,1.24,0x5f98805A4E8be255a32880FDeC7F6728C6568bA0,0.0,2.7876471222265795e+18,1.1373608858599903e+22,100109.0,1230.4326904598129,0.9987011462436494,0.1177798427708737,1.011284420871595,0.0,3430.0121486538046,1339.5818631033128,1012.386720890345,3430.0122993535824,2289.8844728113786
11674754,1610913582,0x60F9c8582bA286EB076F700dBB1376371eF77599,2.7877027174458214e+18,1.841227914352214e+18,1.25,0x5f98805A4E8be255a32880FDeC7F6728C6568bA0,0.0,2.7877026056687314e+18,1.1374313932088945e+22,100149.0,1235.8967318708478,0.9998902014133632,0.1128174873362787,0.9915246142965042,0.0,3445.312539773832,1283.2215179923028,993.001985971806,3445.312677918772,2275.5675619772787
11679754,1610979751,0x60F9c8582bA286EB076F700dBB1376371eF77599,2.787760606048938e+18,1.8677071274642327e+18,1.23,0x5f98805A4E8be255a32880FDeC7F6728C6568bA0,0.0,2.7877604755462523e+18,1.1375014564646772e+22,100263.0,1237.42467586963,0.9989549750536848,0.1195274236864093,1.000953589346982,0.0,3449.6436028549865,1359.6261853076112,1003.5860972869647,3449.6437643422305,2311.146886821826
11684754,1611046257,0x60F9c8582bA286EB076F700dBB1376371eF77599,2.7877975273156137e+18,1.7038542027177516e+18,1.35,0x5f98805A4E8be255a32880FDeC7F6728C6568bA0,0.0,2.7877974985540526e+18,1.1375677463933657e+22,100298.0,1388.85641681962,0.9997411947067186,0.1221537416208809,0.996477632218646,0.0,3871.8504446604816,1389.5815656918296,999.4471355626576,3871.85048460616,2366.408842769627
11689754,1611112351,0x60F9c8582bA286EB076F700dBB1376371eF77599,2.787814279568565e+18,1.806429781996086e+18,1.27,0x5f98805A4E8be255a32880FDeC7F6728C6568bA0,0.0,2.787814248871558e+18,1.1376337830265248e+22,100315.0,1385.7409223925397,0.999719443755174,0.1333965398993466,0.9909761749890872,0.0,3863.188288690338,1517.5641032834244,994.0977499403028,3863.188331228437,2503.2436723406104
11694754,1611177365,0x60F9c8582bA286EB076F700dBB1376371eF77599,2.7878308338329764e+18,1.8777558569584253e+18,1.22,0x5f98805A4E8be255a32880FDeC7F6728C6568bA0,0.0,2.787830823710858e+18,1.1377013819943089e+22,100326.0,1311.7025486550378,0.998746532490399,0.1330622492363357,0.9999449051578928,0.0,3656.804796680606,1513.851048474503,1003.2047255487075,3656.8048099578145,2463.0571433242912
11699754,1611244528,0x60F9c8582bA286EB076F700dBB1376371eF77599,2.787846566778374e+18,1.989614242940794e+18,1.16,0x5f98805A4E8be255a32880FDeC7F6728C6568bA0,0.0,2.7878465296936735e+18,1.1377681489292251e+22,100380.0,1220.0251430375847,1.0101314833612924,0.1242642791690376,0.9984561999297964,0.0,3401.2428611563582,1413.8393888818036,1002.2503334895296,3401.242906400625,2427.379401333458
11704754,1611311188,0x60F9c8582bA286EB076F700dBB1376371eF77599,2.987868603826488e+18,2.2880878147183112e+18,1.08,0x5f98805A4E8be255a32880FDeC7F6728C6568bA0,0.0,2.9878685628934385e+18,1.1378343935759452e+22,100392.0,1163.0642759209695,1.000432577504207,0.1442299285984916,0.9990363702864056,0.0,3475.0831866486847,1641.0977334236657,1002.9525928579283,3475.083234256452,2661.193197468946
11709754,1611377525,0x60F9c8582bA286EB076F700dBB1376371eF77599,2.1236567271436767e+18,1.668839072037828e+18,1.05,0x5f98805A4E8be255a32880FDeC7F6728C6568bA0,0.0,2.1236567014658227e+18,5.689503308080811e+21,100416.0,1251.5380015549474,1.0009458240504956,0.1952702576345622,1.0106506904756671,0.0,2657.8370641413076,1110.990776781634,1014.8549973480459,2657.8370962781173,2088.6155171350365
11714754,1611443460,0x60F9c8582bA286EB076F700dBB1376371eF77599,2.123669414624583e+18,1.6865222535019264e+18,1.04,0x5f98805A4E8be255a32880FDeC7F6728C6568bA0,0.0,2.123669387165081e+18,5.689820975551212e+21,100451.0,1236.4131365820065,0.9993541930728004,0.1886518831164425,0.9999075147520936,0.0,2625.7327280479653,1073.39544163317,1004.4170976436255,2625.732761999254,2085.238269367671
11719754,1611509977,0x60F9c8582bA286EB076F700dBB1376371eF77599,2.1236820302414113e+18,1.4575821307262408e+18,1.2,0x5f98805A4E8be255a32880FDeC7F6728C6568bA0,0.0,2.1236820051478556e+18,5.690107944935853e+21,100530.0,1346.4851883650974,0.9985720722237588,0.1697090075174664,1.0009693588539104,0.0,2859.506364729078,965.6625720023139,1006.274496455836,2859.506398517179,1962.6127498485225
11724754,1611576551,0x60F9c8582bA286EB076F700dBB1376371eF77599,2.123717885008581e+18,1.3853379818852134e+18,1.26,0x5f98805A4E8be255a32880FDeC7F6728C6568bA0,0.0,2.1237178109780705e+18,5.690263383189743e+21,100541.0,1412.530536688818,1.0012754073999184,0.1668400220861822,1.0099222693280037,0.0,2999.8162593164557,949.3636685275707,1015.3859488050681,2999.8163638868127,1956.8322030477245
11729754,1611643032,0x60F9c8582bA286EB076F700dBB1376371eF77599,2.1237596121954721e+18,1.4371074978072835e+18,1.22,0x5f98805A4E8be255a32880FDeC7F6728C6568bA0,0.0,2.1237595034757345e+18,5.690307475292932e+21,100569.0,1321.7276451502926,0.998383235616453,0.1566735222598572,0.9879238420699183,0.0,2807.0316473945372,891.520514895739,993.5451287312962,2807.03179109242,1899.46470890465
11734754,1611709133,0x60F9c8582bA286EB076F700dBB1376371eF77599,2.1237988300341332e+18,1.431448446758876e+18,1.22,0x5f98805A4E8be255a32880FDeC7F6728C6568bA0,0.0,2.1237987165216161e+18,5.690334503234102e+21,100577.0,1352.7643399595934,1.0048920344975802,0.1589287424065714,1.0037754065372524,0.0,2872.9991689623957,904.357706471718,1009.5671906329724,2872.999322518081,1936.412413265956
11739754,1611775892,0x60F9c8582bA286EB076F700dBB1376371eF77599,2.1238362100996293e+18,1.4671946714318144e+18,1.19,0x5f98805A4E8be255a32880FDeC7F6728C6568bA0,0.0,2.1238361503697807e+18,5.690346936733051e+21,100597.0,1267.0673153299251,1.0116434680443556,0.1449908468202975,0.9916169271361392,0.0,2691.0433692496813,825.0482210582109,997.536880191142,2691.0434449314203,1859.0344133974806
11744754,1611843226,0x60F9c8582bA286EB076F700dBB1376371eF77599,2.1238666845515318e+18,1.418928724222698e+18,1.23,0x5f98805A4E8be255a32880FDeC7F6728C6568bA0,0.0,2.1238665318948682e+18,5.690359684787702e+21,100620.0,1351.2877806225447,1.0044552400309374,0.1565742717757121,1.0106810654170637,0.0,2869.9548922227173,890.9639237875051,1016.9472880226496,2869.9550985058017,1917.3810466164684
11749754,1611909246,0x60F9c8582bA286EB076F700dBB1376371eF77599,2.1238967108531382e+18,1.444486525914366e+18,1.21,0x5f98805A4E8be255a32880FDeC7F6728C6568bA0,0.0,2.1238966493076572e+18,5.690375191453595e+21,100628.0,1320.3821743793264,1.0017554272688307,0.1521293732474661,0.9768896020634212,0.0,2804.35527596981,865.6732114187653,983.0244687643795,2804.3553572333662,1907.2742599484498
11754754,1611975279,0x60F9c8582bA286EB076F700dBB1376371eF77599,4.0739318978729907e+18,3.277754317233424e+18,1.03,0x5f98805A4E8be255a32880FDeC7F6728C6568bA0,0.0,4.073931827276187e+18,5.690389566727091e+21,356868.0,1349.7008561744708,0.9978982728716368,0.1554961885221218,1.00557060157771,0.0,5498.589275271096,884.8338888321108,3588.559694438342,5498.589370555663,4423.98780829952
11759754,1612043292,0x60F9c8582bA286EB076F700dBB1376371eF77599,4.07398416906715e+18,3.251729881013678e+18,1.03,0x5f98805A4E8be255a32880FDeC7F6728C6568bA0,0.0,4.073983995598198e+18,5.690401579776036e+21,356932.0,1389.6356213299184,1.0025349353967707,0.1580060364338192,0.990354362052924,0.0,5661.353281011246,899.1177993371546,3534.891631562743,5661.3535220698805,4518.719673599504
11764754,1612108623,0x60F9c8582bA286EB076F700dBB1376371eF77599,4.074034274884409e+18,3.385006104070692e+18,0.99,0x5f98805A4E8be255a32880FDeC7F6728C6568bA0,0.0,4.074034142139955e+18,5.690433332511409e+21,356999.0,1315.0943773999925,0.9976979321370952,0.1505445238434844,0.9966744364375936,0.0,5357.739393663856,856.6635765060222,3558.1177713378443,5357.739568235342,4451.602494928021
11769754,1612174975,0x60F9c8582bA286EB076F700dBB1376371eF77599,4.07408698361807e+18,3.3079294054810895e+18,1.02,0x5f98805A4E8be255a32880FDeC7F6728C6568bA0,0.0,4.074086891221931e+18,5.690464655128523e+21,357072.0,1337.1037832320058,1.0009874363780211,0.1499858068479988,1.0051768213636154,0.0,5447.476995468765,853.4889326394707,3589.2049795794887,5447.477119011992,4423.044922733165
11774754,1612241260,0x60F9c8582bA286EB076F700dBB1376371eF77599,4.074136022359469e+18,3.2232456805978737e+18,1.04,0x5f98805A4E8be255a32880FDeC7F6728C6568bA0,0.0,4.074135962187341e+18,5.690500305656606e+21,357160.0,1383.6246143471176,0.9966994526627198,0.1529132979861748,0.993790228724714,0.0,5637.074799479182,870.1531689292874,3549.4211809131884,5637.07488273482,4459.762061763246
11779754,1612308290,0x60F9c8582bA286EB076F700dBB1376371eF77599,4.074193647545392e+18,2.96156412862398e+18,1.13,0x5f98805A4E8be255a32880FDeC7F6728C6568bA0,0.0,4.074193580832794e+18,5.690542072620065e+21,357278.0,1529.2517520422778,0.999264592374796,0.1671378674409288,1.0050054686342826,0.0,6230.467671647953,951.1050666006007,3590.6634382271927,6230.467773668309,4528.977132483783
11784754,1612375048,0x60F9c8582bA286EB076F700dBB1376371eF77599,4.074252046195479e+18,3.0940891096936586e+18,1.09,0x5f98805A4E8be255a32880FDeC7F6728C6568bA0,470596813.0,4.0742519262880584e+18,5.690601327036371e+21,357437.0,1626.7935597960382,0.9986454039749724,0.1742765976254069,1.0121025807023891,469.95934442771954,6627.966794672016,991.7386377185242,3617.6291013851983,6627.966989736636,5033.444237084701
11789754,1612441452,0x60F9c8582bA286EB076F700dBB1376371eF77599,4.0743200273604383e+18,3.0694082283474826e+18,1.1,0x5f98805A4E8be255a32880FDeC7F6728C6568bA0,470999095.0,4.0743198397136113e+18,5.690646807909419e+21,357602.0,1623.250275706589,0.9996272047872374,0.1691858285702874,0.9955041777654752,470.8235087921685,6613.640803131945,962.7767952970163,3559.9428497728945,6613.641107729709,4982.417752921125
11794754,1612507789,0x60F9c8582bA286EB076F700dBB1376371eF77599,4.098309774813829e+18,3.0624877450258386e+18,1.1,0x5f98805A4E8be255a32880FDeC7F6728C6568bA0,471321619.0,4.0983096799625743e+18,5.69069878397099e+21,357716.0,1650.943807663464,1.0003680955384664,0.1766660029052537,0.998180696821524,471.4951103851367,6766.078988021445,1005.3530079019425,3570.6520614420824,6766.079144615537,5055.9951786956535
11799754,1612575014,0x60F9c8582bA286EB076F700dBB1376371eF77599,4.0983733914588227e+18,3.0431504775805947e+18,1.11,0x5f98805A4E8be255a32880FDeC7F6728C6568bA0,471512936.0,4.0983732159305313e+18,5.690755685518004e+21,357797.0,1750.049559000687,0.9989221947216368,0.2020948148125829,1.020702194647967,471.0047368687627,7172.356239159454,1150.0722164084143,3652.0418313845867,7172.356546342661,5325.66415126265
11804754,1612641264,0x60F9c8582bA286EB076F700dBB1376371eF77599,4.098443394067681e+18,3.1395074729317893e+18,1.08,0x5f98805A4E8be255a32880FDeC7F6728C6568bA0,471606252.0,4.098443306026974e+18,5.690818760095439e+21,357916.0,1705.184149416938,0.9994969262084712,0.2323193321597049,0.9966965342382182,471.36899925469766,6988.600562721149,1322.0872137872923,3567.336367484061,6988.600712846767,5353.438379819314
11809754,1612707167,0x60F9c8582bA286EB076F700dBB1376371eF77599,4.0985241949183135e+18,3.426225547523787e+18,0.99,0x5f98805A4E8be255a32880FDeC7F6728C6568bA0,471645553.0,4.0985241018629376e+18,5.690899479087643e+21,357975.0,1599.94916211531,1.000355313902413,0.2365201809925746,0.9850167705621752,471.8131352219922,6557.430202685011,1346.0125748043579,3526.1137844199466,6557.430351568882,5481.786693978752
11814754,1612773708,0x60F9c8582bA286EB076F700dBB1376371eF77599,4.0985783398650977e+18,3.3287408550542674e+18,1.02,0x5f98805A4E8be255a32880FDeC7F6728C6568bA0,471698071.0,4.0985782264597386e+18,5.69097803446932e+21,358012.0,1633.102695334203,1.0015083090183543,0.2414886915498305,0.9863189645246646,472.40953745442965,6693.399148669477,1374.3068391828222,3531.140251274042,6693.399333872074,5436.175662458203
11819754,1612840209,0x60F9c8582bA286EB076F700dBB1376371eF77599,4.0986303288280515e+18,3.138551986805163e+18,1.08,0x5f98805A4E8be255a32880FDeC7F6728C6568bA0,472038964.0,4.098630211246925e+18,5.691059486077888e+21,358088.0,1725.1686552498943,0.9968921114778284,0.2373215251397923,0.9975058327912654,470.57191952176663,7070.828369903447,1350.6109168972869,3571.9486865255863,7070.828572750723,5414.531510508547
11824754,1612906626,0x60F9c8582bA286EB076F700dBB1376371eF77599,4.098664574606904e+18,3.0655942831977815e+18,1.1,0x5f98805A4E8be255a32880FDeC7F6728C6568bA0,472415524.0,4.0986645244727516e+18,5.691156783429915e+21,358110.0,1773.0664246798242,0.9971019467439444,0.2414094721213288,1.0022424040844278,471.04643865246055,7267.2044543689335,1373.8991548475353,3589.130273266744,7267.204543260115,5435.502295228399
11829754,1612973086,0x60F9c8582bA286EB076F700dBB1376371eF77599,4.098741759527313e+18,3.1541932078916106e+18,1.07,0x5f98805A4E8be255a32880FDeC7F6728C6568bA0,472810029.0,4.0987417137676365e+18,5.691271508423605e+21,358138.0,1717.5504068974938,0.9967377914465853,0.2292587709174851,0.97447990569466,471.26762407925594,7039.795498249335,1304.773910978897,3489.9828446567417,7039.795576843885,5417.485827647547
11834754,1613039598,0x60F9c8582bA286EB076F700dBB1376371eF77599,4.098800850307091e+18,3.1559146898077834e+18,1.07,0x5f98805A4E8be255a32880FDeC7F6728C6568bA0,473094758.0,4.09880080499224e+18,5.691379162079963e+21,358181.0,1765.0824632172655,0.9975743124668532,0.2630739794686992,1.003123026393295,471.9471779435223,7234.721421112613,1497.2537648336067,3592.996087165768,7234.721501097063,5570.449674389475
11839754,1613105822,0x60F9c8582bA286EB076F700dBB1376371eF77599,4.0988232445767265e+18,3.23995427555747e+18,1.04,0x5f98805A4E8be255a32880FDeC7F6728C6568bA0,473404383.0,4.098823197630981e+18,5.691490263951497e+21,358458.0,1750.9312249234956,1.001363751443506,0.2836566112781767,1.0008752306759423,474.04998891067834,7176.757522172853,1614.428841395217,3587.7173343763693,7176.757604371624,5672.937108397958
11844754,1613171296,0x60F9c8582bA286EB076F700dBB1376371eF77599,4.0988436358807035e+18,3.1306614614094735e+18,1.08,0x5f98805A4E8be255a32880FDeC7F6728C6568bA0,473558408.0,4.0988435849487217e+18,5.691594113724844e+21,358551.0,1843.024965260228,0.9983931585182084,0.3008961665534282,1.0155677466875666,472.7974747059744,7554.271055757227,1712.5788503978622,3641.328311425737,7554.27114962614,5769.88723115573
11849754,1613238668,0x60F9c8582bA286EB076F700dBB1376371eF77599,4.0988661896204206e+18,3.3100185036134543e+18,1.02,0x5f98805A4E8be255a32880FDeC7F6728C6568bA0,473719824.0,4.0988661705551017e+18,5.70183195078703e+21,358580.0,1805.8167557146417,0.9968741696219776,0.3402624072347969,1.0155876705285274,472.2390561834694,7401.801210220311,1940.1190652230728,3641.6942689811935,7401.801244648784,5977.2868755506815
11854754,1613305039,0x60F9c8582bA286EB076F700dBB1376371eF77599,4.0988859153579884e+18,3.2433932629443123e+18,1.04,0x5f98805A4E8be255a32880FDeC7F6728C6568bA0,473845961.0,4.0988858679835397e+18,5.702438123851616e+21,358676.0,1834.8331413472515,0.996357007225858,0.3349066412958641,1.0296547234172186,472.1197435880206,7520.771633176093,1909.7843992566336,3693.1243757639436,7520.771720100302,5951.085449272625
11859754,1613371032,0x60F9c8582bA286EB076F700dBB1376371eF77599,4.0989084859845775e+18,3.2899724625927956e+18,1.03,0x5f98805A4E8be255a32880FDeC7F6728C6568bA0,473975846.0,4.098908400445865e+18,5.703005869901048e+21,358756.0,1738.547974734254,1.0022057883628566,0.2916569179695306,1.0046789641902356,475.0213364053819,7126.148898216378,1663.3211151774813,3604.346064770322,7126.149046929535,5719.774961772171
11864754,1613437782,0x60F9c8582bA286EB076F700dBB1376371eF77599,4.098959745238373e+18,3.241673539872696e+18,1.04,0x5f98805A4E8be255a32880FDeC7F6728C6568bA0,474160371.0,4.098959686606914e+18,5.703477516057398e+21,358965.0,1765.2162839496182,0.999034652474568,0.3016820726660161,1.001093083828652,473.70264145919725,7235.550386051548,1720.6369184482169,3593.573788365521,7235.550489548755,5722.254919831885
11869754,1613503929,0x60F9c8582bA286EB076F700dBB1376371eF77599,4.0989947777605074e+18,3.255334156174333e+18,1.04,0x5f98805A4E8be255a32880FDeC7F6728C6568bA0,474383914.0,4.0989947254294426e+18,5.703939610476721e+21,359335.0,1758.5507691326395,1.0004356546160589,0.2912676235952664,0.9974045731456888,474.5905815419182,7208.290327074579,1661.3729354744642,3584.0237229130607,7208.290419101414,5724.670384124125
11874754,1613570206,0x60F9c8582bA286EB076F700dBB1376371eF77599,4.0990411732558664e+18,3.142414379205945e+18,1.08,0x5f98805A4E8be255a32880FDeC7F6728C6568bA0,474534224.0,4.0990411425712123e+18,5.704031207804076e+21,359522.0,1826.5856621818773,0.9972603826939728,0.28872761444962,1.011848050986616,473.23418182762737,7487.249779714197,1646.9113233754554,3637.816349868101,7487.249835762345,5739.889049691744
11879754,1613637345,0x60F9c8582bA286EB076F700dBB1376371eF77599,4.0990606079199386e+18,3.066341282168567e+18,1.1,0x5f98805A4E8be255a32880FDeC7F6728C6568bA0,474821721.0,4.099060568680867e+18,5.704106900543714e+21,359619.0,1894.805115858436,1.0015859031731609,0.3094135868016088,1.0214221506078482,475.5747422740196,7766.920935750096,1764.928175597038,3673.228123794438,7766.921010100491,5810.119148420917
11884754,1613703416,0x60F9c8582bA286EB076F700dBB1376371eF77599,4.0990783669766866e+18,3.0264517796421903e+18,1.12,0x5f98805A4E8be255a32880FDeC7F6728C6568bA0,474950749.0,4.0990783278879094e+18,5.704186280129586e+21,359787.0,1906.84215491568,1.0015799372413674,0.2959764852909934,1.009620001678159,475.7011413761604,7816.295351917944,1688.3050066378607,3632.4815154377975,7816.295426454072,5770.965833241309
11889754,1613769581,0x60F9c8582bA286EB076F700dBB1376371eF77599,4.099095622415016e+18,3.07471285724073e+18,1.1,0x5f98805A4E8be255a32880FDeC7F6728C6568bA0,475193930.0,4.0990955860853955e+18,5.70425806417784e+21,359810.0,1960.208744093924,1.0056015532922302,0.3379530922631061,1.0160090552926095,477.85575412303933,8035.083010721401,1927.7716518556608,3655.702181848338,8035.083081935039,6027.0790283412925
11894754,1613837157,0x60F9c8582bA286EB076F700dBB1376371eF77599,4.099115112702114e+18,2.9530381137390223e+18,1.15,0x5f98805A4E8be255a32880FDeC7F6728C6568bA0,475429693.0,4.099115084464318e+18,5.704331300951229e+21,359836.0,1980.1083362758568,1.0045057363414718,0.3107130672069722,1.018988965463049,477.5718538455649,8116.691950101908,1772.4102748832943,3666.6891337636175,8116.692006015804,5847.33538635497
11899754,1613903696,0x60F9c8582bA286EB076F700dBB1376371eF77599,4.0991376832833935e+18,2.990491730821115e+18,1.13,0x5f98805A4E8be255a32880FDeC7F6728C6568bA0,475621231.0,4.099137645272075e+18,5.704404191230858e+21,359876.0,1964.6353305123205,1.006156922118904,0.3080468411243802,1.0197131792279868,478.54959387736426,8053.310642534598,1757.2236916053407,3669.70300087851,8053.310717212977,5875.225709976102
11904754,1613969024,0x60F9c8582bA286EB076F700dBB1376371eF77599,4.099167298002612e+18,3.142659460523736e+18,1.08,0x5f98805A4E8be255a32880FDeC7F6728C6568bA0,475836905.0,4.0991672458175693e+18,5.704482252361098e+21,359962.0,1869.5162873178567,1.0061971280022393,0.3160022413979563,1.0054280627074674,478.7857272084744,7663.4599304958265,1802.629177760969,3619.158963083054,7663.460028056615,5875.253046942674
11909754,1614035480,0x60F9c8582bA286EB076F700dBB1376371eF77599,4.09919493743166e+18,3.1588523473653857e+18,1.07,0x5f98805A4E8be255a32880FDeC7F6728C6568bA0,475976702.0,4.099194875497093e+18,5.704551993394852e+21,360021.0,1758.0469955337846,1.0043391516765114,0.2722176134184163,1.012221180787254,478.0420371044637,7206.577234975151,1552.879529263216,3644.20881728208,7206.57734385903,5553.41087862056
11914754,1614101800,0x60F9c8582bA286EB076F700dBB1376371eF77599,4.09923699719683e+18,3.451807718158879e+18,0.98,0x5f98805A4E8be255a32880FDeC7F6728C6568bA0,476014571.0,4.0992369706909696e+18,5.704610284054839e+21,360050.0,1545.4169780554053,1.0012881591577123,0.2275014357503996,0.9873810144669168,476.6277535288381,6335.030411578232,1297.8070300189709,3555.065342588134,6335.030452540839,5334.482252625419
11919754,1614168666,0x60F9c8582bA286EB076F700dBB1376371eF77599,4.099301355787123e+18,3.288505248561968e+18,1.03,0x5f98805A4E8be255a32880FDeC7F6728C6568bA0,476112560.0,4.099301331421553e+18,5.704643642326303e+21,360082.0,1684.0369587935309,1.0011111254379714,0.2574418959808841,0.9969031870264048,476.6415807767537,6903.374947345424,1468.6142751757798,3589.668933908419,6903.374988377945,5537.964377764861
11924754,1614235442,0x60F9c8582bA286EB076F700dBB1376371eF77599,4.099331815679392e+18,3.400174373433422e+18,0.99,0x5f98805A4E8be255a32880FDeC7F6728C6568bA0,476489530.0,4.0993317824605834e+18,5.704673353006821e+21,360116.0,1614.8741416521193,1.0048088432151503,0.2522668869841394,0.9982311601463124,478.78089344343067,6619.904893548287,1439.1001880244032,3594.790124672494,6619.904947192482,5490.853672765829
11929754,1614301403,0x60F9c8582bA286EB076F700dBB1376371eF77599,4.099352468784804e+18,3.7268207458158387e+18,0.91,0x5f98805A4E8be255a32880FDeC7F6728C6568bA0,476783177.0,4.0993524217976376e+18,5.704702858524893e+21,360192.0,1483.11589607557,1.0082047812927355,0.2527945135328828,0.9770827449995808,480.6950786913406,6079.81474038396,1442.1175839704463,3519.37388086889,6079.814810071373,5527.307089943682
11934754,1614367830,0x60F9c8582bA286EB076F700dBB1376371eF77599,4.099375137074543e+18,3.643970324525057e+18,0.93,0x5f98805A4E8be255a32880FDeC7F6728C6568bA0,476875907.0,4.09937508823097e+18,5.70473143150625e+21,360220.0,1481.9772502338983,0.9994960665660818,0.2595500621728556,1.0082297459530525,476.6355932866326,6075.180620933877,1480.6633977268907,3631.8451908720854,6075.180693318941,5400.28112147357
11939754,1614434331,0x60F9c8582bA286EB076F700dBB1376371eF77599,4.099413078926708e+18,3.731743175045585e+18,0.91,0x5f98805A4E8be255a32880FDeC7F6728C6568bA0,476914720.0,4.099413022770825e+18,5.704760049589721e+21,360247.0,1484.2537749929106,1.002452522755127,0.2592099223320011,1.0067450529287372,478.08436420305503,6084.569254302696,1478.7304093768544,3626.7688508241877,6084.569337652277,5538.8538948654395
11944754,1614500749,0x60F9c8582bA286EB076F700dBB1376371eF77599,4.0994343894199117e+18,4.015995839503916e+18,0.84,0x5f98805A4E8be255a32880FDeC7F6728C6568bA0,476953618.0,4.099434327244145e+18,5.704788619929204e+21,360274.0,1348.705777901244,0.999178271551286,0.2412581847566099,1.0093391333160584,476.56169164337234,5528.930763280877,1376.3269468642857,3636.386469163096,5528.9308471376935,5416.396792766289
11949754,1614567155,0x60F9c8582bA286EB076F700dBB1376371eF77599,4.099458452027889e+18,3.776773529997428e+18,0.9,0x5f98805A4E8be255a32880FDeC7F6728C6568bA0,477012185.0,4.099458393842678e+18,5.704817208282019e+21,360301.0,1442.258925987299,1.004846992339004,0.2503009838169551,1.0076089283364462,479.32425940630657,5912.480460233159,1427.9213597288847,3630.425044885499,5912.480544151299,5447.085335071351
11954754,1614633823,0x60F9c8582bA286EB076F700dBB1376371eF77599,4.0994761908329743e+18,3.614841975032742e+18,0.94,0x5f98805A4E8be255a32880FDeC7F6728C6568bA0,477148593.0,4.0994761624593306e+18,5.704855305273276e+21,360396.0,1523.4005882041815,1.003012605984425,0.2513232640075291,1.0109235618719412,478.58605370673183,6245.144397219565,1433.7628560119483,3643.328080044001,6245.144440443991,5506.852391030045
11959754,1614700428,0x60F9c8582bA286EB076F700dBB1376371eF77599,4.099494023384754e+18,3.6380680518302346e+18,0.93,0x5f98805A4E8be255a32880FDeC7F6728C6568bA0,477194712.0,4.099494000647825e+18,5.704892987876617e+21,360480.0,1555.222193519764,1.000984921072023,0.2829035349605542,1.0066555277838407,477.6647111273067,6375.624052008623,1613.9343928419732,3628.7918465551893,6375.624087369601,5658.004175741592
11964754,1614767527,0x60F9c8582bA286EB076F700dBB1376371eF77599,4.0995166915797125e+18,3.6072039805399327e+18,0.94,0x5f98805A4E8be255a32880FDeC7F6728C6568bA0,477259861.0,4.0995166657244375e+18,5.704931912772827e+21,360516.0,1608.412711823455,1.0044777551553663,0.3014176413980824,0.9991963123321284,479.39691380304214,6593.714717483292,1719.5671214846363,3602.2625773672958,6593.714759069244,5801.872736440595
11969754,1614834073,0x60F9c8582bA286EB076F700dBB1376371eF77599,4.099536448288346e+18,3.917513532576138e+18,0.86,0x5f98805A4E8be255a32880FDeC7F6728C6568bA0,477460982.0,4.099536415106213e+18,5.704982540428745e+21,360544.0,1546.8852474246723,1.0006981194932871,0.340037221143774,1.0037617469125462,477.7943068188182,6341.512401808029,1939.9064097211387,3619.0027527883703,6341.512453136981,6059.943890128542
11974754,1614900094,0x60F9c8582bA286EB076F700dBB1376371eF77599,4.099554595222464e+18,4.1995112161831245e+18,0.81,0x5f98805A4E8be255a32880FDeC7F6728C6568bA0,477561440.0,4.0995545636136863e+18,5.705071408738277e+21,360603.0,1530.7620582344402,1.0026758781438725,0.4131116211017435,0.9964553019994274,478.8393362196523,6275.442581641678,2356.831298165077,3593.2477126689955,6275.442630027196,6428.452432863096
11979754,1614966167,0x60F9c8582bA286EB076F700dBB1376371eF77599,4.099572995958797e+18,4.141095935887952e+18,0.82,0x5f98805A4E8be255a32880FDeC7F6728C6568bA0,477597229.0,4.099572975958617e+18,5.705270161773712e+21,360651.0,1482.3420326059252,1.0064255375621884,0.3716843992665782,1.000269476342145,480.66604793453666,6076.969337998818,2120.559912732396,3607.481869122709,6076.969367645925,6138.5205668202825
11984754,1615032347,0x60F9c8582bA286EB076F700dBB1376371eF77599,4.099585258437155e+18,3.937268828220648e+18,0.86,0x5f98805A4E8be255a32880FDeC7F6728C6568bA0,477632874.0,4.0995852359461207e+18,5.705577754112732e+21,360690.0,1544.1798403519877,1.0012570860055907,0.3620736148545501,0.9997511027692364,478.2332996017155,6330.496875152647,2065.839162265302,3606.002252578359,6330.496909882848,6079.851150584618
11989754,1615099017,0x60F9c8582bA286EB076F700dBB1376371eF77599,4.0995962887906166e+18,3.690938160682753e+18,0.92,0x5f98805A4E8be255a32880FDeC7F6728C6568bA0,477713269.0,4.0995962645325983e+18,5.705886008580313e+21,360720.0,1687.4307156118207,0.9993252470507148,0.3539947791693873,1.0159626380995863,477.3909305628296,6917.78465837979,2019.8538575730845,3664.7804281528274,6917.7846993135145,6228.202421759875
11994754,1615165367,0x60F9c8582bA286EB076F700dBB1376371eF77599,4.0996020315155046e+18,3.7689552964396165e+18,0.9,0x5f98805A4E8be255a32880FDeC7F6728C6568bA0,477859458.0,4.0996020251397304e+18,5.706197801412807e+21,360759.0,1743.642123131187,1.0004929489583902,0.4362503828936156,1.0062343124089057,478.09501832207803,7148.238779107553,2489.3309757330444,3630.080843103244,7148.238790224622,6571.709215070505
11999754,1615231847,0x60F9c8582bA286EB076F700dBB1376371eF77599,4.0996054926888356e+18,3.828322629424226e+18,0.88,0x5f98805A4E8be255a32880FDeC7F6728C6568bA0,477970180.0,4.099605485231434e+18,5.706512699674212e+21,360850.0,1746.131501331158,1.0008564666849995,0.4733825635456873,1.0008063030356171,478.37954553559325,7158.450280792615,2701.3636106777994,3611.4095445040243,7158.450293814219,6684.75474049657
12004754,1615299316,0x60F9c8582bA286EB076F700dBB1376371eF77599,4.099611001231499e+18,3.9492743921480684e+18,0.86,0x5f98805A4E8be255a32880FDeC7F6728C6568bA0,478146326.0,4.099610991492141e+18,5.706808029386252e+21,361254.0,1835.4678898002103,1.000087079841816,0.5578650677615323,0.9986623855668256,478.187962906433,7524.704335555828,3183.6288480156186,3607.70781435558,7524.7043534321065,7248.766334798023
12009754,1615365374,0x60F9c8582bA286EB076F700dBB1376371eF77599,4.0996170293645435e+18,3.9553694181447926e+18,0.86,0x5f98805A4E8be255a32880FDeC7F6728C6568bA0,478251332.0,4.0996170148303985e+18,5.707107961112116e+21,361504.0,1819.2164992983508,1.0045168858079303,0.5540976666079095,0.9996136058008058,480.4115386541346,7458.090914183713,3162.2952043316473,3613.643169514145,7458.090940624468,7195.673306309124
12014754,1615431996,0x60F9c8582bA286EB076F700dBB1376371eF77599,4.0996214912006405e+18,3.8644627356873185e+18,0.88,0x5f98805A4E8be255a32880FDeC7F6728C6568bA0,478547888.0,4.099621478174044e+18,5.707424000318995e+21,361743.0,1799.641868182627,1.0029620412062812,0.4984571940514539,1.021685145362654,479.9653665634348,7377.85045582276,2844.90655246093,3695.8744953892256,7377.850479265967,6954.648937174471
12019754,1615499191,0x60F9c8582bA286EB076F700dBB1376371eF77599,4.0996253921540547e+18,3.9189025778413384e+18,0.86,0x5f98805A4E8be255a32880FDeC7F6728C6568bA0,478802140.0,4.0996253841711775e+18,5.707738756223972e+21,361773.0,1838.169034278378,1.00418639689595,0.5345942226701382,0.9925963710815094,480.8065957926702,7535.804433325056,3051.3241635877757,3590.945669552709,7535.804447998935,7203.605366941659
12024754,1615566708,0x60F9c8582bA286EB076F700dBB1376371eF77599,4.099630730086335e+18,4.103436220653659e+18,0.82,0x5f98805A4E8be255a32880FDeC7F6728C6568bA0,478857100.0,4.099630717663572e+18,5.707945173301468e+21,361835.0,1789.2294936226028,1.0049158247039809,0.5756326156013336,1.0056514340912883,481.21107756185665,7335.18019300486,3285.679409816532,3638.798866544213,7335.180215232034,7341.989111192794
12029754,1615632589,0x60F9c8582bA286EB076F700dBB1376371eF77599,4.099641845776012e+18,4.350496069019174e+18,0.78,0x5f98805A4E8be255a32880FDeC7F6728C6568bA0,478896200.0,4.0996418256992005e+18,5.70801166981918e+21,361943.0,1834.8073320108483,0.9982672482308832,0.6931092070267909,1.0285179006204028,478.0663917622267,7522.052880411234,3956.27544216804,3722.6485450425043,7522.052917248314,7982.322085320754
12034754,1615699184,0x60F9c8582bA286EB076F700dBB1376371eF77599,4.099669428806139e+18,4.837268454638785e+18,0.7,0x5f98805A4E8be255a32880FDeC7F6728C6568bA0,478989192.0,4.0996693676262845e+18,5.708099433822837e+21,362048.0,1904.2008105493685,1.0003933726921743,0.8897720165535454,1.0059312342594813,479.17761326797944,7806.593732818388,5078.907143920697,3641.9539150117666,7806.593849317116,9211.130512168063
12039754,1615764992,0x60F9c8582bA286EB076F700dBB1376371eF77599,4.099713274659411e+18,5.388363939917489e+18,0.63,0x5f98805A4E8be255a32880FDeC7F6728C6568bA0,479161727.0,4.0997131651614597e+18,5.708205184789922e+21,362206.0,1867.451759866856,1.0037034725327183,1.054402263298485,1.0067670357291032,480.93628929467434,7656.0165652300875,6018.744466214641,3646.5706094329553,7656.016769712229,10062.509722402021
12044754,1615832293,0x60F9c8582bA286EB076F700dBB1376371eF77599,4.099769440784882e+18,5.629203345898364e+18,0.6,0x5f98805A4E8be255a32880FDeC7F6728C6568bA0,479352001.0,4.0997693261038976e+18,5.70831364264738e+21,362236.0,1770.4133357549665,1.0024108914819725,1.0261331560641436,0.9915658851895536,480.50766665607733,7258.286288453493,5857.4898939337645,3591.8085998752313,7258.2864914862375,9966.01667325494
12049754,1615899505,0x60F9c8582bA286EB076F700dBB1376371eF77599,4.0998231256615e+18,5.495461456791995e+18,0.62,0x5f98805A4E8be255a32880FDeC7F6728C6568bA0,479578776.0,4.0998230515381837e+18,5.708422960597587e+21,362333.0,1780.017628796361,1.0027310456679894,0.9872674342303416,1.008943415550037,480.8885275386545,7297.757306683658,5635.74008981075,3655.7349458649155,7297.757438624468,9782.018271460682
12054754,1615965217,0x60F9c8582bA286EB076F700dBB1376371eF77599,4.099871317203724e+18,4.971718407701087e+18,0.68,0x5f98805A4E8be255a32880FDeC7F6728C6568bA0,479769186.0,4.0998712031632486e+18,5.708530097604664e+21,362447.0,1785.782860182568,1.0075280109495035,0.8436579792757432,0.9953597737308224,483.3808936854424,7321.479723565011,4816.0469667799125,3607.651639094154,7321.479927216538,8878.40951812677
12059754,1616031447,0x60F9c8582bA286EB076F700dBB1376371eF77599,4.0999202043194916e+18,5.502779418281886e+18,0.61,0x5f98805A4E8be255a32880FDeC7F6728C6568bA0,480072867.0,4.0999201036751017e+18,5.708637925041619e+21,362560.0,1828.1641319380976,1.0032076099645766,1.024663075193633,0.9988321003898954,481.61275351191205,7495.326877350747,5849.430491440145,3621.365663173605,7495.327061345212,10059.983958470133
12064754,1616098049,0x60F9c8582bA286EB076F700dBB1376371eF77599,4.099967904598163e+18,5.513213606349882e+18,0.61,0x5f98805A4E8be255a32880FDeC7F6728C6568bA0,480464866.0,4.099967843472585e+18,5.708745763945065e+21,362685.0,1774.4203913695774,0.9970755954021248,0.9840083864385591,1.0093567632343607,479.0597923367521,7275.066545417308,5617.453707767543,3660.7855767365413,7275.066653879779,9782.758645083439
12069754,1616164321,0x60F9c8582bA286EB076F700dBB1376371eF77599,4.100016427667431e+18,5.432996497022451e+18,0.62,0x5f98805A4E8be255a32880FDeC7F6728C6568bA0,480600131.0,4.10001631954002e+18,5.708853146270986e+21,362843.0,1809.413441164274,1.001464646428949,0.9940004251926438,0.9987111058940062,481.3040402656215,7418.62463756859,5674.602454755723,3623.753337958989,7418.62483321578,9830.53688751084
12074754,1616230371,0x60F9c8582bA286EB076F700dBB1376371eF77599,4.1000626177953915e+18,5.305900850053411e+18,0.64,0x5f98805A4E8be255a32880FDeC7F6728C6568bA0,480660496.0,4.100062529463082e+18,5.70888059787129e+21,363057.0,1829.269503452292,1.0073817039268511,0.9825425508523236,1.0145479286076244,484.2085894708054,7500.119347394279,5609.218105143796,3683.387273164983,7500.119508977879,9705.922613344297
12079754,1616297287,0x60F9c8582bA286EB076F700dBB1376371eF77599,4.100100828090265e+18,5.195727626668539e+18,0.65,0x5f98805A4E8be255a32880FDeC7F6728C6568bA0,480779395.0,4.100100776956559e+18,5.708901805759942e+21,363269.0,1787.371534217862,0.9954882456872296,0.9005444639104325,0.9972060122088569,478.61023649111763,7328.403416156693,5141.119916185387,3622.540308490992,7328.403507551624,9286.695659456678
12084754,1616364306,0x60F9c8582bA286EB076F700dBB1376371eF77599,4.100125828386034e+18,5.413344466334353e+18,0.62,0x5f98805A4E8be255a32880FDeC7F6728C6568bA0,480825324.0,4.100125796683063e+18,5.708949473518084e+21,363473.0,1793.3524729360877,1.0040968187607673,0.9786868654146924,0.9987998353828392,482.7951782080152,7352.970736830617,5587.2738650482725,3630.367725661067,7352.970793685219,9708.0346855556
12089754,1616431059,0x60F9c8582bA286EB076F700dBB1376371eF77599,4.1001439032278303e+18,5.348495029308025e+18,0.63,0x5f98805A4E8be255a32880FDeC7F6728C6568bA0,480862372.0,4.100143864216346e+18,5.708998896864089e+21,363552.0,1771.5467412225937,0.9991780682888524,0.9348407729509154,0.9873655118222868,480.4671359677555,7263.59650119628,5337.0049415203475,3589.58706554016,7263.596570306949,9475.108939615873
12094754,1616497418,0x60F9c8582bA286EB076F700dBB1376371eF77599,4.10016180486651e+18,5.420491704266918e+18,0.62,0x5f98805A4E8be255a32880FDeC7F6728C6568bA0,480899956.0,4.1001617829179366e+18,5.709066820448397e+21,363586.0,1688.9944905196987,1.0002189769272902,0.8853619181149182,0.99140227153974,481.00526199469886,6925.15066158782,5054.590350798429,3604.599863000479,6925.150698658838,9155.180624414555
12099754,1616564216,0x60F9c8582bA286EB076F700dBB1376371eF77599,4.100187714287218e+18,5.61619190052095e+18,0.6,0x5f98805A4E8be255a32880FDeC7F6728C6568bA0,480939462.0,4.100187588675755e+18,5.709129357157526e+21,363616.0,1669.5529978218178,0.9984004684029116,0.9288576188246932,0.9803624485763196,480.1701841342443,6845.480480305418,5302.968300251491,3564.75472101527,6845.480690020411,9376.530023857364
12104754,1616630705,0x60F9c8582bA286EB076F700dBB1376371eF77599,4.100218033707662e+18,5.704818973405293e+18,0.59,0x5f98805A4E8be255a32880FDeC7F6728C6568bA0,481016225.0,4.100217961536449e+18,5.709191880017336e+21,363646.0,1583.1665539922965,0.9904587523478828,0.8735051610844367,0.9837882948496413,476.4267300725885,6491.327940782979,4987.008572816501,3577.5067826889263,6491.328055042029,9031.678595275927
12109754,1616697348,0x60F9c8582bA286EB076F700dBB1376371eF77599,4.100234572787802e+18,5.533379633199867e+18,0.61,0x5f98805A4E8be255a32880FDeC7F6728C6568bA0,481084677.0,4.100234550831646e+18,5.709253628018606e+21,363676.0,1601.8729113244565,0.9996752334780654,0.8281751993479103,0.9920417500219536,480.9284368026947,6568.0546570538145,4728.262261512089,3607.81775480984,6568.054692224786,8863.770942497324
12114754,1616763627,0x60F9c8582bA286EB076F700dBB1376371eF77599,4.100249810348656e+18,5.55740950680968e+18,0.61,0x5f98805A4E8be255a32880FDeC7F6728C6568bA0,481124440.0,4.1002497890362844e+18,5.70931302832271e+21,363706.0,1625.1270222195838,1.0009702841762285,0.866420048837242,0.999374584670275,481.5912674309288,6663.426730013013,4946.663272826465,3634.7853269208704,6663.426764648325,9031.496363056422
12119754,1616829473,0x60F9c8582bA286EB076F700dBB1376371eF77599,4.1002654615144417e+18,5.508636444695081e+18,0.61,0x5f98805A4E8be255a32880FDeC7F6728C6568bA0,481162706.0,4.100265427744217e+18,5.709372105257448e+21,363735.0,1701.5602748387423,1.0000490210035131,0.9029786638591952,0.9992712179863906,481.1862930787012,6976.848768144244,5155.4411950803305,3634.699164742798,6976.8488256063165,9373.276942822074
12124754,1616896112,0x60F9c8582bA286EB076F700dBB1376371eF77599,4.1002771215989704e+18,5.488277979268691e+18,0.62,0x5f98805A4E8be255a32880FDeC7F6728C6568bA0,481264723.0,4.1002770930790354e+18,5.709430630123673e+21,363766.0,1713.3937023807168,1.000562873192224,0.9152577466305531,0.9979071194934028,481.5356140109398,7025.388949297531,5225.600613070452,3630.0468122963716,7025.388998163408,9403.580926593742
12129754,1616962437,0x60F9c8582bA286EB076F700dBB1376371eF77599,4.1002879922397896e+18,6.009846644016677e+18,0.56,0x5f98805A4E8be255a32880FDeC7F6728C6568bA0,481316378.0,4.1002879641955446e+18,5.709487732861081e+21,363796.0,1667.382527168563,0.998291209596853,1.0378174996597187,1.0055923754414735,480.49390919239613,6836.748507859209,5925.406283255724,3658.304838161063,6836.748554619694,10020.713285196034
12134754,1617028946,0x60F9c8582bA286EB076F700dBB1376371eF77599,2.1116727529170898e+18,4.0860005997719224e+18,0.43,0x5f98805A4E8be255a32880FDeC7F6728C6568bA0,481355362.0,2.1116727465823852e+18,2.8547718880128506e+21,363860.0,1782.5705094670525,0.9994553765509374,1.0912442221484806,1.0056087214159997,481.0932045825228,3764.2055637030526,3115.2533283459325,3659.0078937442563,3764.2055749951105,7283.584170818117
12139754,1617095501,0x60F9c8582bA286EB076F700dBB1376371eF77599,2.1116769436195039e+18,3.966117461903745e+18,0.44,0x5f98805A4E8be255a32880FDeC7F6728C6568bA0,481421509.0,2.111676934416481e+18,2.8548012307704075e+21,363985.0,1814.664050152007,1.0007852847693244,1.0639529971897383,0.997568746252142,481.7995619786429,3831.9842184207855,3037.374325859129,3631.0006010458587,3831.98423512118,7197.170776796848
12144754,1617161950,0x60F9c8582bA286EB076F700dBB1376371eF77599,2.1116820174722819e+18,3.898406132967277e+18,0.45,0x5f98805A4E8be255a32880FDeC7F6728C6568bA0,481521770.0,2.1116820069900314e+18,2.854836736816886e+21,364113.0,1838.107089159961,0.9965233768628262,1.0547219992685817,0.9958156016421816,479.84770027336515,3881.497667099911,3011.0591106408992,3625.894061607397,3881.49768636741,7165.687949431822
12149754,1617228331,0x60F9c8582bA286EB076F700dBB1376371eF77599,2.1116889685452099e+18,3.655334050102867e+18,0.48,0x5f98805A4E8be255a32880FDeC7F6728C6568bA0,481769216.0,2.1116889591957048e+18,2.8548724914329396e+21,364223.0,1928.6454800507013,1.0007900525478686,1.013374154004154,0.9946319012979148,482.1498389965854,4072.6993664257657,2893.0539957955866,3622.678149864304,4072.6993844576464,7049.843493806318
12154754,1617295586,0x60F9c8582bA286EB076F700dBB1376371eF77599,2.111694146134002e+18,3.61331475940368e+18,0.48,0x5f98805A4E8be255a32880FDeC7F6728C6568bA0,482046345.0,2.1116941365954662e+18,2.85490861562852e+21,364251.0,1945.784074627968,0.9999711306640812,1.0177183010028403,0.9955028518729292,482.03242864213775,4108.9008214727155,2905.4927458158286,3626.1290929756638,4108.900840032646,7030.730315465868
12159754,1617362123,0x60F9c8582bA286EB076F700dBB1376371eF77599,2.1117001634210732e+18,3.519935259051558e+18,0.49,0x5f98805A4E8be255a32880FDeC7F6728C6568bA0,482336470.0,2.1117001463624607e+18,2.854948566941898e+21,364276.0,2000.2027658578245,1.0005681053626658,1.0218176845005913,1.0172726785332518,482.6104879352163,4223.828473416566,2917.2369340408513,3705.6802224537882,4223.8285075372505,7040.584240795404
12164754,1617427883,0x60F9c8582bA286EB076F700dBB1376371eF77599,2.1117068196518602e+18,3.364249691440207e+18,0.52,0x5f98805A4E8be255a32880FDeC7F6728C6568bA0,482553684.0,2.1117068029081116e+18,2.8549932142307416e+21,364303.0,2099.646786207453,0.9998962834156911,1.0213541452118984,1.0103304169289589,482.50363518014984,4433.838402138431,2915.9591539064095,3680.664018784705,4433.838437294389,7063.736052631845
12169754,1617494697,0x60F9c8582bA286EB076F700dBB1376371eF77599,2.1117147001613962e+18,3.385700903028867e+18,0.51,0x5f98805A4E8be255a32880FDeC7F6728C6568bA0,482772807.0,2.1117142876801206e+18,2.8550375445499163e+21,364333.0,2010.4237708621883,0.9967093949122092,0.9405560020325806,0.9830825144696907,481.18419234503875,4245.440601221429,2685.322698554785,3581.6940174428582,4245.441430483589,6806.693576478811
12174754,1617560501,0x60F9c8582bA286EB076F700dBB1376371eF77599,2.111724350625691e+18,3.354403887961641e+18,0.52,0x5f98805A4E8be255a32880FDeC7F6728C6568bA0,482980601.0,2.1117243424687567e+18,2.8550779613749733e+21,364410.0,2079.462936495235,1.001017873709855,0.9953495852030056,1.0123812031173525,483.4722142561278,4391.2525022585505,2841.800664576823,3689.218342279944,4391.252519220593,6975.358559051749
12179754,1617626845,0x60F9c8582bA286EB076F700dBB1376371eF77599,2.111733631484422e+18,3.402730316020874e+18,0.51,0x5f98805A4E8be255a32880FDeC7F6728C6568bA0,483177950.0,2.1117336079656148e+18,2.855118548212238e+21,364441.0,2059.793788255295,1.0006793457804593,0.9918549624234936,1.0016432269784534,483.50619490154344,4349.735768137516,2831.863500351669,3650.398592832545,4349.7358165814085,7008.922768047774
12184754,1617693892,0x60F9c8582bA286EB076F700dBB1376371eF77599,2.1117437268150976e+18,3.2505891164782034e+18,0.54,0x5f98805A4E8be255a32880FDeC7F6728C6568bA0,483265810.0,2.1117437036923433e+18,2.855159663711799e+21,364816.0,2130.200276531261,0.9996821970191644,0.9732674546755958,1.0098599320135744,483.11222668504604,4498.4370215685785,2778.833978593213,3684.1306095746413,4498.437070824676,6924.405834811376
12189754,1617759759,0x60F9c8582bA286EB076F700dBB1376371eF77599,2.1117537154330813e+18,3.261416581250203e+18,0.53,0x5f98805A4E8be255a32880FDeC7F6728C6568bA0,483383761.0,2.1117537021831017e+18,2.855187551194854e+21,365080.0,2089.0191827274125,0.9985456279094383,0.9391668819611676,0.9916772583884078,482.68074114897087,4411.49399305613,2681.4975898700127,3620.4153349243993,4411.494020735593,6813.161801096931
12194754,1617826120,0x60F9c8582bA286EB076F700dBB1376371eF77599,2.111764490873231e+18,3.3751474760943217e+18,0.52,0x5f98805A4E8be255a32880FDeC7F6728C6568bA0,483475167.0,2.111764469056033e+18,2.855215874099763e+21,365292.0,1982.019295780049,1.0004162293550434,0.8860980603137886,0.988422195465434,483.6764035569399,4185.557925811768,2530.0012478169383,3610.627206259593,4185.557969053875,6689.607423722278
12199754,1617892865,0x60F9c8582bA286EB076F700dBB1376371eF77599,2.1117766675101217e+18,3.375020876371213e+18,0.52,0x5f98805A4E8be255a32880FDeC7F6728C6568bA0,483514236.0,2.1117766429628152e+18,2.855244648858074e+21,365391.0,2044.864498443464,0.999875790858494,0.9870073225027336,1.0228723194917797,483.45417911184046,4318.29708583678,2818.1473759596656,3737.4833969142087,4318.297136032695,6901.460371597041
12204754,1617959193,0x60F9c8582bA286EB076F700dBB1376371eF77599,2.111789430810159e+18,3.409722668894454e+18,0.51,0x5f98805A4E8be255a32880FDeC7F6728C6568bA0,483562589.0,2.1117894105452854e+18,2.855275180619427e+21,365458.0,2069.59654596312,1.000938115969877,1.0265089025109126,1.0095579789039173,484.0162267871759,4370.552069866016,2930.965392024296,3689.510398542678,4370.552111806129,7056.750258236114
12209754,1618025864,0x60F9c8582bA286EB076F700dBB1376371eF77599,2.111801712914112e+18,3.306739526850507e+18,0.53,0x5f98805A4E8be255a32880FDeC7F6728C6568bA0,483619315.0,2.1118016933811597e+18,2.855309030687924e+21,365545.0,2142.730791225933,1.00458319613176,1.0234905815068314,1.0289194637832375,485.8358371737524,4525.022513370878,2922.3819002004902,3761.1636538864354,4525.022555224736,7085.4526027464535
12214754,1618092003,0x60F9c8582bA286EB076F700dBB1376371eF77599,2.1118121709763267e+18,3.294502265012434e+18,0.53,0x5f98805A4E8be255a32880FDeC7F6728C6568bA0,483739552.0,2.1118121543957043e+18,2.855342545048503e+21,365656.0,2118.910112831055,0.9960145415293974,0.994769017980284,0.9825492363025834,481.8116281049161,4474.740130348595,2840.406299535224,3592.750235494574,4474.740165481443,6980.754166079662
12219754,1618158795,0x60F9c8582bA286EB076F700dBB1376371eF77599,2.1118210644149893e+18,3.339775842840526e+18,0.52,0x5f98805A4E8be255a32880FDeC7F6728C6568bA0,483902995.0,2.111821052592757e+18,2.8553763861388575e+21,365717.0,2152.695921953203,1.0003667838204748,1.0539952149860723,1.000582765238282,484.0804827892453,4546.1085678113495,3009.5530479745794,3659.3012715464874,4546.10859326102,7189.521837120622
12224754,1618223601,0x60F9c8582bA286EB076F700dBB1376371eF77599,2.1118290004658706e+18,3.406928615173221e+18,0.51,0x5f98805A4E8be255a32880FDeC7F6728C6568bA0,484052043.0,2.111828985211228e+18,2.855402669779994e+21,365746.0,2178.5735800541584,0.9972703234004026,1.1101313721554302,0.9944188672971134,482.73073746523556,4600.7748327737645,3169.8720838591435,3637.0472303845004,4600.774866007127,7422.24467014688
12229754,1618290349,0x60F9c8582bA286EB076F700dBB1376371eF77599,2.1118378315317484e+18,3.36285792266836e+18,0.52,0x5f98805A4E8be255a32880FDeC7F6728C6568bA0,484203149.0,2.111837814416591e+18,2.855424801151681e+21,365796.0,2162.0357551275865,1.0003008025715825,1.091534690572104,0.9977778579448696,484.34879855238756,4565.868863799166,3116.795226777011,3649.8314932480152,4565.868900802749,7270.619068223075
12234754,1618356901,0x60F9c8582bA286EB076F700dBB1376371eF77599,2.1118454512787812e+18,3.1956332975122606e+18,0.55,0x5f98805A4E8be255a32880FDeC7F6728C6568bA0,484352253.0,2.1118454389140431e+18,2.855447282136821e+21,365918.0,2290.13909601156,1.0005632856683424,1.105548456804307,1.003063762348451,484.62508168254425,4836.419804390743,3156.835336252415,3670.390857910205,4836.419832707713,7318.444751149169
12239754,1618423956,0x60F9c8582bA286EB076F700dBB1376371eF77599,2.1118523865168394e+18,3.0696471308541307e+18,0.57,0x5f98805A4E8be255a32880FDeC7F6728C6568bA0,484543373.0,2.111852371399252e+18,2.855470286153548e+21,366052.0,2341.5564089410755,0.9979462399929244,1.039799436347394,0.9987541513736802,483.54823719883905,4945.021454987327,2969.1163940491906,3655.9595461863837,4945.021490386011,7187.751912439075
12244754,1618491151,0x60F9c8582bA286EB076F700dBB1376371eF77599,2.1118597009112655e+18,2.983673045915173e+18,0.58,0x5f98805A4E8be255a32880FDeC7F6728C6568bA0,484824051.0,2.111859686696834e+18,2.8554940354143275e+21,366288.0,2437.3256021167485,1.0005111693011604,1.1038495957561538,0.992560203246568,485.0718781713354,5147.289682464449,3152.0359366762136,3635.6289172677893,5147.2897171096465,7272.182703154712
12249754,1618558802,0x60F9c8582bA286EB076F700dBB1376371eF77599,2.1118709858861358e+18,3.151271720380817e+18,0.55,0x5f98805A4E8be255a32880FDeC7F6728C6568bA0,485234872.0,2.1118709746544046e+18,2.855517489793389e+21,366504.0,2430.9515882713054,1.0008879654928935,1.208783504717569,0.9914628102751586,485.6657438222846,5133.856100060194,3451.7024390947677,3633.750858170867,5133.85612736399,7660.588993734195
12254754,1618624186,0x60F9c8582bA286EB076F700dBB1376371eF77599,2.1118782013277396e+18,3.120171097601922e+18,0.56,0x5f98805A4E8be255a32880FDeC7F6728C6568bA0,485509835.0,2.1118781937442993e+18,2.855539246444606e+21,366633.0,2484.891508746932,1.003070734048807,1.266822552301467,0.9957990710309782,487.0007065813652,5247.788191143017,3617.4615163779636,3650.928008093006,5247.788209987044,7753.28666626861
12259754,1618691280,0x60F9c8582bA286EB076F700dBB1376371eF77599,2.1118863572957348e+18,3.476777157597083e+18,0.5,0x5f98805A4E8be255a32880FDeC7F6728C6568bA0,485744490.0,2.1118863324250862e+18,2.8555610461115074e+21,366718.0,2380.843286945663,1.004619821316892,1.4519525413200938,0.9906754068250856,487.9885427494648,5028.070397346563,4146.139117796269,3632.9850384008173,5028.07045655968,8277.661555871038
12264754,1618757957,0x60F9c8582bA286EB076F700dBB1376371eF77599,2.1119166680266614e+18,3.6296517504464845e+18,0.48,0x5f98805A4E8be255a32880FDeC7F6728C6568bA0,485937067.0,2.1119166568501993e+18,2.8555821405018726e+21,366749.0,2132.622016760521,1.002431921221448,1.2478283300826425,1.0013097803584068,487.11882766552554,4503.91995996201,3563.27629379627,3672.293606366653,4503.919983797178,7740.675236175537
12269754,1618825177,0x60F9c8582bA286EB076F700dBB1376371eF77599,2.1119245874751488e+18,3.505247929437341e+18,0.5,0x5f98805A4E8be255a32880FDeC7F6728C6568bA0,486283212.0,2.1119245718528358e+18,2.8556032066936766e+21,366780.0,2250.0409820639206,1.0001246349677235,1.290277751320722,1.0011305675049549,486.3438198924321,4751.91683769668,3684.52128419696,3671.946695494674,4751.916872847524,7886.95149352872
12274754,1618891469,0x60F9c8582bA286EB076F700dBB1376371eF77599,2.1119341172948503e+18,3.63641986565144e+18,0.48,0x5f98805A4E8be255a32880FDeC7F6728C6568bA0,486490578.0,2.1119341054776369e+18,2.8556227956551943e+21,366811.0,2109.43176776786,0.9974168910375052,1.2765423395297115,0.992286049542425,485.23391982779896,4454.980893526926,3645.323404380057,3639.814381187065,4454.980918454531,7670.779585547281
12279754,1618957284,0x60F9c8582bA286EB076F700dBB1376371eF77599,2.1119431089502774e+18,3.511409989057707e+18,0.5,0x5f98805A4E8be255a32880FDeC7F6728C6568bA0,486591938.0,2.111943086665752e+18,2.8556405339010567e+21,366841.0,2332.5272182119456,0.999061886567035,1.43635640857939,1.0135466421908808,486.13545956658976,4926.164732962417,4101.717581467854,3718.104637679449,4926.164784941679,8190.459373778412
12284754,1619024194,0x60F9c8582bA286EB076F700dBB1376371eF77599,2.111952339273387e+18,3.333526978248182e+18,0.52,0x5f98805A4E8be255a32880FDeC7F6728C6568bA0,486633804.0,2.111952316424736e+18,2.855658597548597e+21,366888.0,2426.5128042487217,1.002629080746603,1.3807859287161308,0.9943377000404277,487.91320356474256,5124.679337767369,3943.0532087123433,3648.1057009243245,5124.679393209914,8088.845896027763
12289754,1619091270,0x60F9c8582bA286EB076F700dBB1376371eF77599,2.1119613511456786e+18,3.1841263569498634e+18,0.55,0x5f98805A4E8be255a32880FDeC7F6728C6568bA0,486765749.0,2.1119613336039352e+18,2.855676506575711e+21,366987.0,2526.3625367247537,0.9992261089950222,1.3413315883139083,0.9827207536240028,486.38904536531766,5335.579992228231,3830.409104275912,3606.457412102119,5335.580036545035,8044.257540396005
12294754,1619157976,0x60F9c8582bA286EB076F700dBB1376371eF77599,2.1119784445637652e+18,3.2759823863523927e+18,0.53,0x5f98805A4E8be255a32880FDeC7F6728C6568bA0,486876847.0,2.1119784343401958e+18,2.855694505902314e+21,367109.0,2218.6513103036305,0.9957911795868268,1.101304646077168,0.9901108570165336,484.827669787645,4685.743720681886,3144.989627127261,3634.7860660848264,4685.743743364421,7268.26261401235
12299754,1619224831,0x60F9c8582bA286EB076F700dBB1376371eF77599,2.1119935631955753e+18,3.2829438835153357e+18,0.53,0x5f98805A4E8be255a32880FDeC7F6728C6568bA0,486916194.0,2.1119935402595292e+18,2.855701657654825e+21,367215.0,2343.6942606292546,0.9999818297532738,1.2403309919265886,0.9864989521780348,486.90734661262,4949.867138792319,3542.015269685412,3622.572127240571,4949.867192547398,7694.2167377628075
12304754,1619291478,0x60F9c8582bA286EB076F700dBB1376371eF77599,2.1120033597614623e+18,3.270234558612918e+18,0.53,0x5f98805A4E8be255a32880FDeC7F6728C6568bA0,486955756.0,2.1120033403601907e+18,2.855706062944863e+21,367246.0,2279.920839411762,1.0011262174620903,1.137684316672394,0.9940732843787724,487.5041740756726,4815.200428594451,3248.8920008386394,3650.6943739496664,4815.200472827814,7455.875919946116
12309754,1619357593,0x60F9c8582bA286EB076F700dBB1376371eF77599,2.1120116374214382e+18,3.206546923797096e+18,0.54,0x5f98805A4E8be255a32880FDeC7F6728C6568bA0,486994977.0,2.1120116263123313e+18,2.855710786306586e+21,367276.0,2314.396065362206,1.0049032627746857,1.1451891439202142,1.0039011097369597,489.382841342183,4888.031397936494,3270.328990654161,3687.087839797516,4888.031423647367,7421.219583835285
12314754,1619424655,0x60F9c8582bA286EB076F700dBB1376371eF77599,2.1120184961286528e+18,3.096036989027219e+18,0.56,0x5f98805A4E8be255a32880FDeC7F6728C6568bA0,487167254.0,2.1120184862179343e+18,2.8557155695829236e+21,367347.0,2451.1072704928374,0.9989715695040328,1.2065505260747893,1.0031553965821922,486.6662363393498,5176.783866984056,3445.5651228002434,3685.0612546827856,5176.783891276289,7588.718773519369
12319754,1619491196,0x60F9c8582bA286EB076F700dBB1376371eF77599,2.1120268472769403e+18,3.0811742194809277e+18,0.57,0x5f98805A4E8be255a32880FDeC7F6728C6568bA0,487347948.0,2.1120268399713462e+18,2.8557202709340136e+21,367471.0,2512.266183741548,1.0017769768614546,1.2772627855294691,0.9999796664611196,488.2139540270734,5305.973609214535,3647.5052279461484,3674.635280141341,5305.9736275681325,7740.729797818194
12324754,1619557251,0x60F9c8582bA286EB076F700dBB1376371eF77599,2.112029238085273e+18,2.980851103248098e+18,0.58,0x5f98805A4E8be255a32880FDeC7F6728C6568bA0,487460510.0,2.1120292294283753e+18,2.855724919570685e+21,367551.0,2643.0345284345567,1.001466760091464,1.3079910916052273,1.0045163987485777,488.1754976222327,5582.166178442226,3735.262754873511,3692.110068764385,5582.166201322706,7878.492390006964
12329754,1619624008,0x60F9c8582bA286EB076F700dBB1376371eF77599,2.1120325497683832e+18,3.0212242413293527e+18,0.58,0x5f98805A4E8be255a32880FDeC7F6728C6568bA0,487573377.0,2.1120325420375913e+18,2.855729610353868e+21,367608.0,2683.558665205049,0.9995654302724948,1.3667676782191427,0.998512701823702,487.3614923704183,5667.763229380025,3903.118929165013,3670.6125729200744,5667.763250126059,8107.632492346934
12334754,1619691356,0x60F9c8582bA286EB076F700dBB1376371eF77599,1.29269211800299e+18,2.275351581652292e+18,0.47,0x5f98805A4E8be255a32880FDeC7F6728C6568bA0,487675759.0,1.2926921153714488e+18,1.4349706387040483e+21,367676.0,2761.9335362130755,0.9996625758184462,1.4821229866113994,1.000555445045254,487.5112054061558,3570.3297054426266,2126.8029687357116,3678.8022381245887,3570.3297127107685,6284.36984004093
12339754,1619757585,0x60F9c8582bA286EB076F700dBB1376371eF77599,1.2926936327248666e+18,2.251196517615151e+18,0.47,0x5f98805A4E8be255a32880FDeC7F6728C6568bA0,487714158.0,1.2926936298388137e+18,1.4349723037235476e+21,367767.0,2780.555249403204,1.0015411373677636,1.419096146048205,0.9995395254272862,488.46579251368115,3594.4060583183955,2036.3636659000008,3675.9765264781677,3594.406066343225,6259.57629449302
12344754,1619824649,0x60F9c8582bA286EB076F700dBB1376371eF77599,1.2926952464920346e+18,2.2895654945850476e+18,0.47,0x5f98805A4E8be255a32880FDeC7F6728C6568bA0,487791101.0,1.2926952436695954e+18,1.4349737457151026e+21,367881.0,2760.142698079589,1.0008482585335208,1.4863672062101838,1.0129209889786266,488.20487396399875,3568.0233376568485,2132.89791740352,3726.3438634644613,3568.0233454471836,6319.527481653902
12349754,1619891273,0x60F9c8582bA286EB076F700dBB1376371eF77599,1.2926971514061427e+18,2.1359944064746056e+18,0.5,0x5f98805A4E8be255a32880FDeC7F6728C6568bA0,487906909.0,1.292697149809205e+18,1.434975103516005e+21,367953.0,2916.596970562925,1.003241897238526,1.4321063274607149,1.0045279721179248,489.48865306094484,3770.276590988855,2055.036925493865,3696.190809247068,3770.2765956464787,6229.834815063188
12354754,1619958127,0x60F9c8582bA286EB076F700dBB1376371eF77599,6.363534802356293e+17,1.493747299767605e+18,0.35,0x5f98805A4E8be255a32880FDeC7F6728C6568bA0,487988604.0,6.36353479526967e+17,1.4349764554769207e+21,184014.0,2930.592777520548,1.0002169281918143,1.4181590313401302,0.9938441960463814,488.0944624854917,1864.8929110517997,2035.0248200950434,1828.8124589127883,1864.8929131286002,4377.565048139764
12359754,1620025464,0x60F9c8582bA286EB076F700dBB1376371eF77599,6.363545302933289e+17,1.4233009023762025e+18,0.37,0x5f98805A4E8be255a32880FDeC7F6728C6568bA0,488049425.0,6.363545288503808e+17,1.4349778456701187e+21,184043.0,3093.1260914695654,1.0005778539326755,1.4477989821403274,1.006841185313572,488.33144627957626,1968.3247966119352,2077.5594643551176,1853.0207226866573,1968.3248010751556,4402.449157152008
12364754,1620091311,0x60F9c8582bA286EB076F700dBB1376371eF77599,6.363552353470885e+17,1.2789652561677312e+18,0.41,0x5f98805A4E8be255a32880FDeC7F6728C6568bA0,488148002.0,6.363552335206636e+17,1.434979369197299e+21,184127.0,3259.6254495964804,0.9972130006567174,1.345566265472485,0.978699956763638,486.7875338390013,2074.279714167866,1930.8598308408718,1802.0508693901836,2074.2797201213275,4168.947698154018
12369754,1620158204,0x60F9c8582bA286EB076F700dBB1376371eF77599,6.363569825464553e+17,1.2411575540655882e+18,0.42,0x5f98805A4E8be255a32880FDeC7F6728C6568bA0,488265514.0,6.363569812611959e+17,1.4349810410300134e+21,184165.0,3373.929623411572,1.0013983537849782,1.308126594615881,0.9976136448359658,488.94828192957624,2147.023670141911,1877.1368625409432,1837.2551690121566,2147.0236744782865,4187.578238982937
12374754,1620225046,0x60F9c8582bA286EB076F700dBB1376371eF77599,6.36357730734493e+17,1.2921462413489626e+18,0.41,0x5f98805A4E8be255a32880FDeC7F6728C6568bA0,488398578.0,6.363577292175558e+17,1.4349829406792184e+21,184221.0,3325.315811863055,1.002077656685696,1.3753440651844644,0.9983902385481168,489.41330257086605,2116.090418968407,1973.5952711041134,1839.2444813557263,2116.090424012702,4296.79432759712
12379754,1620291111,0x60F9c8582bA286EB076F700dBB1376371eF77599,6.36358582921344e+17,1.2685832204547384e+18,0.41,0x5f98805A4E8be255a32880FDeC7F6728C6568bA0,488503022.0,6.363585819620475e+17,1.4349848141571516e+21,184271.0,3447.64435359601,1.0030184945399028,1.4193043482849177,1.0117793532543085,489.977565704633,2193.938071963817,2036.6801864560696,1864.4159320352467,2193.93807527113,4373.6237770674215
12384754,1620358056,0x60F9c8582bA286EB076F700dBB1376371eF77599,6.363590503441313e+17,1.3000789313326643e+18,0.4,0x5f98805A4E8be255a32880FDeC7F6728C6568bA0,488589778.0,6.363590496494925e+17,1.434986717619422e+21,184327.0,3425.319246026795,1.0013675811738525,1.4785097474250029,1.0035567320571568,489.25796418212957,2179.7329001477274,2121.6418494257255,1849.8260174989953,2179.7329025270874,4453.185384847723
12389754,1620425070,0x60F9c8582bA286EB076F700dBB1376371eF77599,6.363595373961426e+17,1.288621112656837e+18,0.41,0x5f98805A4E8be255a32880FDeC7F6728C6568bA0,488745558.0,6.363595367079249e+17,1.4349891680497807e+21,184368.0,3453.134209724337,0.999348414169788,1.4902425034831046,1.0107789103069165,488.4270983198282,2197.4348858904655,2138.4818502656426,1863.5528613546558,2197.4348882669733,4449.781647488363
12394754,1620491342,0x60F9c8582bA286EB076F700dBB1376371eF77599,6.363600559862031e+17,1.1830073153831178e+18,0.44,0x5f98805A4E8be255a32880FDeC7F6728C6568bA0,488886423.0,6.36360054933812e+17,1.4349915797173277e+21,184391.0,3733.7499846201335,0.9993421702945608,1.427644846641194,1.0096465108614994,488.56481898836466,2376.009345321988,2048.6583337569487,1861.6972978426274,2376.0093492513533,4417.053545617221
12399754,1620557764,0x60F9c8582bA286EB076F700dBB1376371eF77599,6.363606793614762e+17,1.1079078343276529e+18,0.47,0x5f98805A4E8be255a32880FDeC7F6728C6568bA0,488948256.0,6.363606789257339e+17,1.4349936756461166e+21,184406.0,3885.5241296738495,0.9999142953192126,1.4114730127902246,1.0064118136397884,488.906350845798,2472.594773141572,2025.4548466991425,1855.883769060588,2472.5947748346593,4304.802623734793
12404754,1620624710,0x60F9c8582bA286EB076F700dBB1376371eF77599,6.363611256733976e+17,1.0933037318006557e+18,0.48,0x5f98805A4E8be255a32880FDeC7F6728C6568bA0,489083687.0,6.363611249111405e+17,1.4349956920313884e+21,184450.0,4100.998499954233,1.0056597481167755,1.494024909826131,1.0026249858876202,491.8517774764439,2609.7160186897754,2143.9193093880813,1849.3417864697153,2609.716021815791,4483.636964108854
12409754,1620690893,0x60F9c8582bA286EB076F700dBB1376371eF77599,6.363619122440774e+17,1.0733347721814345e+18,0.49,0x5f98805A4E8be255a32880FDeC7F6728C6568bA0,489309421.0,6.363619117325432e+17,1.4349974992580342e+21,184504.0,3928.170243389111,1.0071871928322995,1.3294066954629993,0.997740935015742,492.8261821633878,2499.737925693984,1907.695283486291,1840.8719347414446,2499.737927703378,4216.241713277942
12414754,1620758150,0x60F9c8582bA286EB076F700dBB1376371eF77599,6.363628782789222e+17,1.0659357356265884e+18,0.49,0x5f98805A4E8be255a32880FDeC7F6728C6568bA0,489439322.0,6.363628777767639e+17,1.434999334453784e+21,184668.0,4122.283329900112,1.0020677984575297,1.384472441796651,1.0016997545259891,490.451383875086,2623.2680828264165,1986.7170325477994,1849.8189026880536,2623.2680848964555,4394.089113718299
12419754,1620824472,0x60F9c8582bA286EB076F700dBB1376371eF77599,6.363632771317535e+17,1.0143296470760358e+18,0.52,0x5f98805A4E8be255a32880FDeC7F6728C6568bA0,489593502.0,6.363632765656594e+17,1.435001143707828e+21,184760.0,4292.553045351852,1.0005117668628287,1.3877262669454684,1.0000888329192326,489.8440597305799,2731.6231207720043,1991.3887802201416,1847.764127701574,2731.623123201993,4354.063815546908
12424754,1620891343,0x60F9c8582bA286EB076F700dBB1376371eF77599,6.363676744767526e+17,1.0506645543456413e+18,0.5,0x5f98805A4E8be255a32880FDeC7F6728C6568bA0,489716395.0,6.363676740044605e+17,1.4350029725433874e+21,184846.0,3985.758580468049,1.0018519586500374,1.2961294526240708,1.0014828882977738,490.62332951378534,2536.407916995773,1859.949617316575,1851.201059702903,2536.4079188782152,4187.695262676779
12429754,1620957989,0x60F9c8582bA286EB076F700dBB1376371eF77599,6.363703189058619e+17,1.0800894845175427e+18,0.49,0x5f98805A4E8be255a32880FDeC7F6728C6568bA0,489859534.0,6.363703182040835e+17,1.435004793540672e+21,184895.0,3853.071241712784,1.0001182213756137,1.264692168264058,0.9879346308185726,489.91744586796693,2451.980172151767,1814.8393238122692,1826.6417356519999,2451.9801748557697,4161.661731270929
12434754,1621024730,0x60F9c8582bA286EB076F700dBB1376371eF77599,6.363708232408562e+17,1.0401555428130821e+18,0.5,0x5f98805A4E8be255a32880FDeC7F6728C6568bA0,489947150.0,6.363708228262058e+17,1.4350066207582844e+21,184970.0,4021.8042515906623,1.0005997174106205,1.2792946136538648,0.9929435443477644,490.24097983613893,2559.3588808306827,1835.7962404937075,1836.6476739800598,2559.358882498325,4183.301984401247
12439754,1621092275,0x60F9c8582bA286EB076F700dBB1376371eF77599,6.36371478055318e+17,1.0646563595301508e+18,0.49,0x5f98805A4E8be255a32880FDeC7F6728C6568bA0,490073957.0,6.363714774463434e+17,1.4350084653840083e+21,185033.0,3897.264323438658,1.0023929695850384,1.2722906105600322,0.9946716332967116,491.24668907352043,2480.1078555055824,1825.7477965822347,1840.4707632379043,2480.1078578789175,4149.247246718937
12444754,1621158616,0x60F9c8582bA286EB076F700dBB1376371eF77599,6.363722808446469e+17,1.0875560307495914e+18,0.48,0x5f98805A4E8be255a32880FDeC7F6728C6568bA0,490147241.0,6.363722804564604e+17,1.4350132833512265e+21,185072.0,3828.285930393042,1.0009803664400485,1.2772615108091327,0.9998476698432144,490.6277649057588,2436.2150477636023,1832.8872343243615,1850.4380795322338,2436.215049249691,4163.475451032764
12449754,1621225446,0x60F9c8582bA286EB076F700dBB1376371eF77599,6.363742676653676e+17,1.1804056818698918e+18,0.44,0x5f98805A4E8be255a32880FDeC7F6728C6568bA0,490187799.0,6.363742672203878e+17,1.4350197123036382e+21,185092.0,3286.370032843385,1.0002725096253309,1.0454861350894156,1.015834296456007,490.3213798934472,2091.361321465751,1500.2932127934557,1880.2280159963525,2091.361322928119,3879.249859495275
12454754,1621292365,0x60F9c8582bA286EB076F700dBB1376371eF77599,6.36376035550679e+17,1.192902173140279e+18,0.44,0x5f98805A4E8be255a32880FDeC7F6728C6568bA0,490232364.0,6.363760349998294e+17,1.4350260368590895e+21,185120.0,3240.708845700202,1.0006056212945629,1.040667221907854,0.9815407855436102,490.52925915892234,2062.3094458155683,1493.3845591435863,1817.0283021983314,2062.309447600712,3865.8486245506965
12459754,1621359343,0x60F9c8582bA286EB076F700dBB1376371eF77599,6.363773738595802e+17,1.1684886798102316e+18,0.45,0x5f98805A4E8be255a32880FDeC7F6728C6568bA0,490297683.0,6.363773732565588e+17,1.4350329834151315e+21,185148.0,3419.2745791016664,1.0006564319156448,1.1369294549776698,0.9968022190966384,490.6195300472879,2175.948975091644,1631.531267709145,1845.559372613044,2175.9489771535395,3995.3836388431914
12464754,1621426552,0x60F9c8582bA286EB076F700dBB1376371eF77599,6.363871460145306e+17,1.333850290569966e+18,0.39,0x5f98805A4E8be255a32880FDeC7F6728C6568bA0,490362434.0,6.363871456999488e+17,1.4350402863928742e+21,185195.0,2694.6168371698145,1.0032719464954811,0.887587247124892,0.999454414707127,491.9668736474419,1714.819517761522,1273.7234573127678,1850.939603316864,1714.8195186091993,3594.21545123368
12469754,1621493686,0x60F9c8582bA286EB076F700dBB1376371eF77599,6.364056508779233e+17,1.352168090714844e+18,0.39,0x5f98805A4E8be255a32880FDeC7F6728C6568bA0,490670530.0,6.364056502590766e+17,1.435048598049307e+21,185213.0,2633.119847244037,1.0153524409431005,0.8581093140558945,1.023503612918605,498.20352033434483,1675.7323485954216,1231.4285681089639,1895.661746594936,1675.7323502249194,3560.420636471331
12474754,1621560333,0x60F9c8582bA286EB076F700dBB1376371eF77599,6.364084297628466e+17,1.2981141541431416e+18,0.4,0x5f98805A4E8be255a32880FDeC7F6728C6568bA0,490841913.0,6.364084291506307e+17,1.4350624591660515e+21,185229.0,2900.6501179046063,0.998732686318358,0.9985109177433572,1.0140678348650798,490.21986232813174,1845.9981850512622,1432.925533120933,1878.3477098422386,1845.9981868270863,3765.374974268942
12479754,1621627620,0x60F9c8582bA286EB076F700dBB1376371eF77599,6.364102258780227e+17,1.462285737163364e+18,0.36,0x5f98805A4E8be255a32880FDeC7F6728C6568bA0,490960092.0,6.364102252881414e+17,1.4350776354231943e+21,185253.0,2376.096750706208,0.9992327263679,0.7614004427808797,0.9846615781119776,490.58339126699497,1512.1722684233584,1092.668747036158,1824.1151132997818,1512.1722698249735,3474.5323886779015
12484754,1621695270,0x60F9c8582bA286EB076F700dBB1376371eF77599,6.364111846185498e+17,1.4576183239566024e+18,0.36,0x5f98805A4E8be255a32880FDeC7F6728C6568bA0,490998774.0,6.364111843425386e+17,1.435100117260277e+21,185268.0,2376.559955423602,1.0030031866327866,0.7667799072838221,0.9983160468848092,492.4733349547915,1512.4693358921852,1100.4059348558374,1849.5601737425484,1512.469336548142,3464.117339006928
12489754,1621762018,0x60F9c8582bA286EB076F700dBB1376371eF77599,6.364126848930557e+17,1.610145919668812e+18,0.33,0x5f98805A4E8be255a32880FDeC7F6728C6568bA0,491034385.0,6.364126741514054e+17,1.435127434307141e+21,185290.0,2057.4447172107552,0.9912476758031102,0.6819050478149552,1.0096865814025977,486.7366928706596,1309.383894398779,978.6206417117651,1870.8482666808734,1309.3839164991305,3312.7862163610503
12493667,1621814015,0x60F9c8582bA286EB076F700dBB1376371eF77599,0.0,9.416693036311788e+17,0.0,0x5f98805A4E8be255a32880FDeC7F6728C6568bA0,491119594.0,1.7103497295106173e+17,1.43515185285575e+21,92669.0,2092.597131464456,1.0086732583400515,0.6262956860496466,1.0062925369811402,495.37920111462324,357.90729377749267,898.8294142697134,932.5212310950528,0.0,1970.5344835667368
