block,timestamp,user,totalCollateral,totalDebt,healthFactor,tokenAddress,USDT_debt,WBTC_collateral,WETH_collateral,ZRX_collateral,UNI_collateral,AAVE_collateral,MKR_collateral,TUSD_debt,USDC_collateral,USDC_debt,WETH_USD_price,USDT_USD_price,WBTC_USD_price,ZRX_USD_price,UNI_USD_price,AAVE_USD_price,MKR_USD_price,TUSD_USD_price,USDC_USD_price,USDT_debt (in USD),WBTC_collateral (in USD),WETH_collateral (in USD),ZRX_collateral (in USD),UNI_collateral (in USD),AAVE_collateral (in USD),MKR_collateral (in USD),TUSD_debt (in USD),USDC_collateral (in USD),USDC_debt (in USD),totalCollateral (in USD),totalDebt (in USD)
11845759,1613184976,0x9d02F545eda2b7C610C97E54b826684A77bbD678,1.3665806866480531e+19,9.566064625876945e+18,1.07,0x5f98805A4E8be255a32880FDeC7F6728C6568bA0,0.0,52950819.0,0.0,0.0,0.0,0.0,0.0,0.0,0.0,0.0,1858.8279574867656,0.9986509991821824,47791.65761021032,1.838575616987568,22.95429161247654,520.7327462140065,2726.2140169991053,0.994840590196064,0.9976457932741128,0.0,25306.074118282195,0.0,0.0,0.0,0.0,0.0,0.0,0.0,0.0,25402.383865028623,17781.668369705243
11850759,1613252568,0x9d02F545eda2b7C610C97E54b826684A77bbD678,2.944139131147029e+19,2.0637145161877275e+19,1.07,0x5f98805A4E8be255a32880FDeC7F6728C6568bA0,7920996681.0,111198230.0,5.000025914269524e+17,0.0,0.0,0.0,0.0,2.9296998050997064e+22,0.0,0.0,1798.5574086187949,0.9974301197872776,47408.48485352898,1.7917033339853436,21.89542725674268,497.1067463222523,2638.052965356776,0.9962484650831416,0.9960911026757888,7900.640668364458,52717.39602694232,899.2833651395415,0.0,0.0,0.0,0.0,29187.089339849615,0.0,0.0,52952.0324632899,37117.09032363589
11855759,1613318625,0x9d02F545eda2b7C610C97E54b826684A77bbD678,3.053720128390135e+19,2.073315994085468e+19,1.11,0x5f98805A4E8be255a32880FDeC7F6728C6568bA0,7923290921.0,111198370.0,5.00004989499496e+17,0.0,0.0,0.0,0.0,2.9313856752227747e+22,0.0,0.0,1793.9456031075722,0.9990553374704528,48291.53173169611,1.6986221825148398,20.86550182145493,464.1727486985909,2499.8924509694843,0.9977817483004862,0.9962726832363336,7915.80608495623,53699.39613367884,896.9817524444687,0.0,0.0,0.0,0.0,29248.831239667812,0.0,0.0,54782.077974465734,37194.161114422306
11860759,1613384214,0x9d02F545eda2b7C610C97E54b826684A77bbD678,3.055054762622313e+19,2.112502508028335e+19,1.09,0x5f98805A4E8be255a32880FDeC7F6728C6568bA0,7925470783.0,111198536.0,5.000083890212593e+17,0.0,0.0,0.0,0.0,2.9329552303959505e+22,0.0,0.0,1756.752425610267,0.9994898397275904,47452.68330230814,1.646035019753416,19.95825312518127,456.70235426038056,2374.272097322541,1.000979689587273,0.9996654998367576,7921.42752266637,52766.68912488311,878.3909502385793,0.0,0.0,0.0,0.0,29358.286160951073,0.0,0.0,53669.748646089465,37111.4390508655
11865759,1613451207,0x9d02F545eda2b7C610C97E54b826684A77bbD678,3.0486850782653088e+19,2.1076431477173424e+19,1.09,0x5f98805A4E8be255a32880FDeC7F6728C6568bA0,8996036439.0,111198667.0,5.000141638332159e+17,0.0,0.0,0.0,0.0,2.936027401923809e+22,0.0,0.0,1821.6724403298488,0.9997719860773558,49506.901487467934,1.626734167589035,20.82514014795778,461.3318519407817,2558.400168803156,0.9988084051787708,1.0001270901798576,8993.985217443293,55051.01452706752,910.8620220295431,0.0,0.0,0.0,0.0,29325.288468766896,0.0,0.0,55537.05586320761,38394.354362467355
11870759,1613517471,0x9d02F545eda2b7C610C97E54b826684A77bbD678,3.104949799734899e+19,2.201225906163674e+19,1.06,0x5f98805A4E8be255a32880FDeC7F6728C6568bA0,9485618020.0,111198800.0,5.0001853361568954e+17,0.0,0.0,0.0,0.0,2.938455774143902e+22,0.0,0.0,1778.0622359173174,1.0007236282841043,49169.52908123855,1.5567910110901904,20.1811572127785,428.1091166650185,2485.8343275939737,1.0002635986094954,1.0043395637850805,9492.482081491482,54675.92630398829,889.0640718808112,0.0,0.0,0.0,0.0,29392.3034700003,0.0,0.0,55207.939833276614,39139.166564725056
11875759,1613583605,0x9d02F545eda2b7C610C97E54b826684A77bbD678,3.1643280565747937e+19,2.1468995312921326e+19,1.11,0x5f98805A4E8be255a32880FDeC7F6728C6568bA0,9488652461.0,111198959.0,5.000239243098562e+17,0.0,0.0,0.0,0.0,2.9402774321709382e+22,0.0,0.0,1816.3961435206857,0.9996955981758956,51358.37570567498,1.59272517133105,20.830435635848705,433.38886503075815,2536.667022760958,1.00135115455407,1.000971718362118,9485.764097882578,57109.97914401949,908.2415277845021,0.0,0.0,0.0,0.0,29442.502014136455,0.0,0.0,57476.73278796761,38996.20029165397
11880759,1613650119,0x9d02F545eda2b7C610C97E54b826684A77bbD678,3.0557059660784538e+19,2.048144437221519e+19,1.12,0x5f98805A4E8be255a32880FDeC7F6728C6568bA0,9494529419.0,111199104.0,5.000262302605892e+17,0.0,0.0,0.0,0.0,2.941404875633521e+22,0.0,0.0,1904.893318138719,1.0007690281257633,51392.1081219176,1.5440714987704762,21.09174450962919,463.81021346773065,2617.234783246648,1.0019509409171783,0.9959037002170182,9501.830979164099,57147.56375828359,952.4966249174889,0.0,0.0,0.0,0.0,29471.433827593817,0.0,0.0,58207.93876979466,39014.96653046259
11885759,1613717093,0x9d02F545eda2b7C610C97E54b826684A77bbD678,3.364539644766391e+19,2.421637307926565e+19,1.15,0x5f98805A4E8be255a32880FDeC7F6728C6568bA0,9497401280.0,0.0,3.031205135522623e+19,0.0,0.0,0.0,0.0,2.9421065871659998e+22,6361099987.0,7361380697.0,1917.6973771593275,1.00387290886987,51652.230996752456,1.5566348470102809,20.74604874368304,429.88751448781466,2541.398304010599,1.003200491713028,1.001626747372595,9534.183849658026,0.0,58129.34138023618,0.0,0.0,0.0,0.0,29515.227749170695,6371.447889690667,7373.355803707516,64521.68852117084,46439.67513841948
11890759,1613782528,0x9d02F545eda2b7C610C97E54b826684A77bbD678,3.3545104359654535e+19,2.490963474128907e+19,1.11,0x5f98805A4E8be255a32880FDeC7F6728C6568bA0,9501906229.0,0.0,3.354510402436737e+19,0.0,0.0,0.0,0.0,2.9442425221676246e+22,0.0,9363743857.0,1945.3733416930324,1.0118245377811963,55755.24653412661,1.5433557894374856,19.988169100731668,416.9224523987645,2542.99738722803,1.0040482250208886,0.9974547370760528,9614.261878198195,0.0,65257.75111332394,0.0,0.0,0.0,0.0,29561.61478413428,0.0,9339.910666931439,65257.75176558266,48458.53937701438
11895759,1613850022,0x9d02F545eda2b7C610C97E54b826684A77bbD678,3.2951832937845506e+19,2.4470356929929757e+19,1.12,0x5f98805A4E8be255a32880FDeC7F6728C6568bA0,9506319149.0,0.0,0.0,0.0,8.806088008366796e+19,4.5599072628956605e+18,0.0,2.9481473466507075e+22,60815730111.0,9866239887.0,1992.6090212792872,1.0038348965682848,56818.058378114176,1.6026411310213131,30.157510607041186,483.3538258059503,2777.240668874792,1.0018996402970566,1.0049889882689231,9542.77489968152,0.0,0.0,0.0,2655.696925188598,2204.0486208409566,0.0,29537.477661520657,61119.13907508977,9915.462442054624,65660.11957963892,48759.853972502155
11900759,1613917234,0x9d02F545eda2b7C610C97E54b826684A77bbD678,3.340745902166713e+19,2.504265957920503e+19,1.1,0x5f98805A4E8be255a32880FDeC7F6728C6568bA0,9510575306.0,0.0,0.0,0.0,8.806099285507198e+19,4.559907353306676e+18,1.8056271257256545e+18,2.9519947057942223e+22,55827950148.0,9869233812.0,1949.6930866910973,1.0052865603039167,57291.57879018342,1.5851381573441954,30.472522411305192,441.784275310766,2669.157285257616,1.0037614052104993,1.0039316384142274,9560.853535880111,0.0,0.0,0.0,2683.4405783379675,2014.495365564823,4819.5027970894,29630.98354061963,56047.44546138945,9908.036070774251,65134.29189846053,48825.50025393463
11905759,1613982531,0x9d02F545eda2b7C610C97E54b826684A77bbD678,3.4586618765225755e+19,2.5982557488535142e+19,1.03,0x5f98805A4E8be255a32880FDeC7F6728C6568bA0,9514857448.0,51729627.0,5.672728797890137e+18,2.605899134767015e+20,8.806102697170118e+19,4.559907353306676e+18,1.8056271454055352e+18,2.9553254697939134e+22,15832385285.0,9871198376.0,1880.933094001152,1.0006462182077744,56124.11190850842,1.776674028154221,28.31527594320741,444.6229871534336,2571.1462944602285,1.000348723841791,1.0043355823769955,9521.006122127277,29032.793747333988,10670.023329244932,462.9833312730112,2493.4722785459494,2027.4396285701218,4642.531544086242,29563.560622454825,15901.027895627449,9913.995769718813,65055.11584511439,48871.45224697321
11910759,1614049279,0x9d02F545eda2b7C610C97E54b826684A77bbD678,2.702087297498667e+19,2.085369308692331e+19,1.01,0x5f98805A4E8be255a32880FDeC7F6728C6568bA0,9516875988.0,23114155.0,5.67276640347209e+18,2.605899907111554e+20,8.806107595587895e+19,4.5599079242309376e+18,1.8056271720416773e+18,1.5527282744826964e+22,15834912072.0,9872702400.0,1703.118089265865,1.0009358226630385,52283.98756595144,1.6423698594803584,24.58352472686642,377.2675355043838,2252.981377897368,0.9959039256479358,1.0024570861604944,9525.782096230898,12085.001926174742,9661.391077932978,427.9851464262682,2164.851638235812,1720.3052247015162,4068.0443940353857,15463.681840218629,15873.819815304756,9896.96048043372,46019.73755145494,35516.3019243376
11915759,1614115008,0x9d02F545eda2b7C610C97E54b826684A77bbD678,2.47106278671426e+19,1.952709082128778e+19,1.0,0x5f98805A4E8be255a32880FDeC7F6728C6568bA0,9517606631.0,11913002.0,5.672826055823645e+18,2.6059172298350202e+20,8.806117498594543e+19,4.55990920576378e+18,1.805627356579297e+18,1.5536912022147061e+22,15837126114.0,4936865850.0,1542.5650457861918,1.0126037968621586,48232.43041195888,1.4645824191637165,22.81997198439869,337.7613518876356,2042.4546580629408,1.0056449621070682,1.010051110395182,9637.564611591059,5745.930399625269,8750.703184538703,381.6580560612184,2009.5535460925055,1540.1610978236492,3687.91200517126,15624.617301772934,15996.306816914233,4986.486833664554,38117.75080728437,30121.807746810915
11920759,1614182063,0x9d02F545eda2b7C610C97E54b826684A77bbD678,2.415647050540772e+19,1.8316895969920367e+19,1.04,0x5f98805A4E8be255a32880FDeC7F6728C6568bA0,9520524774.0,11913013.0,5.672911945257988e+18,2.6059177774515693e+20,8.806124978150352e+19,4.5599095465715784e+18,1.805627388628672e+18,1.5542467046170526e+22,15839611593.0,4937621530.0,1625.338047194292,1.0150696009258968,49207.39659198755,1.5183615074579446,26.31474274143408,386.1506103572528,2349.807578939614,1.0016212135389604,1.002031093651926,9663.995282949294,5862.083552965034,9220.399623010791,395.6725244882822,2317.3091334894334,1760.8118545824789,4242.876922540597,15567.664704174624,15871.783327555517,4947.650301745197,39262.43059836589,29771.147926411366
11925759,1614248480,0x9d02F545eda2b7C610C97E54b826684A77bbD678,2.4408945103019266e+19,1.876283673211969e+19,1.02,0x5f98805A4E8be255a32880FDeC7F6728C6568bA0,9527948020.0,11913029.0,5.672952198045301e+18,2.605918316152205e+20,8.806131422885431e+19,4.5599095465715784e+18,1.8056274199337592e+18,1.5548626581748667e+22,15842782404.0,4939108965.0,1601.5682241995,1.0015629004920086,49329.91217878895,1.4496258675618834,24.364621422967183,361.4091329610765,2223.440298314826,1.0016991049076802,1.0025164745590749,9542.83925464829,5876.68674353366,9085.619977792063,377.7606599847543,2145.580583194989,1647.9929556073698,4014.7047692229476,15575.045329481403,15882.650362864624,4951.538107054922,39092.59086322565,30049.963106006086
11930759,1614314986,0x9d02F545eda2b7C610C97E54b826684A77bbD678,2.4872002995085677e+19,1.9788731752869323e+19,0.99,0x5f98805A4E8be255a32880FDeC7F6728C6568bA0,9533467357.0,11913061.0,5.672983557767584e+18,2.6059188620450103e+20,8.806136397411156e+19,4.559909568553943e+18,1.8056277113494246e+18,1.5558259268920763e+22,15845899532.0,4940516693.0,1520.5100547839115,1.0126999077373993,47714.847163268096,1.3499465334561356,23.12487513544917,336.3788957728881,2041.7588758955496,1.0030609003204842,0.9972970087849764,9654.541512851407,5684.298848616898,8625.828540209417,351.7851134285619,2036.4080461586716,1533.857345494402,3686.656406210655,15605.88154970318,15803.068204770856,4927.162519781143,37818.130636643335,30088.965601659467
11935759,1614381012,0x9d02F545eda2b7C610C97E54b826684A77bbD678,2.1792142917974417e+19,1.7392221825443918e+19,1.0,0x5f98805A4E8be255a32880FDeC7F6728C6568bA0,9534835628.0,0.0,5.673014106794011e+18,2.6059194079880738e+20,8.806138949146829e+19,4.559909619680965e+18,1.8056300330228122e+18,1.047556482833385e+22,15847799683.0,4940911674.0,1429.4841144301663,0.9959979319711976,46196.64488033257,1.285231543736158,22.643509118531927,318.21082724023233,1974.7160300987807,1.006854987197062,1.0006100974030474,9496.676567173296,0.0,8109.483546600277,334.92098235805275,1994.018875940654,1451.0126122193733,3565.6065706379377,10547.374691114072,15857.468384430613,4943.926111380994,31151.52212063628,24861.90481411771
11940759,1614447957,0x9d02F545eda2b7C610C97E54b826684A77bbD678,2.1612297269043737e+19,1.6890894599014087e+19,1.02,0x5f98805A4E8be255a32880FDeC7F6728C6568bA0,9535610459.0,0.0,5.673066633561176e+18,2.6059199967966573e+20,8.80614150157841e+19,4.5599098061193405e+18,1.8056473476665784e+18,1.0477836539635136e+22,15849776407.0,4941318156.0,1487.8370535941506,1.004571607573825,47177.46598284656,1.3752880988456866,23.6516858734979,339.73705056855925,2041.9247782099976,1.0027729396487568,1.0025639957567292,9579.203527995407,0.0,8440.598744920948,358.38907581384325,2082.8009255290567,1549.1703083896355,3686.9960599095484,10506.890948009084,15890.415166452653,4953.987674784633,32155.57669017494,25130.89885276647
11945759,1614514918,0x9d02F545eda2b7C610C97E54b826684A77bbD678,1.376561858688821e+19,1.0443313333543811e+19,1.04,0x5f98805A4E8be255a32880FDeC7F6728C6568bA0,6605900387.0,0.0,1.0920558573768247e+19,2.6059206313709922e+20,8.806155015205549e+19,4.5599098534621834e+18,9.028325619249034e+16,5.240401818115614e+21,0.0,2470953963.0,1378.4766640065395,1.0062535544200673,45055.9366142007,1.2510012110750666,22.18510612522685,319.0930561280844,1885.562722216264,0.9996416045957504,1.0040190060448455,6647.2107445636475,0.0,15053.735151856066,326.00098658106134,1953.6548356753376,1455.0355708098139,170.23474231686046,5238.523682187581,0.0,2480.884741913832,18975.583987640075,14395.863725198486
11950759,1614580759,0x9d02F545eda2b7C610C97E54b826684A77bbD678,1.387010334726615e+19,9.943274593879308e+18,1.1,0x5f98805A4E8be255a32880FDeC7F6728C6568bA0,6606952492.0,0.0,1.0920622113902565e+19,2.605921109414612e+20,8.806166435112255e+19,4.5599098534621834e+18,9.028410472058578e+16,5.240831713115015e+21,0.0,2471138690.0,1434.85052229308,1.0039812277849602,46276.94646640211,1.2359148783567533,22.583425765504256,364.856010113817,2138.4154367422248,0.997936905617787,1.002065590569062,6633.256274835063,0.0,15669.460343898456,322.06966709494554,1988.7340596603287,1663.7105156128923,193.06492322695217,5230.019382649564,0.0,2476.2430507729086,19901.525032083835,14267.11274433124
11955759,1614647346,0x9d02F545eda2b7C610C97E54b826684A77bbD678,9.609551754112223e+18,7.430507876644366e+18,1.06,0x5f98805A4E8be255a32880FDeC7F6728C6568bA0,6608645178.0,0.0,9.161141737623973e+18,2.6059214504229496e+20,3.1773622780542193e+18,1.967938694585042e+17,9.028496201909267e+16,3.6421469904794367e+21,0.0,1340724377.0,1554.0622277844886,0.9969788155583478,49160.7122504532,1.3234481867834682,25.10007440444972,380.8369903216903,2178.099705839222,1.0008551901772675,0.9955107542222984,6588.679242007826,0.0,14236.984337821374,344.88020184623986,79.75202958905277,74.94638495833634,196.64964921549108,3645.2617188098593,0.0,1334.7055357514912,14933.841407005983,11547.471624348134
11960759,1614713671,0x9d02F545eda2b7C610C97E54b826684A77bbD678,6.860776474989457e+18,5.595732386094727e+18,1.0,0x5f98805A4E8be255a32880FDeC7F6728C6568bA0,3304616363.0,0.0,6.399720412269454e+18,2.605922956344369e+20,3.177364467412818e+18,1.967938694585042e+17,9.028580614340627e+16,3.6430818227765295e+21,0.0,1340864329.0,1500.1853024902252,1.0036918354390514,47791.74872132654,1.336134407478537,25.266172758345217,394.35120773073584,2127.9772145928832,1.0042351458753995,1.003080059542928,3316.8164628013924,0.0,9600.76650253332,348.18633252099016,80.2798395498798,77.60590009496589,192.1261382743187,3658.5108057320044,0.0,1344.994270972308,10292.436031449879,8394.635482287867
11965759,1614780622,0x9d02F545eda2b7C610C97E54b826684A77bbD678,6.861496619458107e+18,5.147935344656079e+18,1.08,0x5f98805A4E8be255a32880FDeC7F6728C6568bA0,3305236624.0,0.0,6.399749968789939e+18,2.605923301492852e+20,3.177365301889493e+18,1.9679386955107126e+17,9.028661333882867e+16,3.6443808168089485e+21,0.0,1341131063.0,1609.9077574289468,1.000745419868861,51466.77518200171,1.4264129937329144,26.34712197217705,402.5975363162775,2295.5005685560227,0.9980051181279094,0.9932907620459236,3307.7004130508167,0.0,10303.007120360582,371.7122857920779,83.71443115904562,79.22872704340818,207.252972252279,3637.1107075825016,0.0,1332.1330955707297,11046.3766352381,8287.701046104481
11970759,1614846925,0x9d02F545eda2b7C610C97E54b826684A77bbD678,6.871510903320022e+18,5.242883835522743e+18,1.07,0x5f98805A4E8be255a32880FDeC7F6728C6568bA0,3306641673.0,0.0,6.399782101633934e+18,2.6059236393931804e+20,3.177365855254712e+18,1.9679387880658803e+17,9.02874102781359e+16,3.645335721435945e+21,0.0,1341471770.0,1567.4087736508948,1.004218182615721,50368.38788483472,1.4386141056315398,28.21511141504713,390.40772085616334,2184.5715790666463,1.0029935278863849,0.9989072880846488,3320.5896914214673,0.0,10031.074615554991,374.89185058297073,89.6497316123782,76.82984970332406,197.2393104411455,3656.248135573298,0.0,1340.0059278128138,10770.466478101587,8217.742123030803
11975759,1614913720,0x9d02F545eda2b7C610C97E54b826684A77bbD678,6.8628093124944e+18,5.631927918600263e+18,0.99,0x5f98805A4E8be255a32880FDeC7F6728C6568bA0,3307153577.0,0.0,6.399811005388603e+18,2.605923979264183e+20,3.177366422259325e+18,1.9679387880658803e+17,9.028821261877874e+16,3.646164393548118e+21,0.0,1341610522.0,1482.576254886087,1.0072800471145409,47403.28265722045,1.333172912255869,27.41668202140468,355.93577748230365,2085.6380742472884,1.006723953867103,1.0058902330973023,3331.2298108555824,0.0,9488.207832347798,347.4147260553034,87.11284486457214,70.04598225678114,188.30853389345938,3670.6810347222086,0.0,1349.5129207003733,10174.63812851531,8349.762601346772
11980759,1614979412,0x9d02F545eda2b7C610C97E54b826684A77bbD678,6.861105286159565e+18,5.387413254245596e+18,1.04,0x5f98805A4E8be255a32880FDeC7F6728C6568bA0,3307397921.0,0.0,6.399836034309594e+18,2.605924312360038e+20,3.1773682975935544e+18,1.9679387910420266e+17,9.028934419211616e+16,3.6471080367986814e+21,0.0,1341716024.0,1548.8869129967115,1.0036050375833687,49452.229800626905,1.3501157806775756,27.688541181111425,374.8152430964051,2132.422175611872,1.0022954955994106,1.002216271276474,3319.3212148083608,0.0,9912.622278866904,351.8299537368647,87.97669295547703,73.76134563632627,192.53499977672146,3655.4799572477277,0.0,1344.689630685176,10627.076186425107,8344.49388440603
11985759,1615045176,0x9d02F545eda2b7C610C97E54b826684A77bbD678,6.857850134049199e+18,5.375955701220464e+18,1.04,0x5f98805A4E8be255a32880FDeC7F6728C6568bA0,3307645223.0,0.0,6.399854789613426e+18,2.605924645024958e+20,3.177369841888036e+18,1.9679387910420266e+17,9.029141564990182e+16,3.647876675907268e+21,0.0,1341822346.0,1545.053557384343,1.0034435660607803,47776.44275302296,1.3350251161000768,28.09880882012856,360.8327399746968,2147.809424144393,1.0037526553283722,1.0038810839656018,3319.035317831025,0.0,9888.11840943545,347.8974851772496,89.28030773805403,71.00967460741867,193.92875345219767,3661.5658997523565,0.0,1347.0300711917469,10595.745745621409,8306.139480511318
11990759,1615112291,0x9d02F545eda2b7C610C97E54b826684A77bbD678,6.844901894143972e+18,4.953647245983501e+18,1.12,0x5f98805A4E8be255a32880FDeC7F6728C6568bA0,3308404552.0,0.0,6.399870997944802e+18,2.6059266592977066e+20,3.1773741896441416e+18,1.9679387910420266e+17,9.029354005914246e+16,3.648201189032116e+21,0.0,1342129007.0,1682.4998027732256,1.0019477000030246,50839.16005107333,1.4144749242878212,31.59366143799992,416.290058661501,2220.731387918708,1.0007097489485253,0.9993878780116638,3314.848331555937,0.0,10767.781691816217,368.6017914109738,100.38488440945636,81.92333547651286,200.51769853563292,3650.79049599004,0.0,1341.3074603236316,11516.546086899312,8334.510514375374
11995759,1615178660,0x9d02F545eda2b7C610C97E54b826684A77bbD678,6.839098641397762e+18,4.824015100043696e+18,1.15,0x5f98805A4E8be255a32880FDeC7F6728C6568bA0,3309303404.0,0.0,6.399878428829073e+18,2.6059269825554917e+20,3.1781340204600673e+18,1.9679387910420266e+17,9.029549708772918e+16,3.6489199472758615e+21,0.0,1343159363.0,1725.7623777374831,0.9994413318890992,50650.878213525866,1.4134879172473054,33.873009960015565,407.79003936909567,2203.0584118438737,1.0001523010785778,0.99998692653752,3307.4546017188895,0.0,11044.66941456689,368.34463030709173,107.65296532930817,80.25058370749986,198.9262544107458,3649.4756817194757,0.0,1343.1418032564632,11802.659132959792,8325.103769292931
12000759,1615244877,0x9d02F545eda2b7C610C97E54b826684A77bbD678,5.861803865683203e+18,4.647095705545865e+18,1.02,0x5f98805A4E8be255a32880FDeC7F6728C6568bA0,3310063952.0,0.0,5.443355932726785e+18,2.6059273015324462e+20,3.178637683264561e+18,1.9679389030125363e+17,9.029742170194107e+16,3.650061109837594e+21,0.0,1343934762.0,1792.6728318763555,1.0004799354127123,51735.55462703721,1.399148660953667,32.752677170181755,425.3927518566974,2194.3302853041587,1.004597796050193,1.0008979286167887,3311.652568908907,0.0,9758.156294832286,364.6079694481725,104.10889388093861,83.71469454383531,198.1423671254503,3666.8433463913684,0.0,1345.141519481897,10508.296535798076,8330.722218461357
12005759,1615312293,0x9d02F545eda2b7C610C97E54b826684A77bbD678,5.862731165828823e+18,4.545792531570473e+18,1.05,0x5f98805A4E8be255a32880FDeC7F6728C6568bA0,3311218197.0,0.0,5.44336310759829e+18,2.605927626080815e+20,3.17871093271975e+18,1.9679389030125363e+17,9.029936698988586e+16,3.651784057070084e+21,0.0,1344860658.0,1835.1489568546865,0.9959602975061452,53877.35036881788,1.4372645313607777,32.47630388272099,424.38205080627387,2262.507675686464,0.9994865309136128,1.0009027632522398,3297.841860591882,0.0,9989.382128690286,374.5407348259146,103.23278220633408,83.5157947521909,204.30301092424568,3649.9089788466167,0.0,1346.0747487814256,10758.984983290224,8342.206422389378
12010759,1615378806,0x9d02F545eda2b7C610C97E54b826684A77bbD678,5.857387219690387e+18,4.5732882916095457e+18,1.04,0x5f98805A4E8be255a32880FDeC7F6728C6568bA0,3312206741.0,0.0,5.443371146686393e+18,2.6059279438322742e+20,3.1787200729713254e+18,1.9679390371259824e+17,9.030128595571587e+16,3.653622368654423e+21,0.0,1345775489.0,1819.2481576898344,0.9967168765394896,54962.356390589775,1.4246268345117528,31.76348895930788,426.2162881735831,2200.571989376242,1.0020522311959237,1.006407180146781,3301.3323573425623,0.0,9902.842930231223,371.2474877587494,100.96723994255504,83.87676717557315,198.71448047880259,3661.1204464575003,0.0,1354.3981149951455,10656.04090829772,8319.946299095158
12015759,1615445309,0x9d02F545eda2b7C610C97E54b826684A77bbD678,5.853292375534367e+18,4.66004327871532e+18,1.02,0x5f98805A4E8be255a32880FDeC7F6728C6568bA0,3314360517.0,0.0,5.443376803022674e+18,2.6059282619824046e+20,3.1787885282697103e+18,1.9679391836259242e+17,9.03030207856751e+16,3.6559022668407814e+21,0.0,1347416844.0,1786.410573720006,1.0016401804024428,55451.82797220784,1.372831725950851,30.29317014883652,403.6948589641625,2192.124866917549,1.0020460062856074,0.9984554862815644,3319.7966661666137,0.0,9724.105877661907,357.75009936014055,96.29558175404395,79.44469311839165,197.95549742205068,3663.382265858304,0.0,1345.335740199991,10456.383390729285,8324.750587089893
12020759,1615512699,0x9d02F545eda2b7C610C97E54b826684A77bbD678,6.451115343488356e+18,4.595497612215078e+18,1.14,0x5f98805A4E8be255a32880FDeC7F6728C6568bA0,3315840826.0,0.0,6.043382131218641e+18,2.6059285836508103e+20,3.1792133045772385e+18,1.9679395130431008e+17,9.030475261648534e+16,3.6581114224520924e+21,0.0,1348676351.0,1815.276013183009,1.002303398042145,57625.94533607029,1.3583267228296638,30.73214928512486,403.59330783251056,2270.0951854775094,0.9991344237523642,1.0006948169708432,3323.4785272666727,0.0,10970.40662130001,353.97024329585525,97.70405788552281,79.42472176833651,205.00038414042092,3654.9450480936125,0.0,1349.6134342168498,11710.55494131128,8342.096584093822
12025759,1615579563,0x9d02F545eda2b7C610C97E54b826684A77bbD678,6.447560179984404e+18,5.153558450735935e+18,1.02,0x5f98805A4E8be255a32880FDeC7F6728C6568bA0,3316126021.0,0.0,6.043391632074589e+18,2.6059288879718937e+20,3.179372319957946e+18,1.9679395130431008e+17,9.03064552218216e+16,4.329596337088935e+21,0.0,1349238850.0,1752.452560599574,1.0010468506768768,56789.97623059428,1.319000338919459,30.55632645199147,369.8872240471848,2122.482260347069,0.9972770296883818,1.0013824807254703,3319.597509769693,0.0,10590.757140335152,343.7221086434936,97.14993852106046,72.79156835722812,191.67384920314325,4317.806974801751,0.0,1351.1041467041807,11299.043347033521,9031.366703191763
12030759,1615645759,0x9d02F545eda2b7C610C97E54b826684A77bbD678,6.437594775628132e+18,4.792213360401061e+18,1.09,0x5f98805A4E8be255a32880FDeC7F6728C6568bA0,3316398495.0,0.0,6.043410542399638e+18,2.6059291482304892e+20,3.1793738768592236e+18,1.9679395836069235e+17,9.03080767209505e+16,4.3320890402703907e+21,0.0,1349381770.0,1882.367246197912,0.998473056039976,60007.91563728666,1.381105358326777,32.731534975200546,394.6958333766681,2190.678076643955,1.001655314170372,1.003024530659683,3311.334540349027,0.0,11375.918060340236,359.90627100410626,104.06578724965662,77.67375539866678,197.83592381646656,4339.260008646063,0.0,1353.4630165349822,12117.917549937192,9020.705466410987
12035759,1615712443,0x9d02F545eda2b7C610C97E54b826684A77bbD678,6.430714868078564e+18,4.749355347084664e+18,1.1,0x5f98805A4E8be255a32880FDeC7F6728C6568bA0,3317146507.0,0.0,6.043458598221912e+18,2.605929415849992e+20,3.1793761478114176e+18,1.9679397358047072e+17,9.030966536303096e+16,4.334575343757681e+21,0.0,1349699705.0,1896.3286751422927,0.9990734203141144,60792.75860082579,1.364507946805768,33.08494989396375,394.1712155333412,2164.7948751305616,1.003786745312672,1.001094917176728,3314.0729064315074,0.0,11460.383836843455,355.5811396742227,105.18950054440425,77.57051977585037,195.5019007526454,4350.98927662308,0.0,1351.1775143904292,12194.749006001268,9006.338733117023
12040759,1615778848,0x9d02F545eda2b7C610C97E54b826684A77bbD678,6.425687938103088e+18,4.792222068175937e+18,1.09,0x5f98805A4E8be255a32880FDeC7F6728C6568bA0,3318426014.0,0.0,6.04352602078751e+18,2.605929681572883e+20,3.1793787332903444e+18,1.9679397358047072e+17,9.031122915083216e+16,4.3366900854141333e+21,0.0,1349887194.0,1888.9384579288856,1.0066959570011682,60240.45590210154,1.367053243483198,31.35966684018269,387.1070244663284,2085.4169755828057,1.0015303485861988,1.0016493909024562,3340.646051901302,0.0,11415.848722159453,356.24446234833465,99.70425783474725,76.18032954564127,188.33657035689413,4343.326732955129,0.0,1352.1136856571256,12137.729064932688,9052.212563513029
12045759,1615845540,0x9d02F545eda2b7C610C97E54b826684A77bbD678,6.437536974966244e+18,5.015212082158172e+18,1.05,0x5f98805A4E8be255a32880FDeC7F6728C6568bA0,3319788848.0,0.0,6.043608985523291e+18,2.6059299475075603e+20,3.1793812964035057e+18,1.9679397358047072e+17,9.031278199413126e+16,4.3382731033219417e+21,0.0,1350057529.0,1801.4783267516743,1.001726114010708,56737.85462145762,1.3685499087186357,30.054173645265923,375.661228002969,2045.2358803335103,1.0033158179020354,1.0032604044122948,3325.5191820431255,0.0,10887.430602781882,356.63451917886306,95.55367756662164,73.92786577882346,184.71094218713543,4352.6580269418555,0.0,1354.4592625244034,11597.083338064225,9034.795870071084
12050759,1615912597,0x9d02F545eda2b7C610C97E54b826684A77bbD678,6.435678114659755e+18,5.003073058322413e+18,1.05,0x5f98805A4E8be255a32880FDeC7F6728C6568bA0,3321308859.0,0.0,6.043686479027852e+18,2.605930213694741e+20,3.179382193755826e+18,1.9679397358047072e+17,9.031436750562248e+16,4.3416609126464535e+21,0.0,1350285833.0,1800.1071063194508,1.003476186201477,55943.5040981187,1.3583086622097529,29.31762908354225,374.4814365918433,2046.731710246806,1.0004369704819036,1.0009416152338724,3332.854347026499,0.0,10879.282979264817,353.9657582375679,93.21194787135217,73.69568993903192,184.84927986464126,4343.558090307715,0.0,1351.5572827104347,11584.90990818359,9006.067365721563
12055759,1615978434,0x9d02F545eda2b7C610C97E54b826684A77bbD678,6.44673560316138e+18,5.122520019356043e+18,1.02,0x5f98805A4E8be255a32880FDeC7F6728C6568bA0,3322779471.0,0.0,6.043757375827687e+18,2.605930474799921e+20,3.1793827028433485e+18,1.9679397358047072e+17,9.031594658773397e+16,4.3486006393827696e+21,0.0,1350687543.0,1766.41172541848,1.0030261619353666,55057.18892103553,1.3682392404913364,30.404004517163795,367.5413587121829,2062.6966895022106,1.0046610015936552,1.0028007791386726,3332.8347397547577,0.0,10675.763894246451,356.5536333613471,96.6659660590416,72.32992443613563,186.29440403577732,4368.869473893103,0.0,1354.4705204932993,11387.58936009704,9048.479425881414
12060759,1616045477,0x9d02F545eda2b7C610C97E54b826684A77bbD678,6.469850181220082e+18,4.920198918720676e+18,1.07,0x5f98805A4E8be255a32880FDeC7F6728C6568bA0,3325132924.0,0.0,6.043830135973456e+18,2.605930741306133e+20,3.179383220806573e+18,1.9679397577351798e+17,9.031804150237883e+16,4.3552372570287196e+21,0.0,1351270351.0,1830.0506783201408,1.0031295566993377,59029.2498370434,1.6150100603551656,30.864126114405646,376.14002080511176,2132.126586289977,1.004862781647702,1.0032363364624244,3335.5391160184927,0.0,11060.515439989933,420.86043637982,98.12888469299929,74.02209014177171,192.56949750886344,4376.415824833587,0.0,1355.6435165075343,11840.153712771496,9004.213368674797
12065759,1616111508,0x9d02F545eda2b7C610C97E54b826684A77bbD678,6.4682581532765e+18,5.081405705253964e+18,1.04,0x5f98805A4E8be255a32880FDeC7F6728C6568bA0,3327589757.0,0.0,6.04390014568968e+18,2.605931003292073e+20,3.179383796168866e+18,1.9679397577351798e+17,9.031980939679541e+16,4.3621167875598514e+21,0.0,1352008757.0,1765.755014653332,1.0038757839141883,57903.76626410912,1.5236724674220787,30.193059729974337,355.8153362345452,2133.05365088624,1.0031904257737307,0.9995674338803172,3340.4867758531987,0.0,10672.046990315555,397.0585321717726,95.99532486223912,70.02231465878725,192.65699918118378,4376.0337973869055,0.0,1351.4239238182074,11421.359270220279,8972.517605540237
12070759,1616177504,0x9d02F545eda2b7C610C97E54b826684A77bbD678,6.473475484658814e+18,4.982968343024154e+18,1.06,0x5f98805A4E8be255a32880FDeC7F6728C6568bA0,3328198688.0,0.0,6.043970787315814e+18,2.6059312601799233e+20,3.179384373342021e+18,1.9679397577351798e+17,9.032152247507098e+16,4.3690614007043085e+21,0.0,1352271156.0,1813.5727376709367,1.0037982025753258,58630.53113966023,1.5846105280837532,33.135596070347766,374.1734316175489,2098.3634199323265,1.0012614668533473,1.0014207486806397,3340.8398608279576,0.0,10961.180647155508,412.9386110343669,105.35079634743697,73.635077236838,189.5273787942844,4374.572826841536,0.0,1354.1923934607541,11740.118656958379,9036.975539585925
12075759,1616244239,0x9d02F545eda2b7C610C97E54b826684A77bbD678,6.475798679013616e+18,4.957605588935828e+18,1.06,0x5f98805A4E8be255a32880FDeC7F6728C6568bA0,3328767385.0,0.0,6.04403924390612e+18,2.605931493516454e+20,3.179384906925072e+18,1.9679397577351798e+17,9.032324325096182e+16,4.375621242327998e+21,0.0,1352592624.0,1841.666626646104,1.006170236102374,59242.14683018735,1.600744185893886,33.01524093712182,388.3620677558653,2166.0685011748988,1.0058480123969766,1.0054662928670064,3349.3066656953324,0.0,11131.105365641253,417.1429687084235,104.96815873397986,76.42731535330111,195.64633212986666,4401.209929597607,0.0,1359.9862914125365,11926.262308018302,9130.256761217319
12080759,1616311190,0x9d02F545eda2b7C610C97E54b826684A77bbD678,6.466699771830868e+18,5.09241972637977e+18,1.03,0x5f98805A4E8be255a32880FDeC7F6728C6568bA0,3329481590.0,0.0,6.044089650694163e+18,2.6059317245959982e+20,3.179387632404877e+18,1.9679397577351798e+17,9.03249021182775e+16,4.3821529287471745e+21,0.0,1352724629.0,1781.375243026103,1.002094421442535,57411.49334186331,1.4789456553705802,32.53341978689706,366.91464683552783,2135.50977286495,1.000738344657054,1.002904155880315,3336.454927634621,0.0,10766.791670376868,385.4031402283615,103.43635251029662,72.20659212029977,192.8897112066516,4385.388467948508,0.0,1356.653152185757,11519.618877622057,9071.510427670684
12085759,1616377727,0x9d02F545eda2b7C610C97E54b826684A77bbD678,6.461156502235539e+18,5.134876989139333e+18,1.02,0x5f98805A4E8be255a32880FDeC7F6728C6568bA0,3329753573.0,0.0,6.044124177025314e+18,2.6059319505760272e+20,3.179388340558188e+18,1.9679397577351798e+17,9.032675445256954e+16,4.3883959624094135e+21,0.0,1352832992.0,1761.156798763352,0.9997915967520146,56720.778859558464,1.452426444492401,31.98036566294684,364.19877874427146,2057.737738355172,1.0020567330226418,1.0046965777090775,3329.0596415403957,0.0,10644.650386938081,378.49244775642865,101.67800171556063,71.672125640945,185.86877142019338,4397.421721301728,0.0,1359.186677274332,11379.10970178616,9043.323520236228
12090759,1616444481,0x9d02F545eda2b7C610C97E54b826684A77bbD678,6.474647305088271e+18,5.204969764434418e+18,1.01,0x5f98805A4E8be255a32880FDeC7F6728C6568bA0,3330012649.0,0.0,6.044149909211265e+18,2.6059321702268545e+20,3.179389040880764e+18,1.9679397577351798e+17,9.032894306333277e+16,4.3945472043227357e+21,0.0,1352943500.0,1745.8876314835018,0.9980345002207464,55802.96516422172,1.4597312616113411,35.09302727942416,359.68715123567216,2018.1794009740167,0.9984549606171034,0.9971624658178512,3323.4675098734783,0.0,10552.40656932408,380.39606545188263,111.57438634353086,70.78426452631857,182.30001220217298,4387.757455822059,0.0,1349.104476572234,11304.006648171598,9087.292333971645
12095759,1616510592,0x9d02F545eda2b7C610C97E54b826684A77bbD678,6.474895170300002e+18,5.331376403247792e+18,0.99,0x5f98805A4E8be255a32880FDeC7F6728C6568bA0,3330271897.0,0.0,6.044177859916703e+18,2.6059324026930194e+20,3.179390401968255e+18,1.967939876110998e+17,9.033165872154077e+16,4.40016352712295e+21,0.0,1353053673.0,1705.4877648992338,1.0002601076188888,55250.36943257057,1.4584942430410055,33.39194580670646,343.40698434517327,1955.121259402073,1.000500032070453,1.0017790043490091,3331.1381260933813,0.0,10308.27138896277,380.0737407081784,106.16603200088663,67.58042982278917,176.60934636353704,4402.3637500017485,0.0,1355.4607613687097,11042.854491951795,9092.597225811593
12100759,1616577793,0x9d02F545eda2b7C610C97E54b826684A77bbD678,6.486956651228238e+18,5.316279704998331e+18,0.99,0x5f98805A4E8be255a32880FDeC7F6728C6568bA0,3330574329.0,0.0,6.044218361060116e+18,2.6059326516732874e+20,3.1793985680189967e+18,1.967939876110998e+17,9.033415728366331e+16,4.4055479310820526e+21,0.0,1353192009.0,1715.222772586649,1.00308164140021,56496.47809771432,1.5434289187173535,31.686898794344323,347.0967414686602,2056.7375656272784,1.001108271167101,1.002087433035227,3340.837964738723,0.0,10367.180975376665,402.20718148223483,100.74528065170121,68.30655184043663,185.79365474459337,4410.430472829353,0.0,1356.0167067025918,11126.575772969101,9118.60401545337
12105759,1616644320,0x9d02F545eda2b7C610C97E54b826684A77bbD678,6.460997598162792e+18,5.794855197128751e+18,0.91,0x5f98805A4E8be255a32880FDeC7F6728C6568bA0,3331085740.0,0.0,6.044263420813583e+18,2.6059334488140212e+20,3.179399258165048e+18,1.967939878327891e+17,9.033689504972494e+16,4.4106046869958615e+21,0.0,1353430925.0,1572.066364607879,1.0009525664848038,52226.681404247385,1.300050436197855,26.683417660969862,303.3364527095345,1843.395817551136,0.998682183176364,1.003332989014468,3334.258820633932,0.0,9501.983222690793,338.7844916833249,84.83723831659572,59.69479018376154,166.5266545052189,4404.792317936931,0.0,1357.941895404866,10157.117005884018,9109.896943179268
12110759,1616710082,0x9d02F545eda2b7C610C97E54b826684A77bbD678,6.462501915547376e+18,5.639948633239002e+18,0.93,0x5f98805A4E8be255a32880FDeC7F6728C6568bA0,3331551932.0,0.0,6.044282888717334e+18,2.6059359049542618e+20,3.1793999116653076e+18,1.967939964743044e+17,9.033932238666608e+16,4.414964849401821e+21,0.0,1353540189.0,1608.6032888439515,1.0026029967370915,52457.21967465995,1.3474904611347642,27.273121974075007,330.21066047000073,1916.913089917288,1.0001163793235388,1.0011937471948027,3340.2239508084467,0.0,9722.853333493922,351.1473774254457,86.71216159521124,64.98347555231105,173.1726296172581,4415.478660024442,0.0,1355.1559738036715,10395.601835509844,9072.439920339208
12115759,1616776794,0x9d02F545eda2b7C610C97E54b826684A77bbD678,6.466541253854282e+18,5.515664672476961e+18,0.95,0x5f98805A4E8be255a32880FDeC7F6728C6568bA0,3331829913.0,0.0,6.044306056987594e+18,2.605939045058582e+20,3.1794005830361876e+18,1.9679399674972624e+17,9.0341671990922e+16,4.419684518183907e+21,0.0,1353652159.0,1641.1216950135995,0.999702172768026,53836.4658464668,1.389036982920178,28.240703956578347,357.5534079118874,1965.355855811251,1.0004788969168912,0.9993661064284804,3330.837603319603,0.0,9919.441801424446,361.97457088220625,89.78851062489757,70.36436419446551,177.55353407113782,4421.801091473297,0.0,1352.7940875983363,10612.381143400706,9051.87695642202
12120759,1616843737,0x9d02F545eda2b7C610C97E54b826684A77bbD678,6.459938796456026e+18,5.405747867395682e+18,0.97,0x5f98805A4E8be255a32880FDeC7F6728C6568bA0,3332096920.0,0.0,6.044329213877459e+18,2.6059394355751793e+20,3.1794011983960817e+18,1.9679399674972624e+17,9.034332926179069e+16,4.422619402608642e+21,0.0,1353790710.0,1678.832573315611,0.997901885012687,54518.138892430434,1.3719069916079163,28.31545613396534,347.72510108592263,1976.5993775803968,0.9963969740990288,0.9971718662245252,3325.1057975129684,0.0,10147.416768100618,357.51065313723757,90.02619516546109,68.43021241290128,178.57256838739633,4406.684590350906,0.0,1349.962008768125,10845.15567311562,9075.34560291527
12125759,1616909724,0x9d02F545eda2b7C610C97E54b826684A77bbD678,6.467640058042921e+18,5.314663492901996e+18,0.99,0x5f98805A4E8be255a32880FDeC7F6728C6568bA0,3332815788.0,0.0,6.044344809641378e+18,2.6059398068787554e+20,3.1794020704285624e+18,1.9679399674972624e+17,9.034439017416986e+16,4.425596956727663e+21,0.0,1354122840.0,1713.1467618898384,1.0003626206488117,56246.63842791292,1.4499116394485163,28.700615859759687,354.15605859754027,2102.229430092744,0.9996390144972804,0.9995388159569586,3334.0243358234143,0.0,10354.849738382778,377.83824576957267,91.25079748709479,69.6957862445402,189.9246358679216,4423.999380385405,0.0,1353.498340153874,11080.016622505236,9104.79855339919
12130759,1616975940,0x9d02F545eda2b7C610C97E54b826684A77bbD678,6.471202693592574e+18,5.428089143117549e+18,0.97,0x5f98805A4E8be255a32880FDeC7F6728C6568bA0,3333160003.0,0.0,6.044360341091964e+18,2.6059401821023863e+20,3.179402434388944e+18,1.9679399674972624e+17,9.034545468945632e+16,4.428602799409139e+21,0.0,1354372227.0,1684.8571794340278,0.9997194935107744,55816.97624281199,1.466052194484128,27.83129719245233,346.65758382102103,2065.5938583802663,1.001406151151785,1.0005066652617398,3332.2250299895313,0.0,10183.883915775104,382.0444322665572,88.48689404588512,68.22013142374198,186.6170163391136,4434.830084336327,0.0,1355.0584403588862,10903.052317872269,9145.554963389503
12135759,1617042459,0x9d02F545eda2b7C610C97E54b826684A77bbD678,6.463657177917742e+18,5.0062836605885e+18,1.05,0x5f98805A4E8be255a32880FDeC7F6728C6568bA0,3333429528.0,0.0,6.044373699627085e+18,2.6059405587051538e+20,3.179402805245073e+18,1.9679399718755354e+17,9.034652321138341e+16,4.4311766705276306e+21,0.0,1354564194.0,1835.4741382878503,0.999925555648186,57866.54433094778,1.552722803403522,29.218918141052622,361.5712061927256,2113.471559309373,0.9989398308710176,0.9982859160162424,3333.1813729994706,0.0,11094.29160781277,404.6303329815607,92.89871030388886,71.15504293459158,190.94480728974295,4426.47887381647,0.0,1352.2423572100931,11863.875588826646,9188.904187943222
12140759,1617109516,0x9d02F545eda2b7C610C97E54b826684A77bbD678,6.481251443494808e+18,4.973679228639393e+18,1.06,0x5f98805A4E8be255a32880FDeC7F6728C6568bA0,3333995990.0,0.0,6.044385802447294e+18,2.6059409368288923e+20,3.179407918478286e+18,1.9679400178718176e+17,9.034756831204136e+16,4.4338574250857333e+21,0.0,1354767291.0,1839.5505193051924,1.0001756976452034,59249.668461691246,1.696934653292529,28.65116287994308,370.00236674466,2136.453859819103,1.000489913058453,0.9993713452364468,3334.5817652445608,0.0,11118.953041772853,442.2111480138545,91.09373413410215,72.8142464224101,193.02341104553082,4436.029629737602,0.0,1353.9156100890066,11922.589458628401,9149.334207901044
12145759,1617175472,0x9d02F545eda2b7C610C97E54b826684A77bbD678,6.506009381487661e+18,4.932732643399825e+18,1.07,0x5f98805A4E8be255a32880FDeC7F6728C6568bA0,3335319083.0,0.0,6.044400977085385e+18,2.6059413857645773e+20,3.179408245731053e+18,1.9679400178718176e+17,9.034857599547043e+16,4.4363915598620425e+21,0.0,1355036625.0,1848.2269015388888,1.0085830932087696,59247.620621701695,1.906477923661389,28.70368660444071,390.2174721497403,2139.065837203153,1.0017265569055676,0.9912140068881408,3363.946437570377,0.0,11171.424489537152,496.8169722315734,91.26073787303875,76.79245791162553,193.26155235186366,4444.051242345524,0.0,1343.1312825464329,12024.581560529881,9116.809169630593
12150759,1617242012,0x9d02F545eda2b7C610C97E54b826684A77bbD678,6.479324419098974e+18,4.75040170033845e+18,1.11,0x5f98805A4E8be255a32880FDeC7F6728C6568bA0,3336713824.0,0.0,6.044420870085222e+18,2.6059420585768813e+20,3.179408428559811e+18,1.9679400178718176e+17,9.034908849750323e+16,4.439467224544557e+21,0.0,1355435927.0,1935.256803742424,1.000511756964303,59173.60274537823,1.888613700041136,28.7631553788286,381.8887881533232,2124.778225466453,1.0015621922874292,1.0011178768221431,3338.421410537318,0.0,11697.506613515128,492.16178733416984,91.44981864342311,75.15342285834977,191.97177593023642,4446.402526003035,0.0,1356.9511374066933,12539.156665715718,9193.247211089565
12155759,1617308805,0x9d02F545eda2b7C610C97E54b826684A77bbD678,6.485275956700095e+18,4.648381740847447e+18,1.13,0x5f98805A4E8be255a32880FDeC7F6728C6568bA0,3338805892.0,0.0,6.044435302594122e+18,2.6059427356281674e+20,3.179408623172601e+18,1.9679400178718176e+17,9.034913181198642e+16,4.444783025472997e+21,0.0,1355604284.0,1968.197317617417,1.0013396836480617,59037.01008707046,1.916224683542305,29.09763986174682,385.7944957200107,2259.52371903459,1.0011056831477056,1.0009751475624895,3343.2788356575643,0.0,11896.64134907777,499.3571793908453,92.51328709040864,75.92204268020866,204.14600632336595,4449.697547159471,0.0,1356.926198213243,12764.302741985855,9148.932473597724
12160759,1617375713,0x9d02F545eda2b7C610C97E54b826684A77bbD678,6.486128573677583e+18,4.447327580057921e+18,1.19,0x5f98805A4E8be255a32880FDeC7F6728C6568bA0,3340513260.0,0.0,6.044453488751919e+18,2.605943721497568e+20,3.179408828411315e+18,1.9679400178718176e+17,9.03491750416885e+16,4.450353993668291e+21,0.0,1355866698.0,2052.4088417934654,1.0027190298487798,59379.46140372506,1.9843816409495592,29.53949225279753,407.72659106885794,2432.1159362473377,1.0039336593696615,1.0028449839696705,3349.596215264185,0.0,12405.689784123797,517.1186878287544,93.91812245533211,80.23814749148636,219.7396684456908,4467.860170353794,0.0,1359.7241170208201,13312.187633625112,9127.734447662813
12165759,1617441514,0x9d02F545eda2b7C610C97E54b826684A77bbD678,6.47218486420952e+18,4.371228494622912e+18,1.2,0x5f98805A4E8be255a32880FDeC7F6728C6568bA0,3342017919.0,0.0,6.044472528729595e+18,2.6059448568010333e+20,3.1794090360909445e+18,1.9679400178718176e+17,9.034924847471672e+16,4.4555109502206267e+21,0.0,1356248044.0,2093.071072504323,1.0004408075386957,59236.22547727828,1.870086375527091,31.50222254026017,411.5173388153093,2424.010279158768,1.0009304646756865,0.9957553138296024,3343.491105693151,0.0,12651.510598430972,487.3341972078508,100.15845100145101,80.98414391027626,219.00750701698294,4459.656645771942,0.0,1350.4911966840043,13546.742915177267,9149.291913401836
12170759,1617507699,0x9d02F545eda2b7C610C97E54b826684A77bbD678,6.462222539247725e+18,4.5712732635059415e+18,1.15,0x5f98805A4E8be255a32880FDeC7F6728C6568bA0,3343539162.0,0.0,6.044497232671004e+18,2.605945775555087e+20,3.1794092477869087e+18,1.9679400178718176e+17,9.034929078503603e+16,4.4601960408436404e+21,0.0,1357102852.0,2009.0531572260088,1.0041122689781603,57178.0464538514,1.7575397751133626,29.891905926774434,384.82325316189656,2281.3171394102487,1.000866451513309,0.9987954788441624,3357.288694373157,0.0,12143.716249141553,458.00533523267046,95.03860213756293,75.73090797049137,206.11538560146315,4464.0605844528845,0.0,1355.4681929041185,12982.948595172717,9183.930982589452
12175759,1617573573,0x9d02F545eda2b7C610C97E54b826684A77bbD678,6.465187271838967e+18,4.436365344446179e+18,1.19,0x5f98805A4E8be255a32880FDeC7F6728C6568bA0,3344912387.0,0.0,6.044524091991328e+18,2.6059461016439305e+20,3.1794093591626865e+18,1.9679400178718176e+17,9.034930179755918e+16,4.4645873800818254e+21,0.0,1357810137.0,2062.130359809116,1.0011208562916185,58099.6658744361,1.8319456469210167,31.0943513895876,404.9903132657101,2276.4985075968134,1.0006077774404267,0.9996163554738566,3348.6615530938816,0.0,12464.596640692946,477.39516170173914,98.86167182514811,79.69966443260346,205.68005070455757,4467.300855572253,0.0,1357.2892205733979,13332.058955110604,9148.36366398749
12180759,1617640599,0x9d02F545eda2b7C610C97E54b826684A77bbD678,6.45466769591722e+18,4.34116046309688e+18,1.21,0x5f98805A4E8be255a32880FDeC7F6728C6568bA0,3346184225.0,0.0,6.044550840379518e+18,2.6059464382445853e+20,3.1794094531695084e+18,1.9679400178718176e+17,9.034930487677814e+16,4.4690869650497927e+21,0.0,1358402705.0,2110.956120191004,1.001540431025741,58998.03238707057,1.8113405603792032,30.729170862309964,401.4503163132093,2341.591329634897,1.0009390969560374,0.9989949635050726,3351.338790998035,0.0,12759.781590304821,472.0256481768136,97.7006163276893,79.0030142660064,211.56114893800364,4473.283871014937,0.0,1357.0374607066667,13625.520276495623,9163.999248305574
12185759,1617706530,0x9d02F545eda2b7C610C97E54b826684A77bbD678,6.449296488852282e+18,4.344409888463275e+18,1.21,0x5f98805A4E8be255a32880FDeC7F6728C6568bA0,3346795684.0,0.0,6.044579940264255e+18,2.6059467813140896e+20,3.17940954619962e+18,1.9679400178718176e+17,9.03493077124801e+16,4.473521060426943e+21,0.0,1358804536.0,2128.504201580192,1.0004632211406623,58638.2584893856,1.8096217698787849,30.997182573867967,398.50560444253375,2243.0930089126314,1.0000562814691374,0.999057523200427,3348.3459905143063,0.0,12865.913799639813,471.57780266115253,98.55273818064832,78.42351263286594,202.66190048996017,4473.772836764441,0.0,1357.5238942496655,13727.354673758462,9247.094700980613
12190759,1617772515,0x9d02F545eda2b7C610C97E54b826684A77bbD678,6.45489806496675e+18,5.094894746381247e+18,1.03,0x5f98805A4E8be255a32880FDeC7F6728C6568bA0,4847434585.0,0.0,6.044608508362189e+18,2.605947123809716e+20,3.1794096397929615e+18,1.9679400178718176e+17,9.03493104800754e+16,4.4777439283367043e+21,0.0,1359161944.0,2094.7326351066667,1.001095965231722,57693.07865029601,1.811095248581944,30.46473551927752,378.10740464947145,2310.595391233759,1.0017481957056469,1.0038929569813877,4852.747204768207,0.0,12661.838708909707,471.961845398756,96.85987378373399,74.40926926633475,208.7607003964102,4485.5719010432085,0.0,1364.4531029787313,13521.285632972726,10672.442297678303
12195759,1617839097,0x9d02F545eda2b7C610C97E54b826684A77bbD678,6.448081691213883e+18,5.36587611470377e+18,0.98,0x5f98805A4E8be255a32880FDeC7F6728C6568bA0,4848200473.0,0.0,6.044640728200628e+18,2.605947471725115e+20,3.1794105768931297e+18,1.9679401038294992e+17,9.034940567634427e+16,4.481418182156237e+21,0.0,1359541591.0,2009.956511149504,0.9976200395617588,56539.79644165765,1.7232822499093827,28.616200276208147,350.2759946174007,2108.174903782304,1.0009987439302777,0.998614824789892,4836.661947677598,0.0,12149.464989206332,449.0783022220124,90.98264982866827,68.93221772163487,190.47234961851544,4485.893971364701,0.0,1357.658387691036,12960.36377967925,10785.177634770444
12200759,1617905913,0x9d02F545eda2b7C610C97E54b826684A77bbD678,6.45327561438472e+18,5.202196926692975e+18,1.01,0x5f98805A4E8be255a32880FDeC7F6728C6568bA0,4848590928.0,0.0,6.044676196151422e+18,2.6059478213930464e+20,3.179413671704897e+18,1.9679401038294992e+17,9.034940787247512e+16,4.4841438907569395e+21,0.0,1359897494.0,2064.473785458331,1.001106202350054,57948.59661274421,1.8165646093054608,29.734757534427853,365.727113299024,2201.8146924274924,1.0011173982162145,1.0019743768298426,4853.954450679004,0.0,12479.07554853859,473.3872586039276,94.53909462979011,71.97290533189442,198.93265370573988,4489.154465141721,0.0,1362.5824441031145,13322.618336234758,10739.79918194954
12205759,1617972878,0x9d02F545eda2b7C610C97E54b826684A77bbD678,6.481125860680472e+18,5.147022966719564e+18,1.02,0x5f98805A4E8be255a32880FDeC7F6728C6568bA0,4849119154.0,0.0,6.044712225259704e+18,2.605948170487629e+20,3.179416827748247e+18,1.9679401038294992e+17,9.034940947031165e+16,4.486409418082107e+21,0.0,1360187711.0,2084.9314928714466,1.0009901012064286,58490.01973174695,2.0983449732698687,30.16828726404089,368.02810443556695,2244.308094297505,1.000347385693995,1.0002690180699327,4853.920272724492,0.0,12602.810883789,546.8178244144527,95.91756019163473,72.42572660551033,202.77191098922006,4487.967932531354,0.0,1360.5536260727595,13512.703416196275,10731.190277846243
12210759,1618039290,0x9d02F545eda2b7C610C97E54b826684A77bbD678,6.485537416030531e+18,4.921212146752638e+18,1.07,0x5f98805A4E8be255a32880FDeC7F6728C6568bA0,4849802300.0,0.0,6.044747231025613e+18,2.6059485142969542e+20,3.179424314595209e+18,1.9679401038294992e+17,9.034941110051896e+16,4.488754704587103e+21,0.0,1360617498.0,2170.1060113870417,0.9996018534089146,60529.94144822107,2.2381274327330343,30.606313547142,366.5170184315952,2313.584177145201,0.999043234377322,0.9997300198213536,4847.871367746817,0.0,13117.742303363857,583.2444858137908,97.31045747190802,72.1283539307552,209.03096793654765,4484.460018397121,0.0,1360.2501582448206,14074.303733603436,10679.552062978828
12215759,1618105567,0x9d02F545eda2b7C610C97E54b826684A77bbD678,8.770473887306976e+18,6.991852781125162e+18,1.02,0x5f98805A4E8be255a32880FDeC7F6728C6568bA0,9017673235.0,0.0,8.344785215662787e+18,2.6059488715318932e+20,3.1794305358004393e+18,1.9679401038294992e+17,9.034941280583704e+16,4.4922719838890843e+21,0.0,1361311005.0,2132.6488126949694,0.9985554439543556,60420.55382223462,2.0927161181993843,29.506350093453428,366.09975842235554,2239.7097193165887,1.002302446897288,0.9995600292603364,9004.646700610736,0.0,17796.496282377775,545.3511206658291,93.81339048714396,72.04623966016449,202.3564579957799,4502.615201580164,0.0,1360.712067990218,18704.340722537454,14911.166532204596
12220759,1618171316,0x9d02F545eda2b7C610C97E54b826684A77bbD678,8.779711845288527e+18,6.920879755128813e+18,1.04,0x5f98805A4E8be255a32880FDeC7F6728C6568bA0,9020716817.0,0.0,8.344818617221117e+18,2.6059492676270627e+20,3.179433622817495e+18,1.9679407425015872e+17,9.034941451362699e+16,4.494872400364091e+21,0.0,1361904882.0,2143.97789845863,1.0005833880550183,59681.99603381868,2.147860367854372,30.260875427253712,371.3109323867348,2300.5873570354133,1.0006519920345351,1.0010402245947716,9025.97939543874,0.0,17891.10668196818,559.7215152575294,96.21244478930218,73.07179119801076,207.85672074560213,4497.80302136538,0.0,1363.321568953996,18823.508151134036,14838.21323288595
12225759,1618237562,0x9d02F545eda2b7C610C97E54b826684A77bbD678,8.78617884672649e+18,6.915542940793022e+18,1.04,0x5f98805A4E8be255a32880FDeC7F6728C6568bA0,9023323428.0,0.0,8.344853431359246e+18,2.6059496822331998e+20,3.179436810706132e+18,1.9679407425015872e+17,9.034941622888402e+16,4.497322091568218e+21,0.0,1362305581.0,2142.098208630917,1.0006089791335508,60119.77905337407,2.0870489264032144,33.53682679697591,379.47530062801104,2409.425977467235,0.9973448980836462,1.0005991758272783,9028.818443682932,0.0,17875.4955866022,543.8744486565597,106.62822163258103,74.6784904878901,217.69023051087294,4485.381243064436,0.0,1363.1218415735016,18820.857968283668,14813.772145182917
12230759,1618303946,0x9d02F545eda2b7C610C97E54b826684A77bbD678,8.791421780888841e+18,6.794176997428686e+18,1.06,0x5f98805A4E8be255a32880FDeC7F6728C6568bA0,9026264228.0,0.0,8.344884904584558e+18,2.6059500375361372e+20,3.1794399390431355e+18,1.9679408125637334e+17,9.034941800021955e+16,4.500063614934653e+21,0.0,1362742390.0,2201.2021989142927,0.9998239713557784,62669.05996100365,2.205663566527204,34.65546038466766,397.6034444270257,2499.7851427570845,1.0096251155558071,1.001697333349598,9024.67534694556,0.0,18368.779001658215,574.7849053983657,110.18495485293955,78.24600455038602,225.85413277369832,4543.377247236882,0.0,1365.0554181054576,19351.696955675525,14955.35734655293
12235759,1618370448,0x9d02F545eda2b7C610C97E54b826684A77bbD678,8.783182123793432e+18,6.438336214819821e+18,1.11,0x5f98805A4E8be255a32880FDeC7F6728C6568bA0,9028832190.0,0.0,8.344914753291248e+18,2.6059503500515436e+20,3.1794431458910705e+18,1.9679408125637334e+17,9.0349420124869e+16,4.503149070848238e+21,0.0,1363178480.0,2289.142931085188,1.00015910946209,63245.258999499645,2.2530969530609863,36.47613315664649,405.5454722211702,2600.994465523848,1.0046176603250232,1.001613794611657,9030.268762633052,0.0,19102.702618005154,587.1458793529345,115.9737915535097,79.80894861344727,234.99834170807318,4523.943083650359,0.0,1365.378370085751,20105.959271115527,14738.271834104558
12240759,1618437520,0x9d02F545eda2b7C610C97E54b826684A77bbD678,8.759369275160994e+18,6.216358007890497e+18,1.15,0x5f98805A4E8be255a32880FDeC7F6728C6568bA0,9032940539.0,0.0,8.344941545150455e+18,2.6059506658495323e+20,3.1794460505223265e+18,1.9679408125637334e+17,9.034948208016358e+16,4.506328057582018e+21,0.0,1363597457.0,2411.086092358533,1.0017127687334393,62612.64251467878,2.17421735202123,35.252407403224026,409.4765396710997,2623.990796322077,1.0018582602198287,0.9998532201141414,9048.411877126215,0.0,20120.372501057187,566.5903156201331,112.08312748958465,80.58255942061298,237.07620943081568,4514.701987748921,0.0,1363.3973083209044,21119.593437173316,14988.174337946371
12245759,1618504176,0x9d02F545eda2b7C610C97E54b826684A77bbD678,8.807386652744018e+18,6.045348874222362e+18,1.19,0x5f98805A4E8be255a32880FDeC7F6728C6568bA0,9038558811.0,0.0,8.344970900732258e+18,2.605950937733912e+20,3.179449080128212e+18,1.9679408125637334e+17,9.03495259065989e+16,4.509207862736993e+21,0.0,1364165631.0,2463.652425534353,1.0036864952486897,62643.59980247467,2.2275941687700875,38.35799092332923,470.6931441726792,3745.97242586542,1.0021419479621534,1.003608794740231,9071.879415111754,0.0,20559.107800602622,580.5001112997004,121.95727895674544,92.62962486113608,338.4468327361329,4518.866351329509,0.0,1369.0886247539568,21698.339489651687,14893.63841717929
12250759,1618571498,0x9d02F545eda2b7C610C97E54b826684A77bbD678,8.783265331825189e+18,6.30146851120194e+18,1.14,0x5f98805A4E8be255a32880FDeC7F6728C6568bA0,9046036176.0,0.0,8.345014747964409e+18,2.6059512101882118e+20,3.179452421935786e+18,1.967940815268976e+17,9.034970455669533e+16,4.512057074598017e+21,0.0,1364943891.0,2364.45922879399,0.9980507561829384,60685.43544541788,2.056520536977634,35.797757693086126,432.4115543979507,3375.3254213135738,0.9983320067920026,0.9983670084973718,9028.403245915017,0.0,19731.4471352464,535.9192182113776,113.81726739715309,85.09603468936282,304.9596545983846,4504.530994043491,0.0,1362.7149492244325,20767.672772780377,14899.565376266151
12255759,1618637769,0x9d02F545eda2b7C610C97E54b826684A77bbD678,8.782029456932204e+18,6.035841059727024e+18,1.19,0x5f98805A4E8be255a32880FDeC7F6728C6568bA0,9050683182.0,0.0,8.345043459750772e+18,2.6059514781191232e+20,3.179455561666883e+18,1.967940815268976e+17,9.034970831321621e+16,4.5145961877481844e+21,0.0,1365352547.0,2474.090151333792,0.9992203724477432,62173.04510697269,2.0988747446740263,37.16225218427797,453.27161653129554,3587.0474045596625,0.9986341827134736,0.9982757653191616,9043.627020024565,0.0,20646.389836221857,546.9565743270176,118.15572939136986,89.20117145748844,324.08868670764474,4508.430074233272,0.0,1362.9983587868915,21727.532588119215,14933.214920886749
12260759,1618704521,0x9d02F545eda2b7C610C97E54b826684A77bbD678,8.788963926634146e+18,6.429876970428014e+18,1.12,0x5f98805A4E8be255a32880FDeC7F6728C6568bA0,9055268025.0,0.0,8.345077243801647e+18,2.605951748027459e+20,3.179458751279555e+18,1.967940815268976e+17,9.03497120387472e+16,4.5167896614503464e+21,0.0,1365681568.0,2347.1285469042355,1.0013489927596375,60056.659514881016,2.048042548924257,34.8931536877038,426.52106670329607,3327.7357302055934,0.9985661289833212,0.9979920703533244,9067.483516002301,0.0,19586.96902504776,533.710006040378,110.94134285211233,83.93682157374778,300.6599649651255,4510.313167666358,0.0,1362.9393754916944,20628.828129914546,15091.74779037371
12265759,1618771150,0x9d02F545eda2b7C610C97E54b826684A77bbD678,8.766169265609736e+18,6.953917718022076e+18,1.03,0x5f98805A4E8be255a32880FDeC7F6728C6568bA0,9059730110.0,0.0,8.345196854613363e+18,2.6059520162155954e+20,3.179462385988638e+18,1.967940815268976e+17,9.034979476643117e+16,4.5176272119166843e+21,0.0,1365873532.0,2150.063565859211,0.9986303157783302,55333.040857662905,1.7445103251613836,30.890353067655653,375.7827027854273,3142.9934072283218,0.9972130278130602,0.9969442756026978,9047.321140615746,0.0,17942.703707027078,454.6110199163232,98.2147156685199,73.95181184835332,283.96880929532506,4505.03671052611,0.0,1361.6997989246383,18847.821150142292,14951.365125502092
12270759,1618838618,0x9d02F545eda2b7C610C97E54b826684A77bbD678,8.77304076009158e+18,6.736651922009541e+18,1.06,0x5f98805A4E8be255a32880FDeC7F6728C6568bA0,9065237660.0,0.0,8.345227458133032e+18,2.605952290445087e+20,3.1794657413818865e+18,1.967940815268976e+17,9.034981823183306e+16,4.5183201038521e+21,0.0,1366111446.0,2220.944818149614,0.9982318886431796,56632.99687141557,1.7590098493474555,31.238888906765865,376.4947460827346,3468.562976587654,0.9991218842348304,0.9981239208430804,9049.209310341079,0.0,18534.28967942043,458.3895745822469,99.32297707789672,74.09193775505427,313.38403446036034,4514.3524957368245,0.0,1363.54851279013,19484.439415540746,14961.732177864727
12275759,1618905017,0x9d02F545eda2b7C610C97E54b826684A77bbD678,8.746083802420746e+18,7.226761875033911e+18,0.99,0x5f98805A4E8be255a32880FDeC7F6728C6568bA0,9068861084.0,0.0,8.34526725102926e+18,2.6059525633027352e+20,3.179469193021014e+18,1.9679417767888918e+17,9.03500061293719e+16,4.519072336846634e+21,0.0,1366231546.0,2074.843393957863,0.988763039233252,54525.78341642689,1.5064755315934195,28.80651625399054,335.8566772336303,3301.984311801662,0.9968931389115288,0.9934461271437632,8966.954647800005,0.0,17315.12262661096,392.5803773108722,91.58943098782203,66.09463861415638,298.33430281037,4505.032206847299,0.0,1357.277438155336,18146.75420045455,14994.39913612065
12280759,1618971132,0x9d02F545eda2b7C610C97E54b826684A77bbD678,8.751082178425921e+18,6.472870176543646e+18,1.1,0x5f98805A4E8be255a32880FDeC7F6728C6568bA0,9070365172.0,0.0,8.345302050058685e+18,2.605952833294901e+20,3.179472408880529e+18,1.9679417767888918e+17,9.035001072979347e+16,4.5203908320685216e+21,0.0,1366342027.0,2313.697185537288,0.99009219963854,56022.52437581636,1.7121981947188725,32.34168184810602,359.97584189606346,3565.720837538602,1.0003055002696175,1.001531595453451,8980.497804670284,0.0,19308.501865679344,446.19077366900603,102.82948509284533,70.84114979020163,322.16291593106087,4521.771812686495,0.0,1368.434710236412,20247.354206629574,14976.261509817283
12285759,1619037401,0x9d02F545eda2b7C610C97E54b826684A77bbD678,8.762011916401881e+18,6.205761792112232e+18,1.15,0x5f98805A4E8be255a32880FDeC7F6728C6568bA0,9071336601.0,0.0,8.345337955185908e+18,2.6059530973269423e+20,3.1794756158194335e+18,1.9679417767888918e+17,9.035001545950763e+16,4.5221985506012504e+21,0.0,1366478400.0,2399.187609713365,0.9963260018210408,55058.82770566075,1.742251902984455,34.76334499427166,375.380968975937,4092.6968917109816,0.9996026735540404,0.9964660857589078,9038.008526847201,0.0,20022.0314209527,454.0226742906099,110.5292077336053,73.87278910592413,369.775227437166,4520.401761523217,0.0,1361.649382522095,21021.710425992253,14888.786800468275
12290759,1619104102,0x9d02F545eda2b7C610C97E54b826684A77bbD678,8.754242523293478e+18,6.511211850171954e+18,1.1,0x5f98805A4E8be255a32880FDeC7F6728C6568bA0,9073953133.0,0.0,8.345372932830671e+18,2.6059533637746852e+20,3.1794787664530166e+18,1.9679417767888918e+17,9.035004712964606e+16,4.523857683189534e+21,0.0,3225601762.0,2587.212073922133,0.9994037684649664,54686.32297003484,1.7114777187504338,37.23117705536587,405.4390154506588,4521.301227157427,0.9988414864744868,1.0001341101707728,9068.54295599469,0.0,21591.249613202475,446.00311182031174,118.37573689758852,79.78803764455084,408.4997789610001,4518.616732876061,0.0,3226.0343480031465,22649.081954307447,16845.88591462975
12295759,1619171270,0x9d02F545eda2b7C610C97E54b826684A77bbD678,8.724654763463536e+18,7.702722932852383e+18,0.93,0x5f98805A4E8be255a32880FDeC7F6728C6568bA0,9075666150.0,0.0,8.345446011616328e+18,2.6059536317011277e+20,3.179486636337886e+18,1.9679428869596067e+17,9.035017075712576e+16,4.5249552655694163e+21,0.0,3226170676.0,2189.003341112349,0.9980145133768872,48736.72979022202,1.3392319003354978,31.493904485929544,320.6303510236833,3581.889379687636,0.9999535479299008,0.9977726372126604,9057.646536263337,0.0,18268.20920250087,348.9976234369293,100.13444843911479,63.09822186404194,323.62431708791314,4524.745072030224,0.0,3218.9848234906717,19098.29842727345,16861.286235676576
12300759,1619238428,0x9d02F545eda2b7C610C97E54b826684A77bbD678,8.734804670110617e+18,7.326571929643145e+18,0.97,0x5f98805A4E8be255a32880FDeC7F6728C6568bA0,9076404173.0,0.0,8.345501594794035e+18,2.6059539027291324e+20,3.179489896170891e+18,1.9679428869596067e+17,9.035021246224266e+16,4.525308144791493e+21,0.0,3226467158.0,2310.245350829428,1.0060744759912577,50137.8584791906,1.431386580658531,32.00305852313944,332.8882747850269,3923.3193410595736,1.0041502675220826,0.9994006728749156,9131.53857223584,0.0,19280.156259712494,373.0127446181207,101.75340122088754,65.51051125154487,354.4727360219583,4544.089384212237,0.0,3224.5334487140167,20179.541879526227,16926.178737975468
12305759,1619304680,0x9d02F545eda2b7C610C97E54b826684A77bbD678,6.676706990362196e+18,5.416748293411346e+18,1.0,0x5f98805A4E8be255a32880FDeC7F6728C6568bA0,4538569393.0,0.0,6.285267849668719e+18,2.6059552709225965e+20,3.1794931539722644e+18,1.9679428869596067e+17,9.03502356610104e+16,4.525660795426054e+21,0.0,3226720973.0,2272.6757348882907,0.999961978982242,50448.09276839077,1.3427179018216635,30.939937599229985,327.2612908741401,4095.37512172326,0.996063305020802,0.9976099433632952,4538.396831972513,0.0,14284.375729215602,349.90627936142937,98.37331978108081,64.40315295529828,370.01810736793567,4507.844649295146,0.0,3219.008927123687,15173.989965955192,12310.512408433526
12310759,1619370958,0x9d02F545eda2b7C610C97E54b826684A77bbD678,6.67103044488629e+18,5.266230935498028e+18,1.03,0x5f98805A4E8be255a32880FDeC7F6728C6568bA0,4539111045.0,0.0,6.285292047470453e+18,2.60595783174725e+20,3.179495731273597e+18,1.9679428869596067e+17,9.035024029532182e+16,4.5260176267452193e+21,0.0,3227097978.0,2337.7376660572004,0.998960830961072,50221.72305897528,1.4234532627709882,34.36381308028848,351.8541497389703,3927.422331521052,0.9973236269134664,0.9999226168991088,4534.39414133778,0.0,14693.363961541458,370.9459178244233,109.25959699906102,69.2428871226027,354.84355139414015,4513.904314979822,0.0,3226.848255151582,15595.119142425005,12311.066416069387
12315759,1619438099,0x9d02F545eda2b7C610C97E54b826684A77bbD678,6.669062936412231e+18,4.918692920132788e+18,1.1,0x5f98805A4E8be255a32880FDeC7F6728C6568bA0,4540711164.0,0.0,6.285311812896248e+18,2.6059604270508527e+20,3.1794980583916186e+18,1.967943077065081e+17,9.035026261598589e+16,4.5272004799155384e+21,0.0,3228133715.0,2513.567257643823,1.001264349327445,53699.676104269085,1.518526451229373,35.934893613333976,405.5420132361453,4090.5536130865785,1.002049146204086,1.001098640142262,4546.452209106325,0.0,15798.553976977946,395.7219839333713,114.25492447210475,79.80835974071076,369.5825931871423,4536.477375594093,0.0,3231.680272283888,16763.138236131752,12363.465474450259
12320759,1619504993,0x9d02F545eda2b7C610C97E54b826684A77bbD678,6.684634341646371e+18,4.826284184146445e+18,1.13,0x5f98805A4E8be255a32880FDeC7F6728C6568bA0,4542506439.0,0.0,6.285334710727901e+18,2.605962962838821e+20,3.179498681414667e+18,1.967943077065081e+17,9.035026745663482e+16,4.528362176046062e+21,0.0,3228745205.0,2518.838489025989,1.0041982208024012,54277.27604275322,1.59780700443184,40.01585242696412,414.97567244175696,4327.924177959604,0.999050240431458,0.9992933421141758,4561.576884027251,0.0,15831.742985792469,416.3825875313819,127.23035002721632,81.66485017321823,391.0291070106866,4524.061320739538,0.0,3226.4635867395696,16837.51426480378,12156.63036200546
12325759,1619570799,0x9d02F545eda2b7C610C97E54b826684A77bbD678,6.697630494428278e+18,4.6081686412792074e+18,1.18,0x5f98805A4E8be255a32880FDeC7F6728C6568bA0,4543410848.0,0.0,6.285342027230823e+18,2.6059654168149475e+20,3.179498739829142e+18,1.967943077065081e+17,9.03503112295575e+16,4.533598876936588e+21,0.0,3229030146.0,2666.432781282555,1.000671421302426,55419.685205464455,1.791048945321575,41.5173716018512,451.1270803098955,4565.437215773344,1.004486155247273,1.0027079978568048,4546.46139082902,0.0,16759.442022981217,466.741161133091,132.0044306891041,88.77924145724417,412.4886733441261,4553.9373053273885,0.0,3237.774352714926,17858.781507261247,12287.37192678517
12330759,1619637062,0x9d02F545eda2b7C610C97E54b826684A77bbD678,6.684692594826365e+18,5.03364619424388e+18,1.08,0x5f98805A4E8be255a32880FDeC7F6728C6568bA0,5955640251.0,0.0,6.285351508244688e+18,2.6059676666022658e+20,3.1794988733794166e+18,1.967943077065081e+17,9.035031635261746e+16,4.537240570603187e+21,0.0,3229300737.0,2724.503321774276,1.003241858045152,54836.70407262532,1.7132075916431206,42.56385634711409,475.0680820613717,4515.391528147893,1.0001405840569892,0.9988432183322004,5974.947591261735,0.0,17124.461062731607,446.4563589999511,135.33173330233257,93.49069432272623,407.9670530240909,4537.878434290138,0.0,3225.5651411076265,18212.467179644336,13714.185776853894
12335759,1619704786,0x9d02F545eda2b7C610C97E54b826684A77bbD678,6.66763853495077e+18,4.978773552180663e+18,1.09,0x5f98805A4E8be255a32880FDeC7F6728C6568bA0,5956702990.0,0.0,6.285359968504466e+18,2.605969790055769e+20,3.179498935776694e+18,1.96794330911961e+17,9.035032100565947e+16,4.537560128296997e+21,0.0,3229708898.0,2771.96169530774,0.9991950674157908,53827.24439713293,1.6975203511533346,41.61724661672381,449.3738966222847,4285.614107763012,0.9949994022940352,1.0013284457256109,5951.908245668892,0.0,17422.777073915044,442.368675311045,132.32199132782955,88.43423531508324,387.206610342771,4514.869615528757,0.0,3233.9993909805153,18482.438617041353,13800.96957625605
12340759,1619771119,0x9d02F545eda2b7C610C97E54b826684A77bbD678,6.659077042139151e+18,4.95319984264007e+18,1.1,0x5f98805A4E8be255a32880FDeC7F6728C6568bA0,5957231592.0,0.0,6.285367334204052e+18,2.6059718345503965e+20,3.1794989938293693e+18,1.96794330911961e+17,9.03503247575511e+16,4.5378761538450185e+21,0.0,3230197226.0,2785.3157867623822,1.0016681663081433,54536.73964414548,1.6994765782347288,40.68666553616806,441.0514699653322,4221.300433657134,0.9999408662967983,1.0003619455330923,5967.169245031581,0.0,17506.73286155914,442.8788096357787,129.36321213451842,86.79642892956441,381.39586508011337,4537.607812423372,0.0,3231.3663814569577,18547.63241073713,13796.225716694333
12345759,1619838146,0x9d02F545eda2b7C610C97E54b826684A77bbD678,6.672278610165366e+18,4.865438006125727e+18,1.12,0x5f98805A4E8be255a32880FDeC7F6728C6568bA0,5958271697.0,0.0,6.285375706191357e+18,2.6059738854001905e+20,3.179501239615223e+18,1.96794330911961e+17,9.035032850897331e+16,4.538200415487414e+21,0.0,3230742019.0,2823.6038702208066,1.0033744469986523,58189.11376156601,1.8086538213900845,40.58186446384142,446.72553110816966,4415.313301886004,1.003365070396049,0.9982291533367864,5978.377569045097,0.0,17747.41116979375,471.33046262718204,129.03008836868077,87.91305199572267,398.92500729544014,4553.471779356908,0.0,3225.0208702759496,18839.871706854432,13738.069584416007
12350759,1619904490,0x9d02F545eda2b7C610C97E54b826684A77bbD678,6.683562172546823e+18,4.698717794959252e+18,1.16,0x5f98805A4E8be255a32880FDeC7F6728C6568bA0,5959610661.0,0.0,6.285384686619863e+18,2.6059873660602725e+20,3.179501332697734e+18,1.967943323344413e+17,9.035048658243104e+16,4.538542305690466e+21,0.0,3231178065.0,2931.618644666586,0.999920170278331,57867.912802175095,1.941131751697279,40.22798837951665,503.8987608593629,4809.006265639231,0.997972659994786,1.0001488261668985,5959.1349069396765,0.0,18426.35093619664,505.8564820781556,127.90494266442215,99.16442020747063,434.49605607846416,4529.341137308784,0.0,3231.6589488459804,19593.65547782658,13774.848693729213
12355759,1619972156,0x9d02F545eda2b7C610C97E54b826684A77bbD678,6.69152113454497e+18,5.280462362725004e+18,1.03,0x5f98805A4E8be255a32880FDeC7F6728C6568bA0,7659216091.0,0.0,6.285393431309346e+18,2.6059893847209188e+20,3.1795024253219087e+18,1.967943323344413e+17,9.035049016347278e+16,4.538920092865892e+21,0.0,3231608664.0,2925.3972792584536,0.9999652265919552,56796.93692565384,1.9161150329803809,42.68872192203945,489.0546615302844,5011.963538734587,1.00054637240885,0.999605622001457,7658.949753953564,0.0,18387.272843021317,499.33754358510464,135.72889488501696,96.2431855908985,452.83336240612357,4541.400033570609,0.0,3230.334188643017,19575.357721098295,15447.450229142394
12360759,1620038749,0x9d02F545eda2b7C610C97E54b826684A77bbD678,6.67693546075555e+18,4.890840777169329e+18,1.11,0x5f98805A4E8be255a32880FDeC7F6728C6568bA0,7660227342.0,0.0,6.285403724512287e+18,2.6059913533828982e+20,3.1795036868364877e+18,1.967943323344413e+17,9.035053544229307e+16,4.5394975694245756e+21,0.0,3232529639.0,3166.1472399570603,1.00112068215658,58646.42207019519,1.94864171123522,43.84963685978373,520.8814043029429,5506.222844177263,0.9997676971945249,1.002231797542499,7668.812022097525,0.0,19900.513654380404,507.81434503202377,139.4200820621235,102.50650818522384,497.4901822360016,4538.443031403751,0.0,3239.7439907043754,21140.16078044261,15485.122027704114
12365759,1620104094,0x9d02F545eda2b7C610C97E54b826684A77bbD678,6.647911652943667e+18,4.674524097430693e+18,1.16,0x5f98805A4E8be255a32880FDeC7F6728C6568bA0,7661992740.0,0.0,6.285414185221661e+18,2.60599325254315e+20,3.179503740125872e+18,1.967943323344413e+17,9.035053961503136e+16,4.5404962815283267e+21,0.0,3233392257.0,3354.093508009637,0.9993791272436756,55785.98279504828,1.8183482403301188,41.5776423044947,481.0793801951225,5679.805019606011,1.0062733829409438,1.004561152746838,7657.2356174485785,0.0,21081.866913803653,473.86032450740004,132.1962692127566,94.67369542536599,513.173448429567,4568.980553444286,0.0,3248.1402529746206,22297.717316959966,15678.790928226894
12370759,1620171513,0x9d02F545eda2b7C610C97E54b826684A77bbD678,6.637833930968346e+18,4.680120870551349e+18,1.16,0x5f98805A4E8be255a32880FDeC7F6728C6568bA0,7663741498.0,0.0,6.285427355302791e+18,2.60599588309516e+20,3.179503791695906e+18,1.967943323344413e+17,9.035054849758418e+16,4.543240466344142e+21,0.0,3234096811.0,3308.332955994249,1.0035317054028283,53942.593264019786,1.678283412446549,42.88409662272933,448.6484252518792,5236.919323408859,1.002956861933785,0.9925838588469664,7690.807575254366,0.0,20794.286462055996,437.3599663502603,136.35014781542148,88.29146730034206,473.1585333075878,4556.674201135106,0.0,3210.112292547048,21960.164750239433,15483.398114081521
12375759,1620238067,0x9d02F545eda2b7C610C97E54b826684A77bbD678,6.638219184374128e+18,4.519139857886713e+18,1.2,0x5f98805A4E8be255a32880FDeC7F6728C6568bA0,7665734041.0,0.0,6.285435159994208e+18,2.605997796459851e+20,3.179504254255335e+18,1.967943323344413e+17,9.035055250200914e+16,4.545409158758478e+21,0.0,3234546179.0,3415.9085921279266,1.0002543062369156,57394.20247331221,1.8649945811316813,42.882466361145966,471.1311462031927,5397.4646252186285,0.999584309064646,0.999836360591716,7667.683484977162,0.0,21470.471968287187,486.0171768838724,136.3449842282249,92.71593935901737,487.6639109985527,4543.5196733737075,0.0,3234.016879777201,22675.54994833202,15436.968669582999
12380759,1620304338,0x9d02F545eda2b7C610C97E54b826684A77bbD678,6.632394567520051e+18,5.151455791634356e+18,1.05,0x5f98805A4E8be255a32880FDeC7F6728C6568bA0,7667463286.0,0.0,6.285442889642782e+18,2.6059997025466977e+20,3.1795043118450826e+18,1.967943323344413e+17,9.03505565246266e+16,4.5470271627986207e+21,0.0,5772722122.0,3515.895110595344,0.9999717147717322,57925.51754399214,2.0008299076667098,41.5540529148687,467.6776724038621,5219.32107311424,1.0006662283817356,0.9999769475600704,7667.24641005072,0.0,22098.957923621325,521.4162144225982,132.12129041746377,92.03631528844362,471.56856363658284,4550.056521346999,0.0,5772.589046670052,23318.803631482868,18111.9782302553
12385759,1620371716,0x9d02F545eda2b7C610C97E54b826684A77bbD678,6.641318049954345e+18,5.240600208799295e+18,1.03,0x5f98805A4E8be255a32880FDeC7F6728C6568bA0,7668940313.0,0.0,6.285447613065275e+18,2.606001627710276e+20,3.179507425930435e+18,1.967943323344413e+17,9.035056062260243e+16,4.549142450074077e+21,0.0,5774502600.0,3439.2873449733543,0.999828263114606,56243.424910909176,2.133233847105893,39.86193394689688,447.5742868040836,5043.4403630783445,1.001303656109782,1.0016049760595227,7667.623273076373,0.0,21617.46043310838,555.9210877844612,126.74131499610714,88.08008294167338,455.67766427079,4555.072967423384,0.0,5783.770538428651,22841.401123151092,18023.929978188135
12390759,1620438345,0x9d02F545eda2b7C610C97E54b826684A77bbD678,6.626405647738357e+18,5.105563518945437e+18,1.06,0x5f98805A4E8be255a32880FDeC7F6728C6568bA0,7671419789.0,0.0,6.285452419003105e+18,2.606003544056969e+20,3.1795074550121006e+18,1.967943323344413e+17,9.035056678809384e+16,4.5509465759775143e+21,0.0,5776092175.0,3532.119796017762,1.001888073952526,57688.34744829407,2.0312677763300795,40.26050710714645,451.6367372564354,5109.015881339495,1.000247590656977,0.9997734570054712,7685.903996882503,0.0,22200.970916088598,529.3491024044906,128.0085824897398,88.8795501660857,461.6024806083961,4552.073347830127,0.0,5774.783641782001,23405.25856482055,18033.461975093283
12395759,1620504689,0x9d02F545eda2b7C610C97E54b826684A77bbD678,6.611843485665219e+18,4.711888820978194e+18,1.15,0x5f98805A4E8be255a32880FDeC7F6728C6568bA0,7673302950.0,0.0,6.285458311046324e+18,2.606005484694052e+20,3.179507488380426e+18,1.967943323344413e+17,9.035057081129984e+16,4.5526068032862085e+21,0.0,5777591957.0,3848.9426225319694,0.9998366328977008,59329.82932352474,1.960330567881326,40.80104263063957,466.3731166907141,5701.81801661366,1.0006172984672626,1.002504525778815,7672.049384731994,0.0,24192.368395534002,510.8632211712141,129.72722057784753,91.77958611788158,515.1625124631977,4555.417120487926,0.0,5792.06208499578,25448.606205487205,18135.789715694882
12400759,1620571504,0x9d02F545eda2b7C610C97E54b826684A77bbD678,6.591602383635174e+18,4.709679391404677e+18,1.14,0x5f98805A4E8be255a32880FDeC7F6728C6568bA0,7674440692.0,0.0,6.285463555771598e+18,2.6060120018248856e+20,3.179507526158753e+18,1.967943323344413e+17,9.035058749923613e+16,4.5542637529382603e+21,0.0,5778605683.0,3814.9609751039393,1.0029915868763086,57432.6727417471,1.8947293643074112,38.92920706752035,452.7265874405698,5239.044506711546,1.0006563384368272,1.0002984080519972,7697.399448057196,0.0,23978.79817570669,493.76874635951503,123.77570685857346,89.094026505417,473.35074911603397,4557.252891290763,0.0,5780.330065465124,25146.705856970293,17967.243083460115
12405759,1620637506,0x9d02F545eda2b7C610C97E54b826684A77bbD678,6.582642147838974e+18,5.195356340512086e+18,1.04,0x5f98805A4E8be255a32880FDeC7F6728C6568bA0,7677004117.0,0.0,6.2854677265157e+18,2.60601391160822e+20,3.1795093381650806e+18,1.967943323344413e+17,9.03505914375806e+16,4.5565232029466776e+21,0.0,9164506922.0,4089.18168562207,1.0006930073532243,58514.19903325989,1.988103786933868,40.31662516978332,480.32620158040487,5377.678253278847,1.0000206697599283,1.0005420129419822,7682.324337303815,0.0,25702.419512836586,518.1026126470645,128.1870862106274,94.52547414275405,485.8764107447592,4556.617385187391,0.0,9169.47420335861,26917.619713947057,21244.75599790252
12410759,1620704795,0x9d02F545eda2b7C610C97E54b826684A77bbD678,6.564898971094968e+18,5.582987624542844e+18,0.96,0x5f98805A4E8be255a32880FDeC7F6728C6568bA0,7680344459.0,0.0,6.285477652041217e+18,2.6060232588860575e+20,3.1795093748025554e+18,1.967943323344413e+17,9.035061232896822e+16,4.560323730172316e+21,0.0,9166511821.0,3820.011226209248,0.9980662550364212,55190.007556272765,1.6942735486425746,35.82272626248485,425.3340416411335,4821.729490771094,1.003753155148987,1.002290924488121,7665.492631583858,0.0,24010.595192884794,441.5316274677968,113.8986939825563,83.70332874387634,435.6462119758125,4577.43933266126,0.0,9187.51160740138,25077.98776851232,21327.075401540966
12415759,1620771463,0x9d02F545eda2b7C610C97E54b826684A77bbD678,6.570172082917816e+18,5.209748974024314e+18,1.03,0x5f98805A4E8be255a32880FDeC7F6728C6568bA0,7682262977.0,0.0,6.285485042303369e+18,2.6060252338665764e+20,3.1795094072918016e+18,1.967943323344413e+17,9.035061632558034e+16,4.5643588559690274e+21,0.0,9168742527.0,4090.3115623415,1.0011577712649031,56668.421389185525,1.832319335532578,37.89630275938017,450.0868907402303,5323.034889843397,1.0000817651974268,0.9965915647339616,7691.1572803242,0.0,25709.592143458023,477.5070424899537,120.4916511250275,88.57454915570825,480.9394830199185,4564.732061672012,0.0,9137.491461625748,26874.05083733208,21309.49646534842
12420759,1620838666,0x9d02F545eda2b7C610C97E54b826684A77bbD678,6.580504239219542e+18,5.211257981653476e+18,1.03,0x5f98805A4E8be255a32880FDeC7F6728C6568bA0,7684816983.0,0.0,6.285491913370033e+18,2.6060272086977538e+20,3.17950943996034e+18,1.967943323344413e+17,9.035062024377782e+16,4.568887851385001e+21,0.0,9171533052.0,4131.716160848412,0.9991140945405856,55089.66732886528,1.8754887187082927,41.02671048424477,571.0177912578491,5451.476079441636,0.991953018039188,1.00131548245695,7678.00896168016,0.0,25969.868517352974,488.7574630559499,130.4448132751761,112.37306498167581,492.54424502167006,4532.122093263933,0.0,9183.598042833242,27188.77571171487,21531.438821147945
12425759,1620905194,0x9d02F545eda2b7C610C97E54b826684A77bbD678,6.574314041900034e+18,5.825664471262815e+18,0.92,0x5f98805A4E8be255a32880FDeC7F6728C6568bA0,7686604059.0,0.0,6.285541026407738e+18,2.6060370856780546e+20,3.179509473882655e+18,1.9679435455584685e+17,9.035062420760213e+16,4.5730464719081513e+21,0.0,9173902329.0,3722.0825403856416,0.998526329856564,49621.18792773524,1.5944458563081427,37.43962803154616,522.9243879600643,4623.298963642991,1.0052282470622125,0.9915647158128262,7675.276540093838,0.0,23395.30251126989,415.51850326447226,119.03965202494363,102.90856741011211,417.7179472635043,4596.955488690266,0.0,9096.517855749511,24470.139510368273,21683.604014632274
12430759,1620971919,0x9d02F545eda2b7C610C97E54b826684A77bbD678,6.570277349393132e+18,5.596801044853415e+18,0.96,0x5f98805A4E8be255a32880FDeC7F6728C6568bA0,7688780251.0,0.0,6.285558641753698e+18,2.6060393273082695e+20,3.1795121510240046e+18,1.9679435455584685e+17,9.035062776590613e+16,4.574183639805794e+21,0.0,9175744176.0,3813.915192263244,0.9998041434325116,49462.34506983057,1.6348042341216504,38.52448359591184,534.5849333674165,4851.8966618849,1.001622098835043,0.9995850816369358,7687.274352891866,0.0,23972.58759564595,426.0364126571097,122.48906370512664,105.20329691732113,438.37190925660514,4581.6034177591955,0.0,9171.936991246599,25058.480600233543,21345.72453304124
12435759,1621037910,0x9d02F545eda2b7C610C97E54b826684A77bbD678,6.56448627095796e+18,5.203912736037515e+18,1.03,0x5f98805A4E8be255a32880FDeC7F6728C6568bA0,7690197101.0,0.0,6.285563545921539e+18,2.6060415428797484e+20,3.1795121933413745e+18,1.9679439909767226e+17,9.035063130293186e+16,4.5749033090906577e+21,0.0,9177781883.0,4026.021216207703,0.9986313935458032,49755.10970044602,1.684715054726568,40.22544259508307,595.7631120743432,4971.8949641751415,0.9916412736873088,1.000080026957766,7679.6722476135255,0.0,25305.812191701836,439.0437420532365,127.89728521362011,117.24284364522956,449.21384878509184,4536.662944422944,0.0,9178.516352963137,26428.76100038094,20951.063082580513
12440759,1621104902,0x9d02F545eda2b7C610C97E54b826684A77bbD678,5.333443795605343e+18,4.4963092066715356e+18,0.97,0x5f98805A4E8be255a32880FDeC7F6728C6568bA0,7692111488.0,0.0,5.051189266251954e+18,2.606043794896861e+20,3.1795133895844224e+18,1.9679439909767226e+17,9.035063486192029e+16,4.5753839929008765e+21,0.0,4589753022.0,3737.527736223633,0.998365585651388,47987.72785319736,1.5670105777038474,37.868605719951525,528.8878873435721,4713.5883475469645,1.003039034702461,0.9994513319149552,7679.539390612889,0.0,18878.95998353178,408.3698192562857,120.40373893147913,104.08217397981565,425.875699678618,4589.288743632386,0.0,4587.234770998591,19933.894115664818,16805.080370572545
12445759,1621172008,0x9d02F545eda2b7C610C97E54b826684A77bbD678,5.343922878756286e+18,4.5448423582042097e+18,0.96,0x5f98805A4E8be255a32880FDeC7F6728C6568bA0,7693094495.0,0.0,5.051195650958457e+18,2.6060460578257656e+20,3.17951343379372e+18,1.9679440272769392e+17,9.035063841301317e+16,4.5757527651963267e+21,0.0,4590433484.0,3719.6004821119736,0.9987810230418092,48707.86559898365,1.6658530582646922,38.192260860117806,537.7407632237139,4753.518917744613,0.9995332765731496,0.9993779381662592,7683.71679007341,0.0,18788.42977854698,434.1289795407697,121.43280647169864,105.82437232094505,429.48346892656116,4573.617154185334,0.0,4587.577950529278,19877.25811619109,16904.9978266993
12450759,1621239289,0x9d02F545eda2b7C610C97E54b826684A77bbD678,5.345156770338071e+18,4.806628755981951e+18,0.91,0x5f98805A4E8be255a32880FDeC7F6728C6568bA0,7693740667.0,0.0,5.051210629828038e+18,2.60605638463385e+20,3.1795159881323597e+18,1.96794414235264e+17,9.035128603832389e+16,4.576103258420733e+21,0.0,4591029451.0,3476.3028543076325,1.0035609881775396,44839.40424961048,1.5231249990674098,35.00727844959677,554.7489868502489,4587.76882135001,1.0043501974802878,1.000833363981141,7721.137986556242,0.0,17559.537930180264,396.934962841505,111.30620153149434,109.17150191480091,414.5108130554988,4596.010211285051,0.0,4594.855449580822,18581.383737448003,16709.2972640172
12455759,1621305817,0x9d02F545eda2b7C610C97E54b826684A77bbD678,5.355127341820377e+18,5.002598947625072e+18,0.87,0x5f98805A4E8be255a32880FDeC7F6728C6568bA0,7694432016.0,0.0,5.051224692329962e+18,2.6060587185459505e+20,3.1795248652566164e+18,1.9679446048524118e+17,9.035128959544342e+16,4.5763986806935965e+21,0.0,4591496926.0,3363.451524367911,1.0043009058638477,44734.6203054614,1.532112586305452,34.664249073914625,612.820757620375,4359.691600024078,0.9973599938962744,1.0019868726866814,7727.525043776592,0.0,16989.549391342047,399.2775363335308,110.21584186596019,120.59973037005847,393.90375830059753,4564.316960243484,0.0,4600.619645833251,18011.711221030026,16825.999056190856
12460759,1621372579,0x9d02F545eda2b7C610C97E54b826684A77bbD678,5.369582597897866e+18,4.909722351709917e+18,0.89,0x5f98805A4E8be255a32880FDeC7F6728C6568bA0,7695714502.0,0.0,5.051235234435255e+18,2.6060610984295088e+20,3.179525317502979e+18,1.9679446570148458e+17,9.035129312102563e+16,4.5766907527734677e+21,0.0,4591883178.0,3442.858517428664,1.0040603466108788,43300.72662890224,1.6192560226389563,35.21181390875599,651.9792106435407,4783.93661197177,1.00053354714942,0.999725758144316,7726.961770296487,0.0,17390.688250411193,421.98801289970766,111.9568537980932,128.30590040707125,432.2348591006676,4579.132633078387,0.0,4590.623891436181,18486.713182209405,16903.47941679438
12465759,1621439512,0x9d02F545eda2b7C610C97E54b826684A77bbD678,4.5503878584237384e+18,5.337141114453041e+18,0.69,0x5f98805A4E8be255a32880FDeC7F6728C6568bA0,7697332399.0,0.0,4.2437994843938007e+18,2.606078018867149e+20,3.179538026664211e+18,1.9679450344527222e+17,9.035145238170277e+16,4.5769516423034406e+21,0.0,2296390849.0,2712.848894704588,1.0796990080230655,37708.79984413194,1.2433719546757862,24.5660316274099,536.5284897997955,3905.054743718314,1.0393311383287662,1.0093776834265111,8310.802155624104,0.0,11512.786740585623,324.0324320356447,78.10863172358546,105.58585773439255,352.8273677250078,4756.968360470951,0.0,2317.925675405459,12344.514672202014,14478.857373226345
12470759,1621506975,0x9d02F545eda2b7C610C97E54b826684A77bbD678,3.1273702663539676e+18,4.00903981631618e+18,0.63,0x5f98805A4E8be255a32880FDeC7F6728C6568bA0,3850793333.0,0.0,2.832565560036291e+18,2.606088094852274e+20,3.179548017705397e+18,1.9679455506162394e+17,9.035145549517182e+16,4.577167334449397e+21,0.0,2296582629.0,2669.6013621944708,1.009859678223212,39922.83048820862,1.062704849725735,25.98754662489861,449.9529758310479,3746.996152428069,0.9989868819667465,1.0043413472863236,3888.7609161674704,0.0,7561.820877578026,276.95024572120127,82.62865235622296,88.5482956773247,338.5465561066847,4572.530123681647,0.0,2306.5528917642273,8348.831923145037,10702.538154729544
12475759,1621573808,0x9d02F545eda2b7C610C97E54b826684A77bbD678,1.271268403719665e+18,2.0793722490755753e+18,0.48,0x5f98805A4E8be255a32880FDeC7F6728C6568bA0,60189894.0,0.0,9.698299221432105e+17,2.6060901985606484e+20,3.179548673678764e+18,1.9679455506162394e+17,9.035179183098405e+16,4.577396181605235e+21,0.0,1148383503.0,2758.78058460956,1.00775557640729,40063.26708469273,1.1670245429459445,26.27611196394187,459.4870018165829,3921.245036696685,0.9987453481900164,0.9999011345945624,60.65670132186369,0.0,2675.5479595820902,304.13712228511463,83.54617694438608,90.42454007909403,354.29151527389826,4571.653143200972,0.0,1148.269967599378,3507.150590009399,5736.531788925611
12480759,1621641320,0x9d02F545eda2b7C610C97E54b826684A77bbD678,3.7809111053234515e+17,1.4590951203993295e+18,0.18,0x5f98805A4E8be255a32880FDeC7F6728C6568bA0,60201937.0,0.0,9.28798554143232e+16,2.606186236418478e+20,3.1795496807368e+18,1.9679467754584224e+17,9.035260739357773e+16,2.2888147974550633e+21,0.0,1148474416.0,2416.319267420009,1.0047862325499084,37120.98291499491,1.0122284101187835,21.83045692340339,370.2143491544895,3061.0674618196995,1.0009085434661442,0.9994347413808152,60.49007747043694,0.0,224.4273841928138,263.8055750563332,69.4110223411457,72.85621346470161,276.5754265830508,2290.8942851845054,0.0,1147.8252309374427,913.588835219534,3525.6396524194174
12485759,1621708466,0x9d02F545eda2b7C610C97E54b826684A77bbD678,3.650329759823322e+17,1.532815172551307e+18,0.17,0x5f98805A4E8be255a32880FDeC7F6728C6568bA0,60206589.0,0.0,9.28799661539217e+16,2.6061886505816624e+20,3.179550320157029e+18,1.967946998123736e+17,9.035302697261626e+16,2.2889292247504734e+21,0.0,1148564789.0,2287.433951267575,0.9995423939547564,37920.56147183426,0.9378800694140296,20.44832072280052,323.8884039669653,2766.423060150796,0.999752144358586,0.9994182948700652,60.179038100910105,0.0,212.45678797306374,244.42923925135858,65.016464700854,63.739521231387734,249.9546973714725,2288.361900729322,0.0,1147.8966629701763,834.9888225942279,3506.2134667119262
12490759,1621775930,0x9d02F545eda2b7C610C97E54b826684A77bbD678,3.3321692240355046e+17,1.80652839811519e+18,0.13,0x5f98805A4E8be255a32880FDeC7F6728C6568bA0,60210960.0,0.0,9.288022965394214e+16,2.6061958958208847e+20,3.179554270343286e+18,1.967947265216387e+17,9.035393151653866e+16,2.289041300919874e+21,0.0,1148655312.0,1911.0074047562723,0.9894900414259932,33609.49877944636,0.7277788328905268,15.13615059412712,257.60167173690417,2000.0059039355128,0.9769692316459272,0.9930757028180512,59.578145304698815,0.0,177.49480662414655,189.67342073446042,48.12621225811595,50.694650540980994,180.70839647686233,2236.3229209654833,0.0,1140.701681260088,636.7800061032812,3452.2891457006153
12495759,1621842663,0x9d02F545eda2b7C610C97E54b826684A77bbD678,1.4700162110269418e+17,1.359535224348305e+18,0.08,0x5f98805A4E8be255a32880FDeC7F6728C6568bA0,60225987.0,0.0,9.288079704158114e+16,0.0,3.179562990356957e+18,1.9679476431042762e+17,0.0,1.872381682612375e+21,0.0,1148739639.0,2265.9072258524416,1.0058563049522753,36661.97776227521,0.8916352725869066,19.28943021467351,318.12251829010023,3525.8444948943725,1.005522688298223,0.9992299595412844,60.57868874592377,0.0,210.4592691594528,0.0,61.33195841564914,62.60484600873997,0.0,1882.7222630207457,0.0,1147.8550630014395,333.0920354686175,3080.5806886517444
12500759,1621908962,0x9d02F545eda2b7C610C97E54b826684A77bbD678,2.9999180919017444e+16,1.0811918080236389e+18,0.02,0x5f98805A4E8be255a32880FDeC7F6728C6568bA0,60236520.0,0.0,0.0,0.0,3.1795634246495626e+18,0.0,0.0,1.613385829330128e+21,0.0,1148823102.0,2665.7368902736134,0.99922906753673,38893.73937523351,0.9783096759989656,25.185952607592185,379.52719851689614,3895.60150402731,0.9990318500142146,0.999233241055363,60.19008171125759,0.0,0.0,0.0,80.08033372605739,0.0,0.0,1611.8238298623955,0.0,1147.942231610736,79.96992325381707,2882.172888110241
12504297,1621956348,0x9d02F545eda2b7C610C97E54b826684A77bbD678,0.0,1.0603654576211671e+18,0.0,0x5f98805A4E8be255a32880FDeC7F6728C6568bA0,60249722.0,0.0,0.0,0.0,3.1795636251879716e+18,0.0,0.0,1.613427166736169e+21,0.0,1148881851.0,2593.839723404501,0.9994360460486972,37643.40519205443,0.947229446535666,24.076840783170027,354.8562579713577,3758.0311549735343,0.995714181940234,0.9989328427825792,60.215743931213204,0.0,0.0,0.0,76.55384716360969,0.0,0.0,1606.512311446854,0.0,1147.6558134407417,0.0,2750.418045303775
