block,timestamp,user,totalCollateral,totalDebt,healthFactor,tokenAddress,USDT_debt,DAI_debt,LINK_collateral,USDC_collateral,USDC_debt,GUSD_debt,WETH_USD_price,USDT_USD_price,DAI_USD_price,LINK_USD_price,USDC_USD_price,GUSD_USD_price,USDT_debt (in USD),DAI_debt (in USD),LINK_collateral (in USD),USDC_collateral (in USD),USDC_debt (in USD),GUSD_debt (in USD),totalCollateral (in USD),totalDebt (in USD)
11755440,1611984775,0xCcec96A03DDA5C438996701f26Bef600366a137B,3.051130477352212e+19,1.694135652621546e+19,1.36,0x5f98805A4E8be255a32880FDeC7F6728C6568bA0,0.0,0.0,0.0,0.0,0.0,0.0,1343.178085454074,0.9980310882875094,0.9960178215820747,22.462172619426184,0.9982011586945108,0.9955076610106492,0.0,0.0,0.0,0.0,0.0,0.0,40982.11593040519,22755.258823876968
11760440,1612052941,0xCcec96A03DDA5C438996701f26Bef600366a137B,3.2180446045555646e+19,1.635646135471749e+19,1.48,0x5f98805A4E8be255a32880FDeC7F6728C6568bA0,4572569921.0,0.0,1.7717192961662038e+21,1187163985.0,18083118415.0,0.0,1382.274181273939,0.995319321069382,0.9936479062388718,23.49899812209637,0.9947029897596572,0.9886559804795716,4551.167189311998,0.0,41633.628413491526,1180.8755652144887,17987.331951578413,0.0,44482.199710650595,22609.114227630937
11765440,1612117918,0xCcec96A03DDA5C438996701f26Bef600366a137B,3.1355551198789812e+19,1.7445110498948932e+19,1.35,0x5f98805A4E8be255a32880FDeC7F6728C6568bA0,4574143265.0,0.0,1.7717197236538253e+21,1187392052.0,18088828600.0,0.0,1298.729539158637,0.9974465105981496,0.997341286572608,22.51384492810584,0.999004645430574,0.9804100811359756,4562.463238650277,0.0,39888.22311440876,1186.2101758953415,18070.823801797425,0.0,40722.38055846934,22656.480318871447
11770440,1612184230,0xCcec96A03DDA5C438996701f26Bef600366a137B,3.031597974062072e+19,1.700033381354043e+19,1.34,0x5f98805A4E8be255a32880FDeC7F6728C6568bA0,4574907424.0,0.0,1.7717202867466383e+21,1187557196.0,18091007375.0,0.0,1326.9910314977324,0.9964427178292834,0.995811854922616,22.131758507466,0.9976141532053556,0.9931058210587224,4558.633187387925,0.0,39211.285529055014,1184.7238664704664,18047.84500304247,0.0,40229.03322687065,22559.29050303579
11775440,1612250424,0xCcec96A03DDA5C438996701f26Bef600366a137B,3.0308566698221216e+19,1.823785580949683e+19,1.25,0x5f98805A4E8be255a32880FDeC7F6728C6568bA0,4575713597.0,0.0,1.7717207533060814e+21,1187765640.0,18095227262.0,300040.0,1411.9101779862294,0.9965030725219908,0.9964228921165036,23.292701612265,0.9936919157637396,0.9961665929024694,4559.71265839115,0.0,41268.16284701592,1180.2731142899443,17981.08104415703,2988.898245344569,42792.973801393025,25750.214242073856
11780440,1612317526,0xCcec96A03DDA5C438996701f26Bef600366a137B,2.8557235622908633e+19,1.6922480633368918e+19,1.27,0x5f98805A4E8be255a32880FDeC7F6728C6568bA0,4578753441.0,0.0,1.7717218400416524e+21,1188093798.0,18103784022.0,300142.0,1517.016998326471,1.0019936491070762,0.9953621387354318,23.73508341718609,1.0023283048877203,1.0067900629852515,4587.881868709172,0.0,42051.96566543905,1190.8600425969537,18145.935150824655,3021.799830845194,43321.81186516662,25671.69077467115
11785440,1612384120,0xCcec96A03DDA5C438996701f26Bef600366a137B,2.7667493740156527e+19,1.589135022743309e+19,1.31,0x5f98805A4E8be255a32880FDeC7F6728C6568bA0,4581755938.0,0.0,1.7717222944398262e+21,1188473933.0,18114717027.0,300293.0,1613.5089671571095,0.9993603512306224,0.9999142918129774,24.69064890162656,0.9990282464907124,1.0108387693470415,4578.82522345267,0.0,43744.97312319798,1187.3190292849104,18097.11398715926,3035.4780656353114,44641.74924850575,25640.83609219746
11790440,1612450615,0xCcec96A03DDA5C438996701f26Bef600366a137B,2.691634993832022e+19,1.60674672012708e+19,1.26,0x5f98805A4E8be255a32880FDeC7F6728C6568bA0,4585628514.0,0.0,1.771723016901284e+21,1188742917.0,18121181908.0,300412.0,1635.406156704449,1.0008608973406978,1.00094362278019,23.563396758876223,0.998010403451096,0.9878163680600724,4589.576269393131,0.0,41747.81239407812,1186.3777981948028,18085.128067013782,2967.518907616625,44019.1644051403,26276.83478360507
11795440,1612517424,0xCcec96A03DDA5C438996701f26Bef600366a137B,2.91345352799364e+19,1.7366106081856274e+19,1.26,0x5f98805A4E8be255a32880FDeC7F6728C6568bA0,4588747127.0,0.0,1.771723455846615e+21,1189096437.0,18130749580.0,624608.0,1666.2171363449131,0.9999994613422484,1.0008190205848038,26.826733799739703,1.0014750036274516,1.0038286531431544,4588.74465523579,0.0,47529.55351675202,1190.8503585579647,18157.492501398916,6269.994073824394,48544.461942875474,28935.70354517254
11800440,1612584126,0xCcec96A03DDA5C438996701f26Bef600366a137B,2.7238796114799178e+19,1.7294995619283894e+19,1.19,0x5f98805A4E8be255a32880FDeC7F6728C6568bA0,4590525332.0,0.0,1.7717248535752008e+21,1189359607.0,18136847058.0,624776.0,1694.5659181026235,1.0002874413256846,0.998926231184877,25.193818955269297,1.0017229153053318,1.0218909626612178,4591.844838687019,0.0,44636.51519952461,1191.4087728704437,18168.09530938669,6384.52948087625,46157.93554628485,29307.510130172665
11805440,1612650225,0xCcec96A03DDA5C438996701f26Bef600366a137B,2.7235104974415098e+19,1.7012931233703141e+19,1.2,0x5f98805A4E8be255a32880FDeC7F6728C6568bA0,4591175324.0,0.0,1.7717252528942602e+21,1189566694.0,18140710746.0,624978.0,1701.808653169168,0.9983884379118056,1.0035893517290992,25.63503164011879,0.9969017833142476,1.001078853904253,4583.776359907588,0.0,45418.23291554183,1185.881158619834,18084.506893275335,6256.522599553722,46348.93731543027,28952.75358928802
11810440,1612715797,0xCcec96A03DDA5C438996701f26Bef600366a137B,2.8168271567933706e+19,1.9028122446804685e+19,1.11,0x5f98805A4E8be255a32880FDeC7F6728C6568bA0,4591557505.0,0.0,1.7717256572557546e+21,1189708613.0,18142171783.0,625061.0,1536.7120352384525,0.998962687333908,0.9960748300773404,23.57283281759264,0.9924529375965288,1.001406437971466,4586.794624242973,0.0,41764.592717129344,1180.7298078557417,18005.251680419206,6259.401095248825,43286.521930308845,29240.74477199571
11815440,1612782120,0xCcec96A03DDA5C438996701f26Bef600366a137B,2.7927740482828116e+19,1.7626325438072306e+19,1.19,0x5f98805A4E8be255a32880FDeC7F6728C6568bA0,4592450338.0,0.0,1.7717260647433463e+21,1189914994.0,18146138753.0,625128.0,1643.9766460454832,0.9997378713499058,1.0021107565013052,25.26965012721173,1.001438966817897,0.9940136285496468,4591.246525192275,0.0,44770.89777732604,1191.627242192484,18172.25044453852,6213.857515879836,45912.55313058843,28977.267375788295
11820440,1612849978,0xCcec96A03DDA5C438996701f26Bef600366a137B,2.6655912273541067e+19,1.6655415165052328e+19,1.2,0x5f98805A4E8be255a32880FDeC7F6728C6568bA0,4595806855.0,0.0,1.7717264696976492e+21,1190436056.0,18161274113.0,625257.0,1739.0427450753884,1.000395370956696,1.001361689295153,25.410196335251506,1.0007835609957698,1.007321191889095,4597.623903553051,0.0,45019.917447379295,1191.3688352614397,18175.50457902843,6298.346264769998,46355.77085266759,28964.478909002857
11825440,1612915847,0xCcec96A03DDA5C438996701f26Bef600366a137B,2.8699921569047376e+19,1.6386245000383207e+19,1.32,0x5f98805A4E8be255a32880FDeC7F6728C6568bA0,4599500116.0,0.0,1.771726863165905e+21,1190919141.0,18175116976.0,625295.0,1765.1573163794876,0.9955613086131868,1.000046646056844,27.66886466690488,1.0001387192253808,1.0068226722850198,4579.084354451465,0.0,49021.670803657325,1191.0843443807307,18177.638214148115,6295.611828664614,50659.87653712144,28924.30025041322
11830440,1612982269,0xCcec96A03DDA5C438996701f26Bef600366a137B,2.7940278729325097e+19,1.6700817061550907e+19,1.26,0x5f98805A4E8be255a32880FDeC7F6728C6568bA0,4603338856.0,0.0,1.771728107202527e+21,1191406959.0,18188791981.0,625345.0,1744.4382708817986,1.000072788657892,0.9999791767678952,26.82486945212472,0.9987019380158048,0.9906247984215336,4603.67392685715,0.0,47526.37518036782,1189.8604389188163,18165.18180159103,6194.822645689139,48740.091514539374,29133.544437165107
11835440,1613048906,0xCcec96A03DDA5C438996701f26Bef600366a137B,2.848186812566278e+19,1.6347924762654644e+19,1.31,0x5f98805A4E8be255a32880FDeC7F6728C6568bA0,4605996196.0,0.0,1.7717288361929393e+21,1191855620.0,18200946451.0,625437.0,1812.5865029573183,0.9997609051769996,1.0010499726536273,28.203517007015208,1.0064327011856755,1.0363571247599417,4604.894926154777,0.0,49968.98436338682,1199.522471059928,18318.027700815765,6481.760910384836,51625.849743586616,29632.027776149527
11840440,1613114825,0xCcec96A03DDA5C438996701f26Bef600366a137B,2.7569472244494647e+19,1.6469745095734143e+19,1.26,0x5f98805A4E8be255a32880FDeC7F6728C6568bA0,4608959899.0,0.0,1.771729306069532e+21,0.0,18212560682.0,625914.0,1761.345866523702,0.9980961214935324,0.9968714802223556,27.29687583299222,0.9973456637821032,1.0180932229576678,4600.184999311124,0.0,48362.674877453486,0.0,18164.218422561124,6372.388015543257,48559.37598008058,29008.917447070347
11845440,1613180838,0xCcec96A03DDA5C438996701f26Bef600366a137B,3.0402883808806793e+19,1.568188434233167e+19,1.45,0x5f98805A4E8be255a32880FDeC7F6728C6568bA0,4610398641.0,0.0,1.771729825116801e+21,0.0,18220008530.0,626067.0,1850.037820791984,1.0023090810309403,1.00266618847109,31.189123575848857,0.996584834095655,1.0249891875833508,4621.0444250470055,0.0,55258.700458584986,0.0,18157.784178091468,6417.119057027457,56246.48490743682,29012.07913459922
11850440,1613248337,0xCcec96A03DDA5C438996701f26Bef600366a137B,3.096574598577195e+19,1.7848417301804765e+19,1.3,0x5f98805A4E8be255a32880FDeC7F6728C6568bA0,4611848548.0,2.9010610001423856e+21,1.7717310392124351e+21,0.0,18223937810.0,626118.0,1795.549869219979,1.0000902142415324,0.9982706788603972,31.2948166084006,0.9971560892747728,1.012394763036401,4612.264602418821,2896.0441340275624,55445.99795156417,0.0,18172.110557806267,6338.785842428253,55600.54115505191,32047.723352039156
11855440,1613313901,0xCcec96A03DDA5C438996701f26Bef600366a137B,3.2667931848982704e+19,1.7655072534243731e+19,1.39,0x5f98805A4E8be255a32880FDeC7F6728C6568bA0,4613138058.0,2.90239962738562e+21,1.7717316254396714e+21,0.0,18227980349.0,626301.0,1820.4791169823272,0.9978360847201352,0.9993752138430062,33.12139741539072,0.9964431786342068,1.0281537028183507,4603.155618068167,2900.5862482763655,58682.22727960353,0.0,18163.14667903942,6439.336922288359,59471.28772607488,32140.690857398968
11860440,1613379818,0xCcec96A03DDA5C438996701f26Bef600366a137B,3.2391618530745164e+19,1.826047001574111e+19,1.33,0x5f98805A4E8be255a32880FDeC7F6728C6568bA0,4614414329.0,2.903746470652379e+21,1.7717319509537897e+21,0.0,18232168830.0,626425.0,1760.3896715846815,0.999775874126088,0.999562594088316,32.15927190575108,0.9986752534555134,0.9967263598357456,4613.380119355921,2902.476354780084,56977.60955482977,0.0,18208.01582734396,6243.74309960107,57021.87070743476,32145.542813992415
11865440,1613446957,0xCcec96A03DDA5C438996701f26Bef600366a137B,3.21860939988184e+19,1.9033520396170404e+19,1.27,0x5f98805A4E8be255a32880FDeC7F6728C6568bA0,4616382992.0,2.9051168263886665e+21,1.7717321824225012e+21,0.0,20743025423.0,626878.0,1826.43817120504,0.9997719860773558,1.0005081445195052,32.71631740946332,1.0038369622465475,1.0168151126374534,4615.330392405566,2906.5930455825182,57964.55244469572,0.0,20822.615628427226,6374.190241799415,58785.91066143539,34763.5481839753
11870440,1613513265,0xCcec96A03DDA5C438996701f26Bef600366a137B,3.4100676187028648e+19,1.982246168035381e+19,1.3,0x5f98805A4E8be255a32880FDeC7F6728C6568bA0,4618423906.0,2.906472127137007e+21,1.771732372505208e+21,3855663171.0,20754216631.0,627499.0,1741.2338848380766,0.9997620251220146,1.000886931042318,31.548898518749727,1.0016012408343196,0.9911481518124624,4617.324837134485,2909.049967490197,55896.2048225505,3861.8370163127875,20787.44913015387,6219.444741141683,59377.25287274518,34515.54195873637
11875440,1613579256,0xCcec96A03DDA5C438996701f26Bef600366a137B,3.3250717872730923e+19,1.9068663536508244e+19,1.32,0x5f98805A4E8be255a32880FDeC7F6728C6568bA0,4619849571.0,2.9078219033940313e+21,1.7717325579636394e+21,3856647277.0,20763117954.0,627789.0,1813.552965066956,0.9995738885725706,1.0020944493405994,31.87509367224733,1.0018186802337097,1.006835716287532,4617.881000304792,2913.9121890621755,56474.14124726138,3863.66128517107,20800.879426213123,6320.803874924335,60301.937988695994,34582.03129649867
11880440,1613646118,0xCcec96A03DDA5C438996701f26Bef600366a137B,3.2415835221529977e+19,1.8096080188726964e+19,1.35,0x5f98805A4E8be255a32880FDeC7F6728C6568bA0,4622764313.0,2.90919119468706e+21,1.771732742210723e+21,3857988926.0,20776435173.0,627962.0,1922.4674375866643,0.9997449079324858,1.0010338499562383,32.681016784174446,0.9999157334623268,1.0269602866996703,4621.585082493766,2912.1988618763758,57902.027485260056,3857.663826630824,20774.68441474278,6448.920355564984,62318.38767556627,34789.12491078473
11885440,1613712798,0xCcec96A03DDA5C438996701f26Bef600366a137B,3.1566972582990987e+19,1.8123069065315586e+19,1.32,0x5f98805A4E8be255a32880FDeC7F6728C6568bA0,4624072210.0,2.910555234377602e+21,1.7717330424707458e+21,3859127854.0,20786886096.0,628223.0,1910.718369607676,1.0039906773141176,1.0035150697055928,31.801499027576742,1.0018990920113633,1.0183706277017264,4642.525390067289,2920.786038908417,56343.76662725901,3866.4566928783606,20826.36230532603,6397.638508466616,60315.59438722275,34628.08097676711
11890440,1613778351,0xCcec96A03DDA5C438996701f26Bef600366a137B,3.3282563366693396e+19,1.7666703371093121e+19,1.42,0x5f98805A4E8be255a32880FDeC7F6728C6568bA0,4626170096.0,2.9118974026962494e+21,1.7717335785371308e+21,3859970981.0,20793446279.0,628264.0,1956.7589054262928,1.0063494201161378,1.004720609265502,34.90034448560798,1.0071433668095024,1.012556116768245,4655.543593468217,2925.6433325556086,61834.112227664846,3887.5441695913178,20941.98149300458,6361.525561452848,65125.9522631922,34569.479150911175
11895440,1613845953,0xCcec96A03DDA5C438996701f26Bef600366a137B,3.390935633556296e+19,1.7243178082085851e+19,1.49,0x5f98805A4E8be255a32880FDeC7F6728C6568bA0,4628522532.0,2.913281871910892e+21,1.771734130607629e+21,3860718891.0,20798638515.0,628311.0,2004.20995448291,1.003070008823815,1.0041513838453089,36.04983042882458,1.0012003741137392,1.0191083110800274,4642.732137014466,2925.3760232107743,63870.71497336596,3865.35319801718,20823.604662274425,6403.169620430031,67961.46951784342,34558.949159038
11900440,1613912806,0xCcec96A03DDA5C438996701f26Bef600366a137B,3.3035289401666798e+19,1.9910136810666316e+19,1.25,0x5f98805A4E8be255a32880FDeC7F6728C6568bA0,4630534475.0,2.914652299109656e+21,1.7717346661430964e+21,3861565933.0,25021281510.0,628392.0,1947.933594608788,1.0016620218414225,1.0012454857207105,34.12497728028917,1.0006856141393183,1.0223558523807807,4638.23052443491,2918.282456929033,60460.405228833886,3864.2134772035747,25038.43645438712,6424.4023878926355,64350.5500331304,38783.62436675399
11905440,1613978239,0xCcec96A03DDA5C438996701f26Bef600366a137B,3.2612501594423316e+19,2.069613058226722e+19,1.19,0x5f98805A4E8be255a32880FDeC7F6728C6568bA0,4632628760.0,2.915994428606595e+21,1.771735250560576e+21,3862228724.0,25026965327.0,628540.0,1871.470268709996,1.0006292711397051,1.002311118276512,32.456251759950376,0.9997043940046254,1.0080129363394037,4635.543939579636,2922.733636624755,57503.88534417282,3861.087026033678,25019.567206003307,6335.764510067687,61033.32712222057,38732.1930620528
11910440,1614045188,0xCcec96A03DDA5C438996701f26Bef600366a137B,3.3111577206621872e+19,2.2533147897766285e+19,1.11,0x5f98805A4E8be255a32880FDeC7F6728C6568bA0,4633731328.0,2.917368881672203e+21,1.7717357069110802e+21,3862862856.0,25032079320.0,628634.0,1757.649837818575,0.997718608788406,1.0031147524251445,29.80984907585733,1.0003182405656814,0.9924969099704086,4623.159974071413,2926.4557634714324,52815.17402532669,3864.0921756604434,25040.04554308298,6239.173025023379,58198.55830713616,39605.383748050874
11915440,1614110715,0xCcec96A03DDA5C438996701f26Bef600366a137B,2.5557837089191633e+19,1.8141144081693942e+19,1.09,0x5f98805A4E8be255a32880FDeC7F6728C6568bA0,4634089783.0,2.918713473397233e+21,1.2216475452728214e+21,8207638635.0,12518516148.0,628683.0,1471.241540521908,0.995197597262634,1.0148501817102231,23.74164416899017,1.000718555198585,0.9802773274144168,4611.835017540921,2962.0568988372584,29003.921319787634,8213.536276409286,12527.511392856717,6162.836910308778,37601.751611510255,26690.00476558129
11920440,1614177597,0xCcec96A03DDA5C438996701f26Bef600366a137B,2.5288407541466477e+19,1.6046238007565865e+19,1.21,0x5f98805A4E8be255a32880FDeC7F6728C6568bA0,4635350768.0,2.9200848945258174e+21,1.221647859856672e+21,8208891574.0,12521370496.0,628740.0,1646.1595731615434,1.003677454973337,1.0006308802235184,27.228587728570155,1.001620337352551,0.9820039603818574,4652.397061734943,2921.927118336768,33263.74592552737,8222.192747640393,12541.659340319799,6174.25170050489,41628.754164395614,26414.66830938316
11925440,1614244166,0xCcec96A03DDA5C438996701f26Bef600366a137B,2.555706599731343e+19,1.6458879725448706e+19,1.2,0x5f98805A4E8be255a32880FDeC7F6728C6568bA0,4638998919.0,2.921455069406761e+21,1.2216481690676272e+21,8210535620.0,12525540652.0,628806.0,1609.3038467937863,1.001112750136166,0.9969498118877,26.882362142086595,0.9982286041362176,0.9915346538583318,4644.160965678791,2912.544081883438,32840.788491092986,8195.991511163294,12503.35296109741,6234.829395540422,41129.08462223918,26487.338456080863
11930440,1614310587,0xCcec96A03DDA5C438996701f26Bef600366a137B,2.7042413975132533e+19,1.7718688284971633e+19,1.22,0x5f98805A4E8be255a32880FDeC7F6728C6568bA0,4641757798.0,2.922819081871979e+21,7.952806865996956e+20,20324422428.0,12529678813.0,628932.0,1480.448169421731,0.9985469886047584,1.0022812283608025,24.96303307237907,1.010943296247767,0.9954947327928496,4635.013271025554,2929.48669965504,19852.618081412536,20546.838603694363,12666.794800140027,6260.984932848724,40034.892266229595,26231.59963604053
11935440,1614376968,0xCcec96A03DDA5C438996701f26Bef600366a137B,2.762823539451812e+19,1.8316786100845509e+19,1.28,0x5f98805A4E8be255a32880FDeC7F6728C6568bA0,4642479405.0,2.9241855001402493e+21,0.0,39990794040.0,12532021394.0,628980.0,1430.4389802546616,0.9953237465168902,0.9981420230123648,25.059346380391936,0.9968074362479812,1.0025751452059737,4620.769994512103,2918.752430773412,0.0,39863.120880533446,12492.012116757991,6305.997148316534,39520.50486397024,26201.04483163621
11940440,1614443546,0xCcec96A03DDA5C438996701f26Bef600366a137B,2.7124458508275245e+19,1.804814745691579e+19,1.2,0x5f98805A4E8be255a32880FDeC7F6728C6568bA0,4642855645.0,2.9255547385691117e+21,7.655367560245804e+20,19995410173.0,12534377389.0,629027.0,1455.8437128323542,1.003981272863114,1.0042150084576775,25.5960735071993,1.000229362354934,1.0035878567779806,4661.340120186794,2937.885976535579,19594.73507966806,19999.99636736515,12537.252303315572,6312.838587854828,39488.97238325457,26275.282003422093
11945440,1614510437,0xCcec96A03DDA5C438996701f26Bef600366a137B,2.8410362839324357e+19,1.9290351709299175e+19,1.2,0x5f98805A4E8be255a32880FDeC7F6728C6568bA0,4643603211.0,2.926931906530684e+21,6.031326101256392e+20,24140037291.0,12537401885.0,629075.0,1364.942256587646,1.0027986803738158,1.0063303417260676,24.51141284268733,1.0057717480469304,0.9959369891054576,4656.599172170413,2945.4603857079537,14783.632405677125,24279.367504087157,12609.764609843329,6265.190614215157,38778.504764381185,26330.21619246017
11950440,1614576518,0xCcec96A03DDA5C438996701f26Bef600366a137B,2.6554623376286376e+19,1.8332705195639443e+19,1.23,0x5f98805A4E8be255a32880FDeC7F6728C6568bA0,4644474745.0,2.9282915343582615e+21,0.0,38201089162.0,12540631138.0,629123.0,1444.194783321099,1.0056864361825748,1.0062265868170013,25.17350670892443,1.002220638734423,0.9996009853081992,4670.885254239023,2946.524795822433,0.0,38285.91998029028,12568.479349259154,6288.719706800502,38350.04855308929,26475.997207706096
11955440,1614643265,0xCcec96A03DDA5C438996701f26Bef600366a137B,2.4664384659554857e+19,1.6886583757354947e+19,1.18,0x5f98805A4E8be255a32880FDeC7F6728C6568bA0,4645356279.0,2.9296671466651564e+21,5.590684786913588e+20,23204324269.0,12543897676.0,629291.0,1575.7526920642947,1.0082341930870489,1.0053454734157343,27.69774111976792,1.007303640960688,1.0076286234461524,4683.607039559421,2945.3276045146054,15484.933991015743,23373.800322196155,12635.513800873112,6340.916240770527,38864.97052540286,26609.079815421246
11960440,1614709345,0xCcec96A03DDA5C438996701f26Bef600366a137B,2.6114602992103875e+19,1.752732575776652e+19,1.21,0x5f98805A4E8be255a32880FDeC7F6728C6568bA0,4646228630.0,2.931028807861909e+21,5.59068804175384e+20,23207346298.0,12547130413.0,629447.0,1506.3866606137162,1.003270666134909,1.001941642309619,28.98354852813677,1.0041520736434644,1.004081823890648,4661.424892635185,2936.719817405966,16203.797816384635,23303.704908898675,12599.227022488929,6320.1629180249665,39338.68959452832,26402.92971773068
11965440,1614776575,0xCcec96A03DDA5C438996701f26Bef600366a137B,2.3792159355559092e+19,1.6129696216405967e+19,1.16,0x5f98805A4E8be255a32880FDeC7F6728C6568bA0,4647117260.0,2.9324162671614524e+21,8.042593381978925e+20,14026793509.0,12550423709.0,629497.0,1598.695955731226,1.0047901973350513,1.0035783967693377,31.17611276382041,1.002283903508692,1.0046652040974595,4669.377868714522,2942.909616058216,25073.679819013072,14058.829351910901,12579.087665744555,6324.337319837385,38036.42893984517,25786.48010834148
11970440,1614842731,0xCcec96A03DDA5C438996701f26Bef600366a137B,2.4194608545511256e+19,1.6944572479008293e+19,1.12,0x5f98805A4E8be255a32880FDeC7F6728C6568bA0,4647990959.0,2.9337807950720155e+21,8.042596790973543e+20,14029309738.0,12553661899.0,629547.0,1556.7684028872986,1.0034585996398304,1.0032761871608948,29.2257853426627,1.0012440638614046,1.0000970937459972,4664.066498856732,2943.39241004571,23505.120741058065,14046.763095245498,12569.27945609684,6296.0812507651135,37665.40210387894,26378.775035753817
11975440,1614909355,0xCcec96A03DDA5C438996701f26Bef600366a137B,2.6306081958136152e+19,1.796545297764916e+19,1.24,0x5f98805A4E8be255a32880FDeC7F6728C6568bA0,4648871257.0,2.935156012777021e+21,0.0,38730740629.0,12556924778.0,629667.0,1450.3693927103195,1.0026499576400796,0.9986460925598544,26.10133122513696,1.0048680916770003,0.9878826352727114,4661.190568905234,2931.1820832133344,0.0,38919.28542510009,12618.0530390005,6220.370953042623,38153.53611420982,26056.543124958815
11980440,1614975240,0xCcec96A03DDA5C438996701f26Bef600366a137B,2.5520558685985354e+19,1.728118861422224e+19,1.16,0x5f98805A4E8be255a32880FDeC7F6728C6568bA0,4649742391.0,2.936517291759925e+21,9.136725290583584e+20,13734318794.0,12560153915.0,629742.0,1542.583799830706,1.0034699026887417,1.0111021939619849,28.05461547937944,1.0115282740885354,1.007679243416845,4665.876544624487,2969.119076305766,25632.73147680438,13892.651785476555,12704.950811926312,6345.779421078108,39367.600391629814,26657.68159811808
11985440,1615041117,0xCcec96A03DDA5C438996701f26Bef600366a137B,2.5373866956043792e+19,1.7222237767719473e+19,1.25,0x5f98805A4E8be255a32880FDeC7F6728C6568bA0,4650612843.0,2.937877879423121e+21,0.0,38933935236.0,12563380745.0,629802.0,1535.7099424864043,1.0026639429241802,1.0034622413473713,26.77884801173461,1.003328017047745,0.99679706606402,4663.001810176211,2948.0495216907875,0.0,39063.5080362012,12605.191890296672,6277.847858012519,38966.89976372368,26448.361771751654
11990440,1615107954,0xCcec96A03DDA5C438996701f26Bef600366a137B,2.3569943254028906e+19,1.5771786389913475e+19,1.15,0x5f98805A4E8be255a32880FDeC7F6728C6568bA0,4651496177.0,2.939258987185142e+21,1.0716903670191081e+21,8936174497.0,12566655562.0,629854.0,1687.7583421376355,1.012086193186515,1.0089969039775035,28.659595982141127,1.0144697208344884,1.010713346552718,4707.715058401558,2965.703218057861,30714.21293672018,9065.478447299865,12748.49155980531,6366.018441796156,39780.36835069797,26618.96404998929
11995440,1615174340,0xCcec96A03DDA5C438996701f26Bef600366a137B,2.2240412158731166e+19,1.538555437182558e+19,1.15,0x5f98805A4E8be255a32880FDeC7F6728C6568bA0,4652373555.0,2.9406311669198865e+21,6.940602907083545e+20,18494393874.0,12569908530.0,629922.0,1719.2549854934443,0.999719962926695,0.999972529794062,28.55452149911481,0.9957597703480676,1.0133745088624613,4651.070717925736,2940.550387176144,19818.559492713583,18415.97339670095,12516.609231129018,6383.468973716594,38236.93948332757,26451.691058341585
12000440,1615240878,0xCcec96A03DDA5C438996701f26Bef600366a137B,2.240480362943912e+19,1.4796824211869225e+19,1.21,0x5f98805A4E8be255a32880FDeC7F6728C6568bA0,4653253956.0,2.9420084572659243e+21,6.940704040784168e+20,18499659924.0,12573172935.0,630192.0,1791.2724886668043,0.9999064867160246,1.0015339965186822,31.236905102095783,1.003871851431349,1.0101385172333786,4652.818814941403,2946.521487997304,21680.61134637078,18571.287858756208,12621.854392624979,6365.812124523373,40133.108355396456,26505.14413036021
12005440,1615308079,0xCcec96A03DDA5C438996701f26Bef600366a137B,2.1835227622709924e+19,1.4506419888688706e+19,1.2,0x5f98805A4E8be255a32880FDeC7F6728C6568bA0,4654143401.0,2.943400285380647e+21,6.940721319481622e+20,18505948986.0,12576471104.0,630844.0,1819.8860103630336,0.9992962945680496,1.000655046869665,30.81596565542628,0.9979854824722454,0.9971095872740926,4650.86825500764,2945.328350523757,21388.502980503064,18468.66842739997,12551.135582523693,6290.206004743376,39737.625283662266,26400.03061587665
12010440,1615374607,0xCcec96A03DDA5C438996701f26Bef600366a137B,2.1592615701852836e+19,1.4572838954351958e+19,1.26,0x5f98805A4E8be255a32880FDeC7F6728C6568bA0,4655022510.0,2.944776324688636e+21,0.0,39354293545.0,12579731177.0,631283.0,1819.0873138023303,0.9994413014705116,0.9983586567963356,30.28270431745941,0.9984176086422512,0.9983981258256114,4652.421755768927,2939.9429360817962,0.0,39292.019651004084,12559.82511910271,6302.717640655695,39278.85329504949,26509.266467946065
12015440,1615440860,0xCcec96A03DDA5C438996701f26Bef600366a137B,2.1840088749821063e+19,1.473184926439386e+19,1.26,0x5f98805A4E8be255a32880FDeC7F6728C6568bA0,4655899508.0,2.946149442698352e+21,0.0,39375062448.0,12582983652.0,631641.0,1793.9807999656075,0.9967218603688838,0.9985537059548412,29.234754600049406,0.9995211174630876,0.9998269299921144,4640.636819304331,2941.8884443032293,0.0,39356.206418203816,12576.957880866803,6315.316818871492,39180.69988672386,26428.65472831004
12020440,1615508236,0xCcec96A03DDA5C438996701f26Bef600366a137B,2.1484588673945256e+19,1.4482569529172509e+19,1.17,0x5f98805A4E8be255a32880FDeC7F6728C6568bA0,4656791391.0,2.947546256760679e+21,8.274814721696897e+20,14391702624.0,12586291563.0,631693.0,1830.479491827708,1.0022334951787044,1.0045933240832146,30.09439651513013,1.0003712206509063,1.0227259996580118,4667.192312120031,2961.0852919682466,24902.55553239826,14397.045121215731,12590.963854346515,6460.488549019685,39327.09895801065,26510.04651211914
12025440,1615575357,0xCcec96A03DDA5C438996701f26Bef600366a137B,2.12640150659304e+19,1.4895295448889147e+19,1.21,0x5f98805A4E8be255a32880FDeC7F6728C6568bA0,4657680823.0,2.948939625756452e+21,0.0,37890470177.0,12589590620.0,631822.0,1781.6255360806929,0.997457585848324,1.001589919987309,28.36182850098212,1.001705727526447,1.0158032129436776,4645.839069361615,2953.6282038088098,0.0,37955.100994970926,12611.065031267233,6418.068176085003,37884.51224106618,26537.838739207433
12030440,1615641736,0xCcec96A03DDA5C438996701f26Bef600366a137B,2.010283589748208e+19,1.4097769679118442e+19,1.21,0x5f98805A4E8be255a32880FDeC7F6728C6568bA0,4658559607.0,2.950316697877602e+21,0.0,37895548938.0,12592850409.0,632005.0,1883.7252650839275,0.9995679309990166,1.0039398331524134,29.914643529775336,0.998646074173171,0.9940359045849376,4656.546787804582,2961.940453414019,0.0,37844.241175570976,12575.800623597861,6282.356618772035,37868.21987992313,26556.324925889545
12035440,1615708430,0xCcec96A03DDA5C438996701f26Bef600366a137B,2.0011198706423947e+19,1.401504632069637e+19,1.21,0x5f98805A4E8be255a32880FDeC7F6728C6568bA0,4659442013.0,2.951699832091561e+21,0.0,37902095976.0,12596123867.0,632234.0,1889.494836796626,0.9998989307329796,1.0042008705938106,29.26890812284608,0.9990229748035676,1.0026629812223724,4658.971086611022,2964.0995411179506,0.0,37865.06467323384,12583.817136604557,6339.176272701454,37811.05663389937,26481.35766042134
12040440,1615774733,0xCcec96A03DDA5C438996701f26Bef600366a137B,2.0139569396495946e+19,1.4111196818327888e+19,1.21,0x5f98805A4E8be255a32880FDeC7F6728C6568bA0,4660319500.0,2.953075637918131e+21,0.0,37907696395.0,12599379303.0,632449.0,1881.2888916146253,1.0005593639595356,1.004688831688623,29.07275221476323,0.998614647518604,1.001345833132304,4662.92631476822,2966.922112548102,0.0,37855.180873735175,12581.92472161854,6333.001708186925,37888.348187529686,26547.237821707902
12045440,1615841513,0xCcec96A03DDA5C438996701f26Bef600366a137B,2.121614500441e+19,1.48360989593336e+19,1.22,0x5f98805A4E8be255a32880FDeC7F6728C6568bA0,4661205472.0,2.9544651362498123e+21,0.0,37913042878.0,12602666452.0,632501.0,1788.9840207206123,1.0048479914067108,1.0033495041242235,27.52459334663518,1.0009871411407156,1.0161035216097418,4683.802956073169,2964.3611294085554,0.0,37950.46840239459,12615.107062537485,6426.864935216833,37955.34439418093,26541.543968077513
12050440,1615908495,0xCcec96A03DDA5C438996701f26Bef600366a137B,2.114362776650729e+19,1.4787247699152703e+19,1.22,0x5f98805A4E8be255a32880FDeC7F6728C6568bA0,4662092819.0,2.955857180355449e+21,0.0,37918924774.0,12605958934.0,632697.0,1792.968084727956,0.9987199299360788,1.0061234113627406,27.67378388041905,1.0038186878548156,0.9988846310643724,4656.125013547176,2973.957109800276,0.0,38063.72531150214,12654.097156279571,6319.9130942053525,37909.849780715405,26513.063185547697
12055440,1615974237,0xCcec96A03DDA5C438996701f26Bef600366a137B,2.13616982592079e+19,1.496822222571425e+19,1.21,0x5f98805A4E8be255a32880FDeC7F6728C6568bA0,4662964363.0,2.957224813902722e+21,0.0,37926106153.0,12609193007.0,632889.0,1752.8009948036834,1.001971310820788,1.0025973201684266,27.45715329326577,1.0016369741242002,0.995311357784108,4672.15651510573,2964.9056735544436,0.0,37988.19020740413,12629.833929679504,6299.216099166263,37442.80595943572,26236.314807674542
12060440,1616041199,0xCcec96A03DDA5C438996701f26Bef600366a137B,2.0639674780253848e+19,1.4477878361607528e+19,1.12,0x5f98805A4E8be255a32880FDeC7F6728C6568bA0,4663850838.0,2.9586162641759696e+21,8.308345773804884e+20,12930741544.0,12612482717.0,633090.0,1832.427428288252,0.9996312291505008,1.000290676652968,30.17793686166266,1.003646804230168,1.0038678133489332,4662.130945764534,2959.476264849057,25072.873418674553,12977.89742696187,12658.477972325278,6355.386739530761,37820.706178286455,26529.661413230617
12065440,1616107324,0xCcec96A03DDA5C438996701f26Bef600366a137B,2.1027438898299e+19,1.4916638553358047e+19,1.11,0x5f98805A4E8be255a32880FDeC7F6728C6568bA0,4664729367.0,2.959995626352802e+21,8.308346126767122e+20,12934393571.0,12615743168.0,633306.0,1783.2362383343473,1.0058918914972887,1.0081845224488593,29.7518066504738,1.004253919891397,0.9997329078119392,4692.2134462945805,2984.221777005211,24718.830754878833,12989.415445094834,12669.409528807111,6331.36848914748,37496.89104280804,26599.890422483306
12070440,1616173232,0xCcec96A03DDA5C438996701f26Bef600366a137B,2.08850689465621e+19,1.4623600843511046e+19,1.12,0x5f98805A4E8be255a32880FDeC7F6728C6568bA0,4665602717.0,2.961367236586445e+21,8.308346273700788e+20,12936530723.0,12618984624.0,633602.0,1822.167318995656,1.003216199230888,1.0061202769297863,30.270899782249305,1.00228268656969,1.011592134034928,4680.608224870044,2979.49162416515,25150.1117407421,12966.060767939776,12647.78981072433,6409.467993087986,38056.09008939649,26646.647543083134
12075440,1616240064,0xCcec96A03DDA5C438996701f26Bef600366a137B,2.124958562275636e+19,1.452049678643731e+19,1.15,0x5f98805A4E8be255a32880FDeC7F6728C6568bA0,4666487730.0,2.9627575511385684e+21,8.308346424306705e+20,12938846325.0,12622269601.0,633981.0,1828.9218621623504,1.004700688463014,1.004389480834637,31.404507283310654,1.0044785135753702,1.0085187664465307,4688.423435035207,2975.762518626967,26091.952579440796,12996.793123916143,12678.798606760061,6393.81736070538,38863.83170734987,26556.854022173353
12080440,1616306839,0xCcec96A03DDA5C438996701f26Bef600366a137B,2.0903707308909937e+19,1.4982660210780287e+19,1.09,0x5f98805A4E8be255a32880FDeC7F6728C6568bA0,4667374955.0,2.964151729257216e+21,8.308346547932559e+20,12940546186.0,12625563018.0,634350.0,1773.1398949705288,1.004070919787743,1.0015931282568276,29.152843866068235,1.001356902249425,0.9893423782460564,4686.375464061126,2968.87400313462,24221.192969706488,12958.105242228572,12642.694672859383,6275.893376403859,37065.197382215236,26566.35255252208
12085440,1616373514,0xCcec96A03DDA5C438996701f26Bef600366a137B,2.0835838162235265e+19,1.488492413387209e+19,1.1,0x5f98805A4E8be255a32880FDeC7F6728C6568bA0,4668258248.0,2.965540117430368e+21,8.308346654358028e+20,12942138580.0,12628842072.0,634702.0,1778.8976379327105,0.9976887239673032,1.0016414162072351,28.80704678995889,0.9942650209782466,0.9928170103533376,4657.468614596959,2970.407803042324,23933.89308192901,12867.915686747076,12556.415927648044,6301.4294210528415,37064.82329114854,26478.756382552656
12090440,1616440244,0xCcec96A03DDA5C438996701f26Bef600366a137B,2.0898944825079984e+19,1.5027099448410153e+19,1.09,0x5f98805A4E8be255a32880FDeC7F6728C6568bA0,4669145570.0,2.966935228956664e+21,8.308346757047937e+20,12943754740.0,12632136316.0,634802.0,1770.4373871881917,0.9980824109019684,1.0011173719169817,29.01314639395196,0.9992339202186058,0.9951517771342334,4660.192067357845,2970.250399061004,24105.12807539478,12933.838791198361,12622.459091772496,6317.243384283657,37000.27327110479,26604.53868446039
12095440,1616506283,0xCcec96A03DDA5C438996701f26Bef600366a137B,1.7387495539059671e+19,1.2091440508967563e+19,1.14,0x5f98805A4E8be255a32880FDeC7F6728C6568bA0,4670022163.0,2.9683138542458215e+21,6.102062947300568e+20,12945395669.0,6634281265.0,634858.0,1703.586488855693,1.001339243835315,1.0012034245412955,27.43960177520301,1.0017472396374063,1.000185116922106,4676.276461392582,2971.8859959842885,16743.81772811492,12968.014377434783,6645.8729441919095,6349.755229589345,29621.10247538069,20598.814681879547
12100440,1616573352,0xCcec96A03DDA5C438996701f26Bef600366a137B,1.727148195792675e+19,1.2200005643914914e+19,1.2,0x5f98805A4E8be255a32880FDeC7F6728C6568bA0,4670912277.0,2.969714134897102e+21,0.0,29142794758.0,6636016612.0,634911.0,1703.360898251958,1.0027301826758332,1.0035789794712136,27.652765871580417,1.0022764713337222,1.0119314699598407,4683.664720779003,2980.3426808212716,0.0,29209.137494851137,6651.123313587323,6424.864215236724,29419.56702199659,20781.012572297863
12105440,1616639963,0xCcec96A03DDA5C438996701f26Bef600366a137B,1.852309204615144e+19,1.3118833011203867e+19,1.2,0x5f98805A4E8be255a32880FDeC7F6728C6568bA0,4671796571.0,2.9711056502667267e+21,0.0,29147553025.0,6637740736.0,634963.0,1573.654207234187,0.9992042843027888,0.9944621498604268,24.84330925876664,0.9986262906452928,0.9945807487761172,4668.079149134278,2954.65211242671,0.0,29107.512758742734,6628.622409456836,6315.219759851298,29148.941729412312,20644.506762083704
12110440,1616706198,0xCcec96A03DDA5C438996701f26Bef600366a137B,1.814528698127969e+19,1.283320810058997e+19,1.2,0x5f98805A4E8be255a32880FDeC7F6728C6568bA0,4672676185.0,2.97249018560325e+21,0.0,29151170764.0,6639455854.0,635015.0,1607.4732117432088,1.0010438435635918,1.000028337996293,26.463711756004862,0.998178038722888,0.9938137209092446,4677.553727960461,2972.5744200191107,0.0,29098.05845968551,6627.359022532917,6310.866199831839,29168.062741799895,20629.03824242432
12115440,1616772435,0xCcec96A03DDA5C438996701f26Bef600366a137B,1.780126038321572e+19,1.2586914725398309e+19,1.2,0x5f98805A4E8be255a32880FDeC7F6728C6568bA0,4673556191.0,2.9738757215622377e+21,0.0,29154666580.0,6641171857.0,635067.0,1648.4907362296549,1.001712218915688,1.002619629563824,26.29503814269956,1.000146943910816,1.002777611365358,4681.5583423137605,2981.666174321581,0.0,29158.9506807258,6642.147736765069,6368.309693169637,29345.21283494307,20749.41232253174
12120440,1616839098,0xCcec96A03DDA5C438996701f26Bef600366a137B,1.72734601379824e+19,1.2212436944786807e+19,1.2,0x5f98805A4E8be255a32880FDeC7F6728C6568bA0,4674441942.0,2.9752706932073e+21,0.0,29158434714.0,6642899185.0,635120.0,1689.5406022863165,1.0008583885431506,1.0027151528946785,26.86431041266696,0.9997879101035596,0.9990618961488223,4678.454429408635,2983.349008042414,0.0,29152.250504601143,6641.490293199789,6345.2419148204,29184.212245095463,20633.408071078764
12125440,1616905717,0xCcec96A03DDA5C438996701f26Bef600366a137B,1.7110087925612827e+19,1.2082898973087625e+19,1.2,0x5f98805A4E8be255a32880FDeC7F6728C6568bA0,4675327756.0,2.9766661514801704e+21,0.0,29163677508.0,6644626756.0,635173.0,1709.9517988125983,1.0003626206488117,1.002311364065505,27.47874877798903,1.0017796364913825,0.9981300801179236,4677.023126384288,2983.5463106577067,0.0,29215.578252716146,6656.451776246594,6339.852773787418,29257.425626243374,20661.17483390208
12130440,1616972000,0xCcec96A03DDA5C438996701f26Bef600366a137B,1.748298514383152e+19,1.2342641362376296e+19,1.2,0x5f98805A4E8be255a32880FDeC7F6728C6568bA0,4676207197.0,2.978051957447421e+21,0.0,29168438515.0,6646342021.0,635226.0,1685.3165420226617,1.0005496109683485,1.0025302603219066,26.627951607675588,1.0016201016591786,1.0108693130390909,4678.777291765741,2985.5872041519265,0.0,29215.694350633803,6657.109770735691,6421.3047024456955,29464.364066835704,20801.257660265896
12135440,1617038147,0xCcec96A03DDA5C438996701f26Bef600366a137B,1.6020995122089007e+19,1.1345964209453777e+19,1.2,0x5f98805A4E8be255a32880FDeC7F6728C6568bA0,4677087336.0,2.9794392466852676e+21,0.0,29172628579.0,6648058765.0,635359.0,1800.8040066243527,0.999718622400642,1.0015312017137716,28.556507840262853,1.0078475294969174,0.9993460284213034,4675.771308393409,2984.00136916587,0.0,29401.561642276316,6700.229602255577,6349.4349327173095,28850.672205967097,20431.85780740087
12140440,1617105000,0xCcec96A03DDA5C438996701f26Bef600366a137B,1.5845272827622312e+19,1.1244060989608686e+19,1.2,0x5f98805A4E8be255a32880FDeC7F6728C6568bA0,4677976522.0,2.9808411884807075e+21,0.0,29176999015.0,6649793281.0,635580.0,1835.5211400582584,0.998966275077608,1.004142007569575,28.447545802014456,1.00320518802621,1.019896751901579,4673.140781082844,2993.1878552470957,0.0,29270.51678288362,6671.107118801034,6482.259775736055,29084.33324509145,20638.711646531123
12145440,1617170866,0xCcec96A03DDA5C438996701f26Bef600366a137B,1.5442124220772102e+19,1.1310968219575073e+19,1.07,0x5f98805A4E8be255a32880FDeC7F6728C6568bA0,4678851501.0,2.982221112806096e+21,6.967856485645602e+20,9178546236.0,6651500201.0,635803.0,1831.6105245553936,1.0007653058339308,1.0021245322163403,27.59047346668599,1.0010968161031568,0.9941489375173695,4682.432253349811,2988.5569376365033,19224.64594868809,9188.613413315214,6658.795673530607,6320.828769203561,28283.957244257937,20717.288433885285
12150440,1617238037,0xCcec96A03DDA5C438996701f26Bef600366a137B,1.5524086043883282e+19,1.0753928659164318e+19,1.13,0x5f98805A4E8be255a32880FDeC7F6728C6568bA0,4679745586.0,2.983631561803454e+21,6.967856579609237e+20,9180452365.0,6653244516.0,635972.0,1929.6117761067328,1.0025912070029224,1.0010391551643467,29.721804978698675,1.0002858155722876,0.9963439531389192,4691.871775534339,2986.73201794941,20709.727437868813,9183.07628124656,6655.146116888909,6336.468565656647,29955.459243571364,20750.907380135155
12155440,1617304867,0xCcec96A03DDA5C438996701f26Bef600366a137B,1.5434839609916926e+19,1.0517484125822454e+19,1.15,0x5f98805A4E8be255a32880FDeC7F6728C6568bA0,4680634307.0,2.985033942682511e+21,6.967858495326785e+20,9181738167.0,6654978490.0,636018.0,1962.9949306212,1.0006521585799315,1.0014573496702668,30.32378814913117,1.0020698254833562,0.9971358931420182,4683.686822822832,2989.3841809146147,21129.18648654133,9200.74276263956,6668.75313406979,6341.963764844002,30298.511909218225,20645.76802187842
12160440,1617371305,0xCcec96A03DDA5C438996701f26Bef600366a137B,1.5120482749861388e+19,1.0373597080502766e+19,1.14,0x5f98805A4E8be255a32880FDeC7F6728C6568bA0,4681518831.0,2.98643009207244e+21,6.9678585981592e+20,9183198238.0,6656704398.0,636063.0,2025.36511612326,1.0008094266685104,1.0002301524664277,30.13058304489073,1.0015570180333269,0.9979583200880924,4685.308177190946,2987.117426323944,20994.564213689166,9197.496643260183,6667.069006790212,6347.643629501923,30624.498300512758,21010.321655568394
12165440,1617436953,0xCcec96A03DDA5C438996701f26Bef600366a137B,1.5104446077506707e+19,9.793571214407674e+18,1.2,0x5f98805A4E8be255a32880FDeC7F6728C6568bA0,4682392223.0,2.987809050778815e+21,6.967858702469226e+20,9185023502.0,6658408703.0,636111.0,2114.949361174844,1.000243868957602,1.001024731324342,32.89830667838873,1.000060121095139,0.9954270379197256,4683.534113110507,2990.870752304301,22923.07524855123,9185.575715671817,6658.809013823107,6332.020885181546,31945.13858252269,20712.90718353185
12170440,1617503545,0xCcec96A03DDA5C438996701f26Bef600366a137B,1.4903645651130397e+19,1.0282157890029801e+19,1.13,0x5f98805A4E8be255a32880FDeC7F6728C6568bA0,4683277440.0,2.9892070653011343e+21,6.967858975518981e+20,9188012682.0,6660136203.0,636162.0,2018.40443732274,1.0007160803973445,1.0016203032878346,30.076600909673967,1.0032150175964856,0.9917168607218064,4686.6310431701095,2994.05048733706,20956.95136015741,9217.552304449364,6681.548658087636,6308.925815505058,30081.58451452735,20753.55311048917
12175440,1617569475,0xCcec96A03DDA5C438996701f26Bef600366a137B,1.4869971555467043e+19,1.0019580372458949e+19,1.16,0x5f98805A4E8be255a32880FDeC7F6728C6568bA0,4684156233.0,2.990595320584654e+21,6.967859073924555e+20,9190650214.0,6661851287.0,636297.0,2060.143868421363,1.0011583932131556,1.0010252594663118,30.571767011750392,1.0008541496628007,0.9993235245723866,4689.582327789667,2993.6614567469915,21301.976417873237,9198.500404781207,6667.54150503042,6358.665607148359,30634.280723595508,20641.77706847634
12180440,1617636339,0xCcec96A03DDA5C438996701f26Bef600366a137B,1.4765111159227326e+19,9.787056247471598e+18,1.18,0x5f98805A4E8be255a32880FDeC7F6728C6568bA0,4685046630.0,2.992002299107745e+21,6.967859345491042e+20,9193015358.0,6663589141.0,636434.0,2115.1458280366346,1.002013112487586,1.0021401883411682,31.61089954447851,1.0008602896756622,0.9963708356597512,4694.478155875775,2998.405747545044,22026.030181037313,9200.924014200693,6669.321757940857,6341.24276422278,31230.363268936835,20701.051190599428
12185440,1617702498,0xCcec96A03DDA5C438996701f26Bef600366a137B,1.5023711988387486e+19,9.834153990912426e+18,1.19,0x5f98805A4E8be255a32880FDeC7F6728C6568bA0,4685928246.0,2.9933957894610066e+21,6.967859389720387e+20,9194908153.0,6665309976.0,637070.0,2128.697718985817,0.9985887593732532,1.0024910657814532,32.359549120359844,1.001880442192073,1.0019277960582105,4679.315273685224,3000.852535282479,22547.678818541743,9212.198646243138,6677.843706102115,6382.981410348041,31980.941440380317,20933.941168610552
12190440,1617768330,0xCcec96A03DDA5C438996701f26Bef600366a137B,1.6009394217899192e+19,9.850800278886506e+18,1.22,0x5f98805A4E8be255a32880FDeC7F6728C6568bA0,4686804539.0,2.9947812493232203e+21,9.72253489588987e+20,0.0,6667020541.0,637506.0,2095.996124297606,1.000602308676874,1.000783747765118,34.32575036488213,0.998732638110148,0.9951369992974036,4689.627442040653,2997.128402434395,33373.3305750171,0.0,6658.571013247476,6344.058078740906,33555.62823306921,20647.239205775895
12195440,1617834871,0xCcec96A03DDA5C438996701f26Bef600366a137B,1.5371979659382323e+19,1.0407945487238568e+19,1.11,0x5f98805A4E8be255a32880FDeC7F6728C6568bA0,4687691456.0,2.996183894562008e+21,9.722534970122583e+20,0.0,6668751966.0,637880.0,2001.4047405294525,1.000236115825839,1.0013190895293138,31.539662360584103,1.0010201816822315,0.9989140992075036,4688.798294139412,3000.136129365224,30664.547024663792,0.0,6675.555304599058,6371.8732560248245,30765.552961610098,20830.51143733139
12200440,1617901773,0xCcec96A03DDA5C438996701f26Bef600366a137B,1.536083729246846e+19,1.0077657216112974e+19,1.14,0x5f98805A4E8be255a32880FDeC7F6728C6568bA0,4688582485.0,2.997593437771763e+21,9.722535045853091e+20,0.0,6670491542.0,638015.0,2067.3284358680817,1.0041439413928763,1.0008760667498593,32.54130694416418,1.0005463878486314,1.0251375123715114,4708.011696033506,3000.219529712191,31638.399720249876,0.0,6674.136217522947,6540.531099557098,31755.89573346292,20833.82732980152
12205440,1617968642,0xCcec96A03DDA5C438996701f26Bef600366a137B,1.5206044933167411e+19,9.945364162662324e+18,1.15,0x5f98805A4E8be255a32880FDeC7F6728C6568bA0,4689474604.0,2.999005099342515e+21,9.722535123399047e+20,0.0,6672233368.0,638142.0,2083.276068691217,1.0012081141885587,1.000495320697245,32.65026755429576,0.998094651662779,0.9986928928639957,4695.140024805978,3000.4905686393627,31744.33730850168,0.0,6659.520439246731,6373.078800380159,31678.389508711003,20718.939154493684
12210440,1618034988,0xCcec96A03DDA5C438996701f26Bef600366a137B,1.469945176073225e+19,9.555795605590518e+18,1.15,0x5f98805A4E8be255a32880FDeC7F6728C6568bA0,4690358253.0,3.000403748976891e+21,9.722535742532114e+20,0.0,6673958778.0,638292.0,2170.343184115048,0.9992876728431802,0.9996563240280956,32.80211849649893,0.9998915888598316,1.012224325843524,4687.017183441175,2999.3725823023556,31891.97695129846,0.0,6673.235246519441,6460.946893913146,31902.854939133184,20739.35586138991
12215440,1618100963,0xCcec96A03DDA5C438996701f26Bef600366a137B,1.453918728368044e+19,9.753510296850622e+18,1.12,0x5f98805A4E8be255a32880FDeC7F6728C6568bA0,4691238561.0,3.0017974972177937e+21,9.722536000535318e+20,0.0,6675677787.0,638496.0,2137.123110041667,1.001096099257201,1.0017142979957565,31.896089279220853,1.0005862052699754,0.9798651127274388,4696.380624102066,3006.9434726509407,31011.087629351332,0.0,6679.591104499397,6256.399550160188,31072.033145177404,20844.45225942883
12220440,1618167533,0xCcec96A03DDA5C438996701f26Bef600366a137B,1.536370506489676e+19,9.665241482641156e+18,1.19,0x5f98805A4E8be255a32880FDeC7F6728C6568bA0,4692124916.0,3.003201208678489e+21,9.7225361344737e+20,0.0,6677408724.0,638578.0,2149.3199143543766,1.0010436154704008,1.0004815823853506,34.12407552321904,1.0012284995083716,0.9938741805055552,4697.02169015139,3004.6474974802522,33177.25573300067,0.0,6685.61191733463,6346.661864388764,33021.517254249804,20773.695995684655
12225440,1618233297,0xCcec96A03DDA5C438996701f26Bef600366a137B,1.4885743535084456e+19,9.65449982008043e+18,1.16,0x5f98805A4E8be255a32880FDeC7F6728C6568bA0,4693003248.0,3.0045925992981605e+21,9.72253697186506e+20,0.0,6679124114.0,638630.0,2157.4997803828064,1.0012200374183151,1.0003743493856188,32.87159402845563,1.0010851439345294,1.002373217543258,4698.728887566835,3005.7173666917424,31959.52882657986,0.0,6686.371925020277,6401.456079196509,32115.988407779496,20829.58124152937
12230440,1618299488,0xCcec96A03DDA5C438996701f26Bef600366a137B,1.4725025513256294e+19,9.599338166920698e+18,1.15,0x5f98805A4E8be255a32880FDeC7F6728C6568bA0,4693885934.0,3.005991273604651e+21,9.722537107513244e+20,0.0,6680848127.0,638731.0,2161.9076152301413,1.000925430783739,1.0010312890848234,32.74677120435479,1.0022872615857994,0.9972833430088162,4698.229800538683,3009.0913195941944,31838.169818558566,0.0,6696.128974281447,6369.957869633642,31834.144791566905,20752.882284235202
12235440,1618366083,0xCcec96A03DDA5C438996701f26Bef600366a137B,1.545886895594964e+19,9.06673862600518e+18,1.28,0x5f98805A4E8be255a32880FDeC7F6728C6568bA0,4694775285.0,3.0074009009050826e+21,9.722559091571217e+20,0.0,6682585280.0,638962.0,2299.5092799437075,1.0003699851368748,1.001221767198439,36.37232493560132,0.9983084914541744,1.004777397865042,4696.512282076417,3011.075244678364,35363.207848421305,0.0,6671.281629890672,6420.14575694643,35547.81262163989,20849.049609322974
12240440,1618433284,0xCcec96A03DDA5C438996701f26Bef600366a137B,1.5995703886302527e+19,8.866794300887526e+18,1.35,0x5f98805A4E8be255a32880FDeC7F6728C6568bA0,4695671265.0,3.008821432481957e+21,9.722559291372575e+20,0.0,6684335504.0,639208.0,2363.713216377273,1.0029052965688792,1.0020126606835795,39.42496839875445,1.0047780737711385,0.9988514472070702,4709.313582614789,3014.877169083025,38331.15928173803,0.0,6716.273752149152,6384.73835866337,37809.256681310595,20958.558875906532
12245440,1618500113,0xCcec96A03DDA5C438996701f26Bef600366a137B,1.7199577015069913e+19,8.422465605458567e+18,1.53,0x5f98805A4E8be255a32880FDeC7F6728C6568bA0,4696564372.0,3.0102378067912357e+21,9.722559388149715e+20,0.0,6686080240.0,639626.0,2468.3475686551265,1.0008846888730103,1.0012039355768,43.42039897425358,0.9988401708322406,1.0064983632947244,4700.719370241285,3013.8619391814605,42215.74076843354,0.0,6678.325529119668,6437.825221207514,42454.53410704442,20789.572499315083
12250440,1618567758,0xCcec96A03DDA5C438996701f26Bef600366a137B,1.6666538345097208e+19,1.0772353600653763e+19,1.16,0x5f98805A4E8be255a32880FDeC7F6728C6568bA0,4697466955.0,3.011669613070929e+21,9.72255976640586e+20,0.0,6687843615.0,1140069.0,2389.651970110836,0.9997328035323868,1.0011258912296248,40.90284465404643,1.0005035137788527,0.9804914598187452,4696.211808422894,3015.0604254748127,39768.03517649809,0.0,6691.211036410965,11178.27918104097,39827.22619128934,25742.17600453282
12255440,1618633521,0xCcec96A03DDA5C438996701f26Bef600366a137B,1.6944487598433434e+19,1.0373050761614782e+19,1.23,0x5f98805A4E8be255a32880FDeC7F6728C6568bA0,4698345593.0,3.01306382247964e+21,9.72255983556191e+20,0.0,6689560328.0,1140453.0,2485.350320681277,1.0004850997821289,0.9993972047661922,43.11858700449962,0.9997850394736568,1.000169332176999,4700.62475942353,3011.247561968291,41922.304217612975,0.0,6688.122336590888,11406.461153892553,42112.987686546454,25780.665036822465
12260440,1618700294,0xCcec96A03DDA5C438996701f26Bef600366a137B,1.7107211751357424e+19,1.083272148809957e+19,1.18,0x5f98805A4E8be255a32880FDeC7F6728C6568bA0,4699237792.0,3.0144799448168844e+21,9.722560345567193e+20,0.0,6691303661.0,1140670.0,2382.8107221728646,1.001706962336103,1.0009246249433024,41.50516128092657,1.0020957554476686,0.99746510280374,4707.259213919336,3017.267208164947,40353.64352063075,0.0,6705.326997099545,11377.785188151422,40763.2475876161,25812.324912156044
12265440,1618766888,0xCcec96A03DDA5C438996701f26Bef600366a137B,1.3842752104732582e+19,9.284693982067984e+18,1.12,0x5f98805A4E8be255a32880FDeC7F6728C6568bA0,4700126220.0,3.0158904740119257e+21,7.94858340908634e+20,0.0,6693039747.0,570383.0,2152.991604843253,1.0009759518547383,0.9980090367727228,37.70535972686246,0.999684172211085,0.9805136995012012,4704.7133169019135,3009.885946980672,29970.41967585712,0.0,6690.9258990555845,5592.683454625936,29803.32906941552,19989.868196931042
12270440,1618834525,0xCcec96A03DDA5C438996701f26Bef600366a137B,1.4001144212060635e+19,8.984729289359783e+18,1.17,0x5f98805A4E8be255a32880FDeC7F6728C6568bA0,4701030103.0,3.017325943370469e+21,7.948583798398066e+20,0.0,6694806158.0,570431.0,2245.535659393136,0.999948234016322,0.9990326611138292,39.683426257054414,1.0054234868013796,0.9985403750348488,4700.786749552419,3014.407166653195,31542.70390117471,0.0,6731.115350835708,5695.983846715038,31440.068600487968,20175.530009251343
12275440,1618900580,0xCcec96A03DDA5C438996701f26Bef600366a137B,1.3537498797358342e+19,9.50912140210092e+18,1.07,0x5f98805A4E8be255a32880FDeC7F6728C6568bA0,4701912868.0,3.018728269063911e+21,7.948593480587734e+20,0.0,6696531424.0,570479.0,2120.412670977443,0.9877301582948336,1.001994963443524,34.49765569380764,0.9995536637442486,0.9986832087395416,4644.221141398155,3024.7505216066256,27420.784114335973,0.0,6693.54251923769,5697.27798238525,28705.083983260527,20163.261510877583
12280440,1618966440,0xCcec96A03DDA5C438996701f26Bef600366a137B,1.3286762257857257e+19,8.692405737648622e+18,1.15,0x5f98805A4E8be255a32880FDeC7F6728C6568bA0,4702793621.0,3.020127783205251e+21,7.948595772235764e+20,0.0,6698252875.0,570530.0,2298.195928817752,0.99009219963854,0.9999954636475864,38.06309537472528,0.9959017982588834,1.0127392564229645,4656.199280661985,3020.114082841292,30254.8158973748,0.0,6670.802083405236,5777.98127966994,30535.582928176907,19976.85147789613
12285440,1619033481,0xCcec96A03DDA5C438996701f26Bef600366a137B,1.2477870524630958e+19,8.316837573597395e+18,1.13,0x5f98805A4E8be255a32880FDeC7F6728C6568bA0,4703689566.0,3.021551835202752e+21,7.948595824763678e+20,0.0,6700004144.0,570606.0,2412.5890780419577,0.9996572990302224,0.9995900689791548,37.77927479555776,0.999958627872639,0.996945578749865,4702.077607024199,3020.313207374411,30029.218590257005,0.0,6699.726950575236,5688.631289081455,30103.97414494632,20065.11149391005
12290440,1619100103,0xCcec96A03DDA5C438996701f26Bef600366a137B,1.2079627970545875e+19,7.87639722481304e+18,1.15,0x5f98805A4E8be255a32880FDeC7F6728C6568bA0,4704580895.0,3.022968945578905e+21,7.948595876160138e+20,0.0,6701746513.0,570779.0,2556.121281724239,1.0006327850266878,0.9973530246595276,38.75071526642308,1.001435564656723,0.986778023045958,4707.557883347198,3014.9672213249437,30801.377556494615,0.0,6711.367303432379,5632.321732161488,30876.99413082369,20133.02656965835
12295440,1619167313,0xCcec96A03DDA5C438996701f26Bef600366a137B,1.1557259070971863e+19,9.2270123161643e+18,0.94,0x5f98805A4E8be255a32880FDeC7F6728C6568bA0,4705479642.0,3.024398250588775e+21,7.948596334839592e+20,0.0,6703503507.0,570966.0,2159.999004723324,1.0000173068630371,1.0006496756359216,32.015833559823406,0.9979426113778778,0.9850947058601112,4705.561079091688,3026.3631284455064,25448.093729044675,0.0,6689.711795156342,5624.555838261243,24963.668090628835,19930.337419484742
12300440,1619234124,0xCcec96A03DDA5C438996701f26Bef600366a137B,1.0382829742500848e+19,7.538712246263338e+18,1.03,0x5f98805A4E8be255a32880FDeC7F6728C6568bA0,4706372822.0,3.0258190999291025e+21,7.020667158112934e+20,0.0,6705249741.0,285555.0,2311.528036130452,0.9972943113762002,1.001404533501369,33.66611588023138,1.0010149018886,0.9979376668609236,4693.638842596154,3030.068964224035,23635.859410156478,0.0,6712.054911625676,2849.6609046047106,24000.202044159832,17425.944713557685
12305440,1619300405,0xCcec96A03DDA5C438996701f26Bef600366a137B,8.357220327543951e+18,6.133017569479959e+18,1.02,0x5f98805A4E8be255a32880FDeC7F6728C6568bA0,4707260056.0,3.0272308848153403e+21,5.905424075904706e+20,0.0,3410420811.0,285579.0,2274.201023375358,1.000725841227763,1.000758287545684,32.56581403879431,1.0001805272422848,0.9963761958768492,4710.676779418447,3029.5263962932054,19231.494227613137,0.0,3411.0364848640406,2845.441176423147,19005.9990214738,13947.714832890373
12310440,1619366766,0xCcec96A03DDA5C438996701f26Bef600366a137B,7.227167396972938e+18,4.978501353972614e+18,1.09,0x5f98805A4E8be255a32880FDeC7F6728C6568bA0,2354075335.0,3.0286443078155853e+21,5.089554504092711e+20,0.0,3411303743.0,285602.0,2331.736041917009,1.0012790669317806,1.0000328364286204,33.10937219925266,0.9990838194805444,0.990350896802586,2357.086354915919,3028.7437576782154,16851.195440438838,0.0,3408.1783729647173,2828.4619682861216,16851.846700489332,11608.551041790575
12315440,1619433969,0xCcec96A03DDA5C438996701f26Bef600366a137B,7.158364100582899e+18,4.708979544622083e+18,1.14,0x5f98805A4E8be255a32880FDeC7F6728C6568bA0,2354524796.0,3.030075483956442e+21,5.0895550120735946e+20,0.0,3412197578.0,285666.0,2498.1928575352104,1.0035313018756096,1.0006249606851056,34.7769969904765,1.0003312274492986,1.0093631919409587,2362.839333828284,3031.9691620068174,17699.943933774797,0.0,3413.3277915002636,2883.407455890059,17882.974067712657,11763.939064654294
12320440,1619500710,0xCcec96A03DDA5C438996701f26Bef600366a137B,7.14897288128454e+18,4.64392672920571e+18,1.15,0x5f98805A4E8be255a32880FDeC7F6728C6568bA0,2354971410.0,3.031497995839638e+21,5.089555500333593e+20,0.0,3413085815.0,285761.0,2516.379098390173,1.000245887074218,1.0006762311227764,35.09170981578309,0.9993984897298122,0.998704922738956,2355.550467029872,3033.5479891330588,17860.120470902915,0.0,3411.032808829245,2853.909174268068,17989.52593342259,11685.880155828689
12325440,1619566303,0xCcec96A03DDA5C438996701f26Bef600366a137B,7.088188630042701e+18,4.437112166023148e+18,1.2,0x5f98805A4E8be255a32880FDeC7F6728C6568bA0,2355410891.0,3.032898176926191e+21,5.089555724030977e+20,0.0,3413959928.0,285816.0,2637.1896091569847,0.9976457553819392,0.9994078916507344,36.676554100192114,0.998855251160748,0.9989939812885432,2349.8656775865416,3031.1023725931605,18666.736585836457,0.0,3410.0518013351693,2855.2846375596628,18692.897402893293,11701.506098900287
12330440,1619632873,0xCcec96A03DDA5C438996701f26Bef600366a137B,6.729824465924599e+18,4.29699816589003e+18,1.17,0x5f98805A4E8be255a32880FDeC7F6728C6568bA0,2355856943.0,3.0343196862310756e+21,5.089556113449342e+20,0.0,3414847173.0,285867.0,2735.3022631361314,1.0006905726908102,1.0030564977453875,36.07667137665726,1.0020509235917734,0.9998075508227996,2357.4838334682913,3043.5940775108256,18361.424335796884,0.0,3421.8507636294066,2858.1198513106124,18408.10409215246,11753.588807850805
12335440,1619700538,0xCcec96A03DDA5C438996701f26Bef600366a137B,6.799463563641412e+18,4.1848887073799424e+18,1.22,0x5f98805A4E8be255a32880FDeC7F6728C6568bA0,2356309577.0,3.0357625744461555e+21,5.089556149067636e+20,0.0,3415747572.0,285914.0,2763.74534890364,0.9998415087264724,1.000510319071674,37.2460763946509,1.001781964038479,0.9943143938174712,2355.936122494316,3037.3117819849695,18956.59971430384,0.0,3421.8343113378264,2842.8840559392847,18791.985799053724,11565.966700700683
12340440,1619766612,0xCcec96A03DDA5C438996701f26Bef600366a137B,6.877252582289792e+18,4.1985661399539026e+18,1.23,0x5f98805A4E8be255a32880FDeC7F6728C6568bA0,2356752349.0,3.037174422530434e+21,5.089556522611425e+20,0.0,3416628417.0,285993.0,2790.097903419303,1.0017862030469424,1.0026246795180451,37.68999511253761,1.002246558439089,0.9989776056291204,2360.9619872266726,3045.14603202998,19182.536046220852,0.0,3424.304072403442,2857.00602366689,19188.208011131734,11714.410584452658
12345440,1619833772,0xCcec96A03DDA5C438996701f26Bef600366a137B,7.023027296855763e+18,4.231935551333148e+18,1.24,0x5f98805A4E8be255a32880FDeC7F6728C6568bA0,2357201544.0,3.0386071462797776e+21,5.089556566017566e+20,0.0,3417522101.0,286082.0,2764.329412655339,0.9966005132228468,1.007334378285741,38.40097398465294,1.006976992695778,1.008520094444847,2349.188268520087,3060.893440552349,19544.392928506015,0.0,3441.3661277363367,2885.194456589707,19413.960922579707,11698.46391701201
12350440,1619900470,0xCcec96A03DDA5C438996701f26Bef600366a137B,7.073401013648863e+18,3.9933658256527124e+18,1.33,0x5f98805A4E8be255a32880FDeC7F6728C6568bA0,2357649007.0,3.0400347501165103e+21,5.089556706562925e+20,0.0,3418412405.0,286134.0,2928.449934306077,1.000196723043417,1.0016031062336186,40.86249614852696,0.9983505888074602,1.0039175575790669,2358.112810887966,3044.908248774839,20797.19913196371,0.0,3412.774037318476,2872.5494642032872,20714.10073374055,11694.371889792817
12355440,1619967714,0xCcec96A03DDA5C438996701f26Bef600366a137B,6.879941091762901e+18,3.993088630503892e+18,1.29,0x5f98805A4E8be255a32880FDeC7F6728C6568bA0,2358099384.0,3.0414720522687406e+21,5.089557065383295e+20,0.0,3419308569.0,286185.0,2911.2136202136257,1.0021666476194586,1.0020220107309077,39.47304550952459,0.9997382180239538,0.993180463140216,2363.2085544167903,3047.621941396184,20090.03176651972,0.0,3418.4134556460954,2842.3335084378273,20028.97821260756,11624.734007843104
12360440,1620034654,0xCcec96A03DDA5C438996701f26Bef600366a137B,6.578257944139709e+18,3.694504255396711e+18,1.34,0x5f98805A4E8be255a32880FDeC7F6728C6568bA0,2358548849.0,3.042906844009799e+21,5.089557334241133e+20,0.0,3420202980.0,286227.0,3161.3779525461955,0.9964541442682392,0.9999350407614632,40.66762713578171,0.9970119370702772,1.0174013659209689,2350.1857750451354,3042.7091790982736,20698.02199551015,0.0,3409.9831982633345,2912.0774076346115,20796.35963076514,11679.724298599262
12365440,1620099807,0xCcec96A03DDA5C438996701f26Bef600366a137B,6.225179463878016e+18,3.602093807400076e+18,1.3,0x5f98805A4E8be255a32880FDeC7F6728C6568bA0,2358985531.0,3.0443012181384684e+21,5.089558717937066e+20,0.0,3421072017.0,286358.0,3258.7840654929155,1.0022644721771108,1.002922047076859,39.20816753611434,1.001960587882988,0.9943905909314776,2364.3273881011564,3053.196809614008,19955.22708977678,0.0,3427.7793293433597,2847.5170083795606,20286.51564171941,11738.445901966074
12370440,1620166796,0xCcec96A03DDA5C438996701f26Bef600366a137B,7.164884182791788e+18,3.5364967878247624e+18,1.52,0x5f98805A4E8be255a32880FDeC7F6728C6568bA0,2359434816.0,3.0457362289928537e+21,5.089560201806598e+20,0.0,3421966195.0,286426.0,3320.0817804325707,1.0041475368445705,0.9984697221561843,46.95036367646437,0.9995735151628746,0.9902210311245228,2369.220658831722,3041.0754063235195,23895.670242807915,0.0,3420.506778304677,2836.2504906087256,23788.00143419652,11741.458551815304
12375440,1620234050,0xCcec96A03DDA5C438996701f26Bef600366a137B,7.242446186887705e+18,3.4143811668213294e+18,1.59,0x5f98805A4E8be255a32880FDeC7F6728C6568bA0,2359885755.0,3.0471769311076197e+21,5.089561621053232e+20,0.0,3422863732.0,286510.0,3421.8922742319105,1.0030568461369562,1.008055361740693,48.38729675687364,0.9989038695548156,1.0081554921114828,2367.0995626538297,3071.7230435755864,24627.012852029762,0.0,3419.111826853637,2888.466300448609,24782.870653451395,11683.644536028844
12380440,1620300226,0xCcec96A03DDA5C438996701f26Bef600366a137B,7.043954296491624e+18,3.3580303166907023e+18,1.57,0x5f98805A4E8be255a32880FDeC7F6728C6568bA0,2360329770.0,3.0485959046847665e+21,5.089562352872382e+20,0.0,3423747548.0,286590.0,3500.0774938892755,1.0006416396251332,0.999307280426414,48.07562794467687,0.9994289116462826,1.0049107343648664,2361.8442511088133,3046.484082629637,24468.390607792684,0.0,3421.7922856492683,2879.973673616271,24654.385901135,11753.366335247003
12385440,1620366801,0xCcec96A03DDA5C438996701f26Bef600366a137B,6.992859522871088e+18,3.438639219751054e+18,1.53,0x5f98805A4E8be255a32880FDeC7F6728C6568bA0,2360776365.0,3.0500235192058836e+21,5.089562418252246e+20,0.0,3424636561.0,286674.0,3410.8940349981326,1.0004164642286817,1.0024958408085227,46.84610630360467,0.999583652739359,1.001331079102184,2361.75954390794,3057.635892372072,23842.618208427597,0.0,3423.2107229491367,2870.555857705395,23851.90283414088,11728.834003159503
12390440,1620434185,0xCcec96A03DDA5C438996701f26Bef600366a137B,7.183912996402792e+18,3.3328234635661056e+18,1.62,0x5f98805A4E8be255a32880FDeC7F6728C6568bA0,2361228380.0,3.0514688655686107e+21,5.089562937160786e+20,0.0,3425536428.0,286736.0,3496.375213646932,1.0020523355716864,1.0025318213735128,49.27979597000365,0.9997174551313716,1.0111138873829375,2366.0744129971495,3059.1946396630665,25081.262311977604,0.0,3424.5685602599688,2899.2275161263397,25117.655337618784,11652.801349473451
12395440,1620500540,0xCcec96A03DDA5C438996701f26Bef600366a137B,6.384059986992888e+18,3.0619732027111967e+18,1.56,0x5f98805A4E8be255a32880FDeC7F6728C6568bA0,2361674030.0,3.052894259084147e+21,5.089563062200305e+20,0.0,3426423687.0,286768.0,3820.6935111271937,1.0017812506758514,1.0017751403633022,47.72976842701903,0.9998729210391728,1.010389310825403,2365.8807634620784,3058.313574908341,24292.366635353043,0.0,3425.988260638502,2897.4732188677913,24391.536566950483,11698.861146844021
12400440,1620567290,0xCcec96A03DDA5C438996701f26Bef600366a137B,6.472864722288336e+18,3.893297668669297e+18,1.25,0x5f98805A4E8be255a32880FDeC7F6728C6568bA0,2362121799.0,3.054326827373992e+21,5.089566384827495e+20,0.0,3427315227.0,586791.0,3779.040386439156,0.9888261229659628,0.9940165856284298,48.774310184063225,1.0014358097299825,0.9883696483407646,2335.7277404785555,3036.05152433961,24824.008955595753,0.0,3432.236199550644,5799.664143195256,24461.217201484895,14712.929126330686
12405440,1620633191,0xCcec96A03DDA5C438996701f26Bef600366a137B,6.395899756083963e+18,3.5759931198382976e+18,1.34,0x5f98805A4E8be255a32880FDeC7F6728C6568bA0,2362564501.0,3.0557435808118473e+21,5.089568192864438e+20,0.0,3428196742.0,586932.0,4111.228172981229,1.0003203322226446,1.0001628571216332,51.49468884090045,0.9950615184870056,1.0071115434969198,2363.3213065377463,3056.2412304158674,26208.573042609827,0.0,3411.2666557667258,5911.059924477341,26295.00326877616,14701.72366066625
12410440,1620700491,0xCcec96A03DDA5C438996701f26Bef600366a137B,6.065726738296391e+18,3.7763770373033743e+18,1.2,0x5f98805A4E8be255a32880FDeC7F6728C6568bA0,2363016731.0,3.0571912258172685e+21,5.089570270915621e+20,0.0,3429097290.0,587231.0,3914.673132347198,0.9998874569024954,0.9989214359000508,46.83521461995352,0.995310088617717,0.9905903772720244,2362.750789777638,3053.893849114422,23837.111596166807,0.0,3413.0151275886733,5817.053778358282,23745.337490568887,14783.281725544432
12415440,1620767271,0xCcec96A03DDA5C438996701f26Bef600366a137B,5.984164752757834e+18,3.5705662181052897e+18,1.26,0x5f98805A4E8be255a32880FDeC7F6728C6568bA0,2363464969.0,3.0586264963314693e+21,5.0895703118591354e+20,0.0,3429989954.0,587663.0,4112.617989922159,1.000877345494856,1.00171069579995,48.660116497688165,1.0003223547794164,0.9958357436110338,2365.538544342802,3063.8588758323594,24765.90842982406,0.0,3431.0956276550223,5852.15820597691,24610.583616849955,14684.374862788141
12420440,1620834357,0xCcec96A03DDA5C438996701f26Bef600366a137B,5.666702180364562e+18,3.496775966412654e+18,1.22,0x5f98805A4E8be255a32880FDeC7F6728C6568bA0,2363916310.0,3.0600721043859513e+21,5.0895703504172476e+20,0.0,3430888858.0,587953.0,4276.6871284048575,0.9985716407690792,0.9985873004550956,46.7995787264445,0.9958648908885545,0.9830925796110538,2360.5397883174874,3055.7491419167104,23818.97482981297,0.0,3416.701758222927,5780.122314600579,24234.712275268867,14954.616766472453
12425440,1620900787,0xCcec96A03DDA5C438996701f26Bef600366a137B,5.624410524804399e+18,3.8818292095844736e+18,1.09,0x5f98805A4E8be255a32880FDeC7F6728C6568bA0,2364362420.0,3.061501360662474e+21,5.089571176440327e+20,0.0,3431777410.0,588212.0,3777.942429516245,1.0007223159848395,1.0021448481714137,40.82282347796001,0.992979274643786,0.9837487099199572,2366.0702367699196,3068.0678162576714,20777.066571433672,0.0,3407.683843320731,5786.527961594378,21248.69916267627,14665.32727502469
12430440,1620967405,0xCcec96A03DDA5C438996701f26Bef600366a137B,5.86366296006289e+18,3.8995646383517384e+18,1.13,0x5f98805A4E8be255a32880FDeC7F6728C6568bA0,2364810491.0,3.0629372946036016e+21,5.0895743312428794e+20,0.0,3432669928.0,588385.0,3825.648484253086,0.9998286855311684,1.001657970110593,43.40858272533025,1.0029008195716504,0.9880361202535548,2364.405364746847,3068.0155530886746,22093.12083944739,0.0,3442.627484110158,5813.456326153879,22432.31331533556,14918.36354795726
12435440,1621033683,0xCcec96A03DDA5C438996701f26Bef600366a137B,5.806410383540572e+18,3.614339673332815e+18,1.2,0x5f98805A4E8be255a32880FDeC7F6728C6568bA0,2365256091.0,3.0643657102072674e+21,5.089574370752625e+20,0.0,3433557588.0,588612.0,4048.657773008151,1.0015435898296745,1.0012519297364522,46.4243714959123,0.9993021747352956,0.9950251464082084,2368.9070762466436,3068.2020807632402,23628.02913438939,0.0,3431.161564767276,5856.837414776283,23508.168532596777,14633.224412730642
12440440,1621100827,0xCcec96A03DDA5C438996701f26Bef600366a137B,5.801213422923508e+18,3.9266051597457116e+18,1.11,0x5f98805A4E8be255a32880FDeC7F6728C6568bA0,2365707202.0,3.0658121940055706e+21,5.089576721126956e+20,0.0,3434456289.0,588797.0,3765.7343752062575,0.999360493836976,0.9976121359774488,42.803017164467136,1.002104316733769,0.9959920879949626,2364.194317664411,3058.4914513676063,21784.923975426947,0.0,3441.6834728403414,5864.371534351701,21845.82880461101,14786.552027916685
12445440,1621167714,0xCcec96A03DDA5C438996701f26Bef600366a137B,5.863192549801159e+18,3.888395615280953e+18,1.13,0x5f98805A4E8be255a32880FDeC7F6728C6568bA0,2366156751.0,3.0672540736694995e+21,5.089576865982068e+20,0.0,3435351942.0,588911.0,3784.794962732009,0.999322207440603,1.001402778523638,43.616077641600434,0.9970206775846304,0.99652926232659,2364.552987559805,3071.556751810584,22198.73797495673,0.0,3425.116920954516,5868.670444060144,22190.98162801527,14716.780137824582
12450440,1621235050,0xCcec96A03DDA5C438996701f26Bef600366a137B,5.728256582464513e+18,4.3337834748349164e+18,0.99,0x5f98805A4E8be255a32880FDeC7F6728C6568bA0,2366610320.0,3.068709257933071e+21,5.089578144909724e+20,0.0,3436255670.0,588985.0,3399.279914133705,1.048743622532556,1.019869892289936,38.18327726222152,1.001604101012771,0.9958537428455164,2481.967480119731,3129.68418035733,19433.677345483105,0.0,3441.767771200387,5865.429167298666,19471.9475437758,14731.743118210905
12455440,1621301636,0xCcec96A03DDA5C438996701f26Bef600366a137B,5.748511241475751e+18,4.353209991904129e+18,0.99,0x5f98805A4E8be255a32880FDeC7F6728C6568bA0,2367057955.0,3.0701458034695183e+21,5.0895807746082944e+20,0.0,3437147636.0,589068.0,3368.732291418753,0.999699512670027,0.9994763273479728,38.792799399648615,1.000342249204747,0.9935774403161104,2366.3466840752108,3068.5380520745052,19743.908601768777,0.0,3438.323997045019,5852.846756121306,19365.195446743066,14664.799071054209
12460440,1621368109,0xCcec96A03DDA5C438996701f26Bef600366a137B,5.365106904413359e+18,3.482335846070238e+18,1.16,0x5f98805A4E8be255a32880FDeC7F6728C6568bA0,2367505251.0,3.0715816593174267e+21,4.250526991801874e+20,0.0,3438038989.0,294581.0,3355.172253583957,1.0022149558154947,1.002014691630002,43.22907409751305,0.9945420397507696,0.9926021987967776,2372.7491705239167,3077.769949177321,18374.634628208245,0.0,3419.274308862734,2924.017483237535,18000.857823199418,11683.836608395677
12465440,1621435520,0xCcec96A03DDA5C438996701f26Bef600366a137B,5.176637027447794e+18,4.915594461711068e+18,0.79,0x5f98805A4E8be255a32880FDeC7F6728C6568bA0,2367958736.0,3.0730377911767647e+21,4.250538253685266e+20,0.0,3438942739.0,294652.0,2485.578939767486,1.0412332893962353,1.0238181325368287,30.12249123459726,1.0361937546193278,0.9948062993470334,2465.5974638398316,3146.231812577696,12803.680128895478,0.0,3563.410988645285,2931.2166571520206,12866.939974244799,12218.098070466724
12470440,1621502540,0xCcec96A03DDA5C438996701f26Bef600366a137B,4.680135940849335e+18,4.4889142951198295e+18,0.78,0x5f98805A4E8be255a32880FDeC7F6728C6568bA0,2368410053.0,3.074487367527918e+21,4.250543009458091e+20,0.0,3439842233.0,294680.0,2621.349489882511,1.0061990845183044,1.0064460216835618,28.82815763043164,0.9928900567687792,0.9928560265800164,2383.092027092549,3094.30557976484,12253.532389158712,0.0,3415.385149999014,2925.7481391259926,12268.271961126211,11767.013197638677
12475440,1621569257,0xCcec96A03DDA5C438996701f26Bef600366a137B,3.9518334683147766e+18,3.607062356243972e+18,0.82,0x5f98805A4E8be255a32880FDeC7F6728C6568bA0,2368859287.0,3.0759306597140686e+21,3.62553529195219e+20,0.0,1720406448.0,294709.0,2841.530159384846,0.9998247041488146,0.996726530982898,30.329429342402225,0.9978191216261332,0.9998331398730184,2368.444035794947,3065.8616960007403,10996.041646564956,0.0,1716.6544507832957,2946.598248188374,11229.253985082854,10249.576472049011
12480440,1621636716,0xCcec96A03DDA5C438996701f26Bef600366a137B,3.2159923082760125e+18,3.5562905786520105e+18,0.68,0x5f98805A4E8be255a32880FDeC7F6728C6568bA0,2369313314.0,1.5387061044797647e+21,3.0570269089154793e+20,0.0,1720858970.0,294744.0,2412.4484167687388,0.9941512118683106,1.0014957534647495,25.016334311313983,1.009075300072542,1.0125468650244125,2355.455702408823,1541.0076294667715,7647.560715211243,0.0,1736.4762815352758,2984.4211318475545,7758.415552440908,8579.367576038625
12485440,1621704367,0xCcec96A03DDA5C438996701f26Bef600366a137B,2.5192351018243584e+18,3.0428731145143316e+18,0.62,0x5f98805A4E8be255a32880FDeC7F6728C6568bA0,2369769362.0,1.5394391373802821e+21,2.4015976443575507e+20,0.0,1721313539.0,147384.0,2317.83160866519,1.0012766167713345,1.0010940507738906,24.727140109699928,0.99792346123959,0.9961943845715426,2372.794649311724,1541.1233619598904,5938.464143915446,0.0,1717.739164717448,1468.2311317569224,5839.162748667366,7052.86748597881
12490440,1621771828,0xCcec96A03DDA5C438996701f26Bef600366a137B,1.3499717617536594e+18,2.4307222547443676e+18,0.42,0x5f98805A4E8be255a32880FDeC7F6728C6568bA0,1185112197.0,1.5401701468582954e+21,1.4680292021410474e+20,0.0,860890988.0,147401.0,2134.6843596632925,0.994267782846672,1.0012455279046264,19.42797807721964,1.0009534202848993,1.000072133669769,1178.3188765357384,1542.0884717540798,2852.0839155914514,0.0,861.7117789310462,1474.1163257505764,2881.763605802637,5188.824779888295
12493991,1621818506,0xCcec96A03DDA5C438996701f26Bef600366a137B,0.0,1.2175596908834483e+18,0.0,0x5f98805A4E8be255a32880FDeC7F6728C6568bA0,592637050.0,7.703392038842314e+20,2.003891705367779e+19,0.0,861047760.0,73722.0,2159.3523975194007,1.0260039968275083,0.9947652461322052,20.40840074806353,0.9968969652886348,1.0069703260205984,608.0479819680639,766.3066677571845,408.96224978866087,0.0,858.3758989125768,742.3586637489057,0.0,2629.1404376321543
